1,7,1,2,128,10,1420,1548,7,0,7,1,0,1,,18309,23033,4979,6658,426112,31940,4535480,4961592
1,7,1,2,128,10,1420,1548,7,0,7,1,0,1,,1,0.794902965,3.677244427,2.749924902,0.042967577,0.573231058,0.004036838,0.003690146
1,7,1,2,128,10,1420,1548,7,0,7,1,0,1,,,,,,,,,
1,7,1,2,128,10,1420,1548,7,0,7,1,0,1,,,,,,,,,
2,7,1,2,128,10,1420,1548,7,0,7,2,0,2,,,,,,,,,
2,7,1,2,128,10,1420,1548,7,0,7,2,0,2,,,,,,,,,
2,7,1,2,128,10,1420,1548,7,0,7,2,0,2,,,,,,,,,
2,7,1,2,128,10,1420,1548,7,0,7,2,0,2,,,,,,,,,
2,7,1,2,128,10,1420,1548,7,0,7,2,0,2,,,,,,,,,
2,7,1,2,128,10,1420,1548,7,0,7,2,0,2,,,,,,,,,
3,7,1,2,128,10,1420,1548,7,0,7,3,0,3,,,,,,,,,
3,7,1,2,128,10,1420,1548,7,0,7,3,0,3,,,,,,,,,
3,7,1,2,128,10,1420,1548,7,0,7,3,0,3,,,,,,,,,
3,7,1,2,128,10,1420,1548,7,0,7,3,0,3,,,,,,,,,
3,7,1,2,128,10,1420,1548,7,0,7,3,0,3,,,,,,,,,
3,7,1,2,128,10,1420,1548,7,0,7,3,0,3,,,,,,,,,
4,7,1,2,128,10,1420,1548,7,0,7,4,0,4,,,,,,,,,
4,7,1,2,128,10,1420,1548,7,0,7,4,0,4,,,,,,,,,
4,7,1,2,128,10,1420,1548,7,0,7,4,0,4,,,,,,,,,
4,7,1,2,128,10,1420,1548,7,0,7,4,0,4,,,,,,,,,
4,7,1,2,128,10,1420,1548,7,0,7,4,0,4,,,,,,,,,
4,7,1,2,128,10,1420,1548,7,0,7,4,0,4,,,,,,,,,
3,7,1,2,128,10,1420,1548,7,0,7,3,0,3,,,,,,,,,
3,7,1,2,128,10,1420,1548,7,0,7,3,0,3,,,,,,,,,
3,7,1,2,128,10,1420,1548,7,0,7,3,0,3,,,,,,,,,
3,7,1,2,128,10,1420,1548,7,0,7,3,0,3,,,,,,,,,
3,7,1,2,128,10,1420,1548,7,0,7,3,0,3,,,,,,,,,
3,7,1,2,128,10,1420,1548,7,0,7,3,0,3,,,,,,,,,
1,7,1,2,128,10,1420,1548,7,0,7,1,0,1,,,,,,,,,
1,7,1,2,128,10,1420,1548,7,0,7,1,0,1,,,,,,,,,
1,7,1,2,128,10,1420,1548,7,0,7,1,0,1,,,,,,,,,
1,7,1,2,128,10,1420,1548,7,0,7,1,0,1,,,,,,,,,
1,7,1,2,128,10,1420,1548,7,0,7,1,0,1,,,,,,,,,
1,7,1,2,128,10,1420,1548,7,0,7,1,0,1,,,,,,,,,
5,7,1,2,128,10,1420,1548,7,0,7,5,0,5,,,,,,,,,
5,7,1,2,128,10,1420,1548,7,0,7,5,0,5,,,,,,,,,
5,7,1,2,128,10,1420,1548,7,0,7,5,0,5,,,,,,,,,
5,7,1,2,128,10,1420,1548,7,0,7,5,0,5,,,,,,,,,
5,7,1,2,128,10,1420,1548,7,0,7,5,0,5,,,,,,,,,
5,7,1,2,128,10,1420,1548,7,0,7,5,0,5,,,,,,,,,
2,7,1,2,128,10,1420,1548,7,0,7,2,0,2,,,,,,,,,
2,7,1,2,128,10,1420,1548,7,0,7,2,0,2,,,,,,,,,
2,7,1,2,128,10,1420,1548,7,0,7,2,0,2,,,,,,,,,
2,7,1,2,128,10,1420,1548,7,0,7,2,0,2,,,,,,,,,
2,7,1,2,128,10,1420,1548,7,0,7,2,0,2,,,,,,,,,
2,7,1,2,128,10,1420,1548,7,0,7,2,0,2,,,,,,,,,
3,7,1,2,128,10,1420,1548,7,0,7,3,0,3,,,,,,,,,
3,7,1,2,128,10,1420,1548,7,0,7,3,0,3,,,,,,,,,
3,7,1,2,128,10,1420,1548,7,0,7,3,0,3,,,,,,,,,
3,7,1,2,128,10,1420,1548,7,0,7,3,0,3,,,,,,,,,
3,7,1,2,128,10,1420,1548,7,0,7,3,0,3,,,,,,,,,
3,7,1,2,128,10,1420,1548,7,0,7,3,0,3,,,,,,,,,
1,7,1,2,128,10,1420,1548,7,0,7,1,0,1,,,,,,,,,
1,7,1,2,128,10,1420,1548,7,0,7,1,0,1,,,,,,,,,
1,7,1,2,128,10,1420,1548,7,0,7,1,0,1,,,,,,,,,
1,7,1,2,128,10,1420,1548,7,0,7,1,0,1,,,,,,,,,
1,7,1,2,128,10,1420,1548,7,0,7,1,0,1,,,,,,,,,
1,7,1,2,128,10,1420,1548,7,0,7,1,0,1,,,,,,,,,
5,7,1,2,128,10,1420,1548,7,0,7,5,0,5,,,,,,,,,
5,7,1,2,128,10,1420,1548,7,0,7,5,0,5,,,,,,,,,
5,7,1,2,128,10,1420,1548,7,0,7,5,0,5,,,,,,,,,
5,7,1,2,128,10,1420,1548,7,0,7,5,0,5,,,,,,,,,
5,7,1,2,128,10,1420,1548,7,0,7,5,0,5,,,,,,,,,
5,7,1,2,128,10,1420,1548,7,0,7,5,0,5,,,,,,,,,
2,7,1,2,128,10,1420,1548,7,0,7,2,0,2,,,,,,,,,
2,7,1,2,128,10,1420,1548,7,0,7,2,0,2,,,,,,,,,
2,7,1,2,128,10,1420,1548,7,0,7,2,0,2,,,,,,,,,
2,7,1,2,128,10,1420,1548,7,0,7,2,0,2,,,,,,,,,
2,7,1,2,128,10,1420,1548,7,0,7,2,0,2,,,,,,,,,
2,7,1,2,128,10,1420,1548,7,0,7,2,0,2,,,,,,,,,
4,7,1,2,128,10,1420,1548,7,0,7,4,0,4,,,,,,,,,
4,7,1,2,128,10,1420,1548,7,0,7,4,0,4,,,,,,,,,
4,7,1,2,128,10,1420,1548,7,0,7,4,0,4,,,,,,,,,
4,7,1,2,128,10,1420,1548,7,0,7,4,0,4,,,,,,,,,
4,7,1,2,128,10,1420,1548,7,0,7,4,0,4,,,,,,,,,
4,7,1,2,128,10,1420,1548,7,0,7,4,0,4,,,,,,,,,
2,7,1,2,128,10,1420,1548,7,0,7,2,0,2,,,,,,,,,
2,7,1,2,128,10,1420,1548,7,0,7,2,0,2,,,,,,,,,
2,7,1,2,128,10,1420,1548,7,0,7,2,0,2,,,,,,,,,
2,7,1,2,128,10,1420,1548,7,0,7,2,0,2,,,,,,,,,
2,7,1,2,128,10,1420,1548,7,0,7,2,0,2,,,,,,,,,
2,7,1,2,128,10,1420,1548,7,0,7,2,0,2,,,,,,,,,
3,7,1,2,128,10,1420,1548,7,0,7,3,0,3,,,,,,,,,
3,7,1,2,128,10,1420,1548,7,0,7,3,0,3,,,,,,,,,
3,7,1,2,128,10,1420,1548,7,0,7,3,0,3,,,,,,,,,
3,7,1,2,128,10,1420,1548,7,0,7,3,0,3,,,,,,,,,
3,7,1,2,128,10,1420,1548,7,0,7,3,0,3,,,,,,,,,
3,7,1,2,128,10,1420,1548,7,0,7,3,0,3,,,,,,,,,
4,7,1,2,128,10,1420,1548,7,0,7,4,0,4,,,,,,,,,
4,7,1,2,128,10,1420,1548,7,0,7,4,0,4,,,,,,,,,
4,7,1,2,128,10,1420,1548,7,0,7,4,0,4,,,,,,,,,
4,7,1,2,128,10,1420,1548,7,0,7,4,0,4,,,,,,,,,
4,7,1,2,128,10,1420,1548,7,0,7,4,0,4,,,,,,,,,
4,7,1,2,128,10,1420,1548,7,0,7,4,0,4,,,,,,,,,
5,7,1,2,128,10,1420,1548,7,0,7,5,0,5,,,,,,,,,
5,7,1,2,128,10,1420,1548,7,0,7,5,0,5,,,,,,,,,
5,7,1,2,128,10,1420,1548,7,0,7,5,0,5,,,,,,,,,
5,7,1,2,128,10,1420,1548,7,0,7,5,0,5,,,,,,,,,
5,7,1,2,128,10,1420,1548,7,0,7,5,0,5,,,,,,,,,
5,7,1,2,128,10,1420,1548,7,0,7,5,0,5,,,,,,,,,
5,7,1,2,128,10,1420,1548,7,0,7,0,0,0,,,,,,,,,
0,7,1,2,128,10,1420,1548,7,0,7,0,0,0,,,,,,,,,
0,7,1,2,128,10,1420,1548,7,0,7,0,0,0,,,,,,,,,
0,7,1,2,128,10,1420,1548,7,0,7,0,0,0,,,,,,,,,
0,7,1,2,128,10,1420,1548,7,0,7,0,0,0,,,,,,,,,
1,7,1,2,128,10,1420,1548,7,0,7,1,0,1,,,,,,,,,
1,7,1,2,128,10,1420,1548,7,0,7,1,0,1,,,,,,,,,
1,7,1,2,128,10,1420,1548,7,0,7,1,0,1,,,,,,,,,
1,7,1,2,128,10,1420,1548,7,0,7,1,0,1,,,,,,,,,
1,7,1,2,128,10,1420,1548,7,0,7,0,0,0,,,,,,,,,
0,7,1,2,128,10,1420,1548,7,0,7,0,0,0,,,,,,,,,
0,7,1,2,128,10,1420,1548,7,0,7,0,0,0,,,,,,,,,
0,7,1,2,128,10,1420,1548,7,0,7,0,0,0,,,,,,,,,
0,7,1,2,128,10,1420,1548,7,0,7,0,0,0,,,,,,,,,
4,7,1,2,128,10,1420,1548,7,0,7,4,0,4,,,,,,,,,
4,7,1,2,128,10,1420,1548,7,0,7,4,0,4,,,,,,,,,
4,7,1,2,128,10,1420,1548,7,0,7,4,0,4,,,,,,,,,
5,7,1,2,128,10,1420,1548,7,0,7,5,0,5,,,,,,,,,
5,7,1,2,128,10,1420,1548,7,0,7,5,0,5,,,,,,,,,
5,7,1,2,128,10,1420,1548,7,0,7,5,0,5,,,,,,,,,
5,7,1,2,128,10,1420,1548,7,0,7,5,0,5,,,,,,,,,
5,7,1,2,128,10,1420,1548,7,0,7,5,0,5,,,,,,,,,
5,7,1,2,128,10,1420,1548,7,0,7,5,0,5,,,,,,,,,
5,7,1,2,128,10,1420,1548,7,0,7,0,0,0,,,,,,,,,
0,7,1,2,128,10,1420,1548,7,0,7,0,0,0,,,,,,,,,
0,7,1,2,128,10,1420,1548,7,0,7,0,0,0,,,,,,,,,
0,7,1,2,128,10,1420,1548,7,0,7,0,0,0,,,,,,,,,
0,7,1,2,128,10,1420,1548,7,0,7,0,0,0,,,,,,,,,
0,7,1,2,128,10,1420,1548,7,0,7,0,0,0,,,,,,,,,
1,7,1,2,128,10,1420,1548,7,0,7,1,0,1,,,,,,,,,
1,7,1,2,128,10,1420,1548,7,0,7,1,0,1,,,,,,,,,
1,7,1,2,128,10,1420,1548,7,0,7,1,0,1,,,,,,,,,
1,7,1,2,128,10,1420,1548,7,0,7,1,0,1,,,,,,,,,
5,7,1,2,128,10,1420,1548,7,0,7,5,0,5,,,,,,,,,
5,7,1,2,128,10,1420,1548,7,0,7,5,0,5,,,,,,,,,
5,7,1,2,128,10,1420,1548,7,0,7,5,0,5,,,,,,,,,
5,7,1,2,128,10,1420,1548,7,0,7,5,0,5,,,,,,,,,
5,7,1,2,128,10,1420,1548,7,0,7,5,0,5,,,,,,,,,
5,7,1,2,128,10,1420,1548,7,0,7,5,0,5,,,,,,,,,
5,7,1,2,128,10,1420,1548,7,0,7,5,0,5,,,,,,,,,
5,7,1,2,128,10,1420,1548,7,0,7,5,0,5,,,,,,,,,
5,7,1,2,128,10,1420,1548,7,0,7,5,0,5,,,,,,,,,
5,7,1,2,128,10,1420,1548,7,0,7,5,0,5,,,,,,,,,
5,7,1,2,128,10,1420,1548,7,0,7,5,0,5,,,,,,,,,
5,7,1,2,128,10,1420,1548,7,0,7,5,0,5,,,,,,,,,
3,7,1,2,128,10,1420,1548,7,0,7,3,0,3,,,,,,,,,
3,7,1,2,128,10,1420,1548,7,0,7,3,0,3,,,,,,,,,
3,7,1,2,128,10,1420,1548,7,0,7,3,0,3,,,,,,,,,
3,7,1,2,128,10,1420,1548,7,0,7,3,0,3,,,,,,,,,
3,7,1,2,128,10,1420,1548,7,0,7,3,0,3,,,,,,,,,
3,7,1,2,128,10,1420,1548,7,0,7,3,0,3,,,,,,,,,
3,7,1,2,128,10,1420,1548,7,0,7,0,0,0,,,,,,,,,
0,7,1,2,128,10,1420,1548,7,0,7,0,0,0,,,,,,,,,
0,7,1,2,128,10,1420,1548,7,0,7,0,0,0,,,,,,,,,
0,7,1,2,128,10,1420,1548,7,0,7,0,0,0,,,,,,,,,
0,7,1,2,128,10,1420,1548,7,0,7,0,0,0,,,,,,,,,
1,7,1,2,128,10,1420,1548,7,0,7,1,0,1,,,,,,,,,
1,7,1,2,128,10,1420,1548,7,0,7,1,0,1,,,,,,,,,
1,7,1,2,128,10,1420,1548,7,0,7,1,0,1,,,,,,,,,
1,7,1,2,128,10,1420,1548,7,0,7,1,0,1,,,,,,,,,
3,7,1,2,128,10,1420,1548,7,0,7,3,0,3,,,,,,,,,
3,7,1,2,128,10,1420,1548,7,0,7,3,0,3,,,,,,,,,
3,7,1,2,128,10,1420,1548,7,0,7,3,0,3,,,,,,,,,
3,7,1,2,128,10,1420,1548,7,0,7,3,0,3,,,,,,,,,
3,7,1,2,128,10,1420,1548,7,0,7,3,0,3,,,,,,,,,
3,7,1,2,128,10,1420,1548,7,0,7,3,0,3,,,,,,,,,
3,7,1,2,128,10,1420,1548,7,0,7,3,0,3,,,,,,,,,
3,7,1,2,128,10,1420,1548,7,0,7,3,0,3,,,,,,,,,
3,7,1,2,128,10,1420,1548,7,0,7,3,0,3,,,,,,,,,
3,7,1,2,128,10,1420,1548,7,0,7,3,0,3,,,,,,,,,
3,7,1,2,128,10,1420,1548,7,0,7,3,0,3,,,,,,,,,
3,7,1,2,128,10,1420,1548,7,0,7,3,0,3,,,,,,,,,
3,7,1,2,128,10,1420,1548,7,0,7,0,0,0,,,,,,,,,
0,7,1,2,128,10,1420,1548,7,0,7,0,0,0,,,,,,,,,
0,7,1,2,128,10,1420,1548,7,0,7,0,0,0,,,,,,,,,
0,7,1,2,128,10,1420,1548,7,0,7,0,0,0,,,,,,,,,
0,7,1,2,128,10,1420,1548,7,0,7,0,0,0,,,,,,,,,
4,7,1,2,128,10,1420,1548,7,0,7,4,0,4,,,,,,,,,
4,7,1,2,128,10,1420,1548,7,0,7,4,0,4,,,,,,,,,
4,7,1,2,128,10,1420,1548,7,0,7,4,0,4,,,,,,,,,
4,7,1,2,128,10,1420,1548,7,0,7,4,0,4,,,,,,,,,
2,7,1,2,128,10,1420,1548,7,0,7,2,0,2,,,,,,,,,
2,7,1,2,128,10,1420,1548,7,0,7,2,0,2,,,,,,,,,
2,7,1,2,128,10,1420,1548,7,0,7,2,0,2,,,,,,,,,
2,7,1,2,128,10,1420,1548,7,0,7,2,0,2,,,,,,,,,
2,7,1,2,128,10,1420,1548,7,0,7,2,0,2,,,,,,,,,
2,7,1,2,128,10,1420,1548,7,0,7,2,0,2,,,,,,,,,
2,7,1,2,128,10,1420,1548,7,0,7,0,0,0,,,,,,,,,
0,7,1,2,128,10,1420,1548,7,0,7,0,0,0,,,,,,,,,
0,7,1,2,128,10,1420,1548,7,0,7,0,0,0,,,,,,,,,
0,7,1,2,128,10,1420,1548,7,0,7,0,0,0,,,,,,,,,
0,7,1,2,128,10,1420,1548,7,0,7,0,0,0,,,,,,,,,
3,7,1,2,128,10,1420,1548,7,0,7,3,0,3,,,,,,,,,
3,7,1,2,128,10,1420,1548,7,0,7,3,0,3,,,,,,,,,
3,7,1,2,128,10,1420,1548,7,0,7,3,0,3,,,,,,,,,
3,7,1,2,128,10,1420,1548,7,0,7,3,0,3,,,,,,,,,
4,7,1,2,128,10,1420,1548,7,0,7,4,0,4,,,,,,,,,
4,7,1,2,128,10,1420,1548,7,0,7,4,0,4,,,,,,,,,
4,7,1,2,128,10,1420,1548,7,0,7,4,0,4,,,,,,,,,
4,7,1,2,128,10,1420,1548,7,0,7,4,0,4,,,,,,,,,
4,7,1,2,128,10,1420,1548,7,0,7,4,0,4,,,,,,,,,
4,7,1,2,128,10,1420,1548,7,0,7,4,0,4,,,,,,,,,
2,7,1,2,128,10,1420,1548,7,0,7,2,0,2,,,,,,,,,
2,7,1,2,128,10,1420,1548,7,0,7,2,0,2,,,,,,,,,
2,7,1,2,128,10,1420,1548,7,0,7,2,0,2,,,,,,,,,
2,7,1,2,128,10,1420,1548,7,0,7,2,0,2,,,,,,,,,
2,7,1,2,128,10,1420,1548,7,0,7,2,0,2,,,,,,,,,
2,7,1,2,128,10,1420,1548,7,0,7,2,0,2,,,,,,,,,
2,7,1,2,128,10,1420,1548,7,0,7,2,0,2,,,,,,,,,
2,7,1,2,128,10,1420,1548,7,0,7,2,0,2,,,,,,,,,
2,7,1,2,128,10,1420,1548,7,0,7,2,0,2,,,,,,,,,
2,7,1,2,128,10,1420,1548,7,0,7,2,0,2,,,,,,,,,
2,7,1,2,128,10,1420,1548,7,0,7,2,0,2,,,,,,,,,
2,7,1,2,128,10,1420,1548,7,0,7,2,0,2,,,,,,,,,
1,7,1,2,128,10,1420,1548,7,0,7,1,0,1,,,,,,,,,
1,7,1,2,128,10,1420,1548,7,0,7,1,0,1,,,,,,,,,
1,7,1,2,128,10,1420,1548,7,0,7,1,0,1,,,,,,,,,
1,7,1,2,128,10,1420,1548,7,0,7,1,0,1,,,,,,,,,
1,7,1,2,128,10,1420,1548,7,0,7,1,0,1,,,,,,,,,
1,7,1,2,128,10,1420,1548,7,0,7,1,0,1,,,,,,,,,
1,7,1,2,128,10,1420,1548,7,0,7,0,0,0,,,,,,,,,
0,7,1,2,128,10,1420,1548,7,0,7,0,0,0,,,,,,,,,
0,7,1,2,128,10,1420,1548,7,0,7,0,0,0,,,,,,,,,
0,7,1,2,128,10,1420,1548,7,0,7,0,0,0,,,,,,,,,
0,7,1,2,128,10,1420,1548,7,0,7,0,0,0,,,,,,,,,
5,7,1,2,128,10,1420,1548,7,0,7,5,0,5,,,,,,,,,
5,7,1,2,128,10,1420,1548,7,0,7,5,0,5,,,,,,,,,
5,7,1,2,128,10,1420,1548,7,0,7,5,0,5,,,,,,,,,
5,7,1,2,128,10,1420,1548,7,0,7,5,0,5,,,,,,,,,
8,7,1,2,128,10,1420,1548,7,0,7,7,0,7,,,,,,,,,
8,7,1,2,128,10,1420,1548,7,0,7,7,0,7,,,,,,,,,
8,14,2,4,256,20,2840,3096,14,0,14,8,0,8,,,,,,,,,
8,14,2,4,256,20,2840,3096,14,0,14,8,0,8,,,,,,,,,
8,14,2,4,256,20,2840,3096,14,0,14,8,0,8,,,,,,,,,
8,14,2,4,256,20,2840,3096,14,0,14,8,0,8,,,,,,,,,
11,14,2,4,256,20,2840,3096,14,0,14,12,0,12,,,,,,,,,
11,14,2,4,256,20,2840,3096,14,0,14,12,0,12,,,,,,,,,
11,14,2,4,256,20,2840,3096,14,0,14,12,0,12,,,,,,,,,
11,14,2,4,256,20,2840,3096,14,0,14,12,0,12,,,,,,,,,
11,14,2,4,256,20,2840,3096,14,0,14,12,0,12,,,,,,,,,
11,14,2,4,256,20,2840,3096,14,0,14,12,0,12,,,,,,,,,
5,14,2,4,256,20,2840,3096,14,0,14,5,0,5,,,,,,,,,
5,14,2,4,256,20,2840,3096,14,0,14,5,0,5,,,,,,,,,
5,14,2,4,256,20,2840,3096,14,0,14,5,0,5,,,,,,,,,
5,14,2,4,256,20,2840,3096,14,0,14,5,0,5,,,,,,,,,
5,14,2,4,256,20,2840,3096,14,0,14,5,0,5,,,,,,,,,
5,7,1,2,128,10,1420,1548,7,0,7,5,0,5,,,,,,,,,
6,7,1,2,128,10,1420,1548,7,0,7,6,0,6,,,,,,,,,
6,7,1,2,128,10,1420,1548,7,0,7,6,0,6,,,,,,,,,
6,7,1,2,128,10,1420,1548,7,0,7,6,0,6,,,,,,,,,
6,7,1,2,128,10,1420,1548,7,0,7,6,0,6,,,,,,,,,
6,7,1,2,128,10,1420,1548,7,0,7,6,0,6,,,,,,,,,
6,7,1,2,128,10,1420,1548,7,0,7,6,0,6,,,,,,,,,
8,7,1,2,128,10,1420,1548,7,0,7,7,0,7,,,,,,,,,
8,7,1,2,128,10,1420,1548,7,0,7,7,0,7,,,,,,,,,
8,14,2,4,256,20,2840,3096,14,0,14,8,0,8,,,,,,,,,
8,14,2,4,256,20,2840,3096,14,0,14,8,0,8,,,,,,,,,
8,14,2,4,256,20,2840,3096,14,0,14,8,0,8,,,,,,,,,
8,14,2,4,256,20,2840,3096,14,0,14,8,0,8,,,,,,,,,
13,14,2,4,256,20,2840,3096,14,0,14,14,0,14,,,,,,,,,
13,14,2,4,256,20,2840,3096,14,0,14,14,0,14,,,,,,,,,
13,14,2,4,256,20,2840,3096,14,0,14,14,0,14,,,,,,,,,
13,14,2,4,256,20,2840,3096,14,0,14,14,0,14,,,,,,,,,
13,14,2,4,256,20,2840,3096,14,0,14,14,0,14,,,,,,,,,
13,14,2,4,256,20,2840,3096,14,0,14,14,0,14,,,,,,,,,
11,14,2,4,256,20,2840,3096,14,0,14,12,0,12,,,,,,,,,
11,14,2,4,256,20,2840,3096,14,0,14,12,0,12,,,,,,,,,
11,14,2,4,256,20,2840,3096,14,0,14,12,0,12,,,,,,,,,
11,14,2,4,256,20,2840,3096,14,0,14,12,0,12,,,,,,,,,
11,14,2,4,256,20,2840,3096,14,0,14,12,0,12,,,,,,,,,
11,14,2,4,256,20,2840,3096,14,0,14,12,0,12,,,,,,,,,
4,14,2,4,256,20,2840,3096,14,0,14,4,0,4,,,,,,,,,
4,14,2,4,256,20,2840,3096,14,0,14,4,0,4,,,,,,,,,
4,14,2,4,256,20,2840,3096,14,0,14,4,0,4,,,,,,,,,
4,14,2,4,256,20,2840,3096,14,0,14,4,0,4,,,,,,,,,
4,14,2,4,256,20,2840,3096,14,0,14,4,0,4,,,,,,,,,
4,7,1,2,128,10,1420,1548,7,0,7,4,0,4,,,,,,,,,
2,7,1,2,128,10,1420,1548,7,0,7,2,0,2,,,,,,,,,
2,7,1,2,128,10,1420,1548,7,0,7,2,0,2,,,,,,,,,
2,7,1,2,128,10,1420,1548,7,0,7,2,0,2,,,,,,,,,
2,7,1,2,128,10,1420,1548,7,0,7,2,0,2,,,,,,,,,
2,7,1,2,128,10,1420,1548,7,0,7,2,0,2,,,,,,,,,
2,7,1,2,128,10,1420,1548,7,0,7,2,0,2,,,,,,,,,
3,7,1,2,128,10,1420,1548,7,0,7,3,0,3,,,,,,,,,
3,7,1,2,128,10,1420,1548,7,0,7,3,0,3,,,,,,,,,
3,7,1,2,128,10,1420,1548,7,0,7,3,0,3,,,,,,,,,
3,7,1,2,128,10,1420,1548,7,0,7,3,0,3,,,,,,,,,
3,7,1,2,128,10,1420,1548,7,0,7,3,0,3,,,,,,,,,
3,7,1,2,128,10,1420,1548,7,0,7,3,0,3,,,,,,,,,
4,7,1,2,128,10,1420,1548,7,0,7,4,0,4,,,,,,,,,
4,7,1,2,128,10,1420,1548,7,0,7,4,0,4,,,,,,,,,
4,7,1,2,128,10,1420,1548,7,0,7,4,0,4,,,,,,,,,
4,7,1,2,128,10,1420,1548,7,0,7,4,0,4,,,,,,,,,
4,7,1,2,128,10,1420,1548,7,0,7,4,0,4,,,,,,,,,
4,7,1,2,128,10,1420,1548,7,0,7,4,0,4,,,,,,,,,
3,7,1,2,128,10,1420,1548,7,0,7,3,0,3,,,,,,,,,
3,7,1,2,128,10,1420,1548,7,0,7,3,0,3,,,,,,,,,
3,7,1,2,128,10,1420,1548,7,0,7,3,0,3,,,,,,,,,
3,7,1,2,128,10,1420,1548,7,0,7,3,0,3,,,,,,,,,
3,7,1,2,128,10,1420,1548,7,0,7,3,0,3,,,,,,,,,
3,7,1,2,128,10,1420,1548,7,0,7,3,0,3,,,,,,,,,
3,7,1,2,128,10,1420,1548,7,0,7,0,0,0,,,,,,,,,
0,7,1,2,128,10,1420,1548,7,0,7,0,0,0,,,,,,,,,
0,7,1,2,128,10,1420,1548,7,0,7,0,0,0,,,,,,,,,
0,7,1,2,128,10,1420,1548,7,0,7,0,0,0,,,,,,,,,
0,7,1,2,128,10,1420,1548,7,0,7,0,0,0,,,,,,,,,
4,7,1,2,128,10,1420,1548,7,0,7,4,0,4,,,,,,,,,
4,7,1,2,128,10,1420,1548,7,0,7,4,0,4,,,,,,,,,
4,7,1,2,128,10,1420,1548,7,0,7,4,0,4,,,,,,,,,
4,7,1,2,128,10,1420,1548,7,0,7,4,0,4,,,,,,,,,
1,7,1,2,128,10,1420,1548,7,0,7,1,0,1,,,,,,,,,
1,7,1,2,128,10,1420,1548,7,0,7,1,0,1,,,,,,,,,
1,7,1,2,128,10,1420,1548,7,0,7,1,0,1,,,,,,,,,
1,7,1,2,128,10,1420,1548,7,0,7,1,0,1,,,,,,,,,
1,7,1,2,128,10,1420,1548,7,0,7,1,0,1,,,,,,,,,
1,7,1,2,128,10,1420,1548,7,0,7,1,0,1,,,,,,,,,
1,7,1,2,128,10,1420,1548,7,0,7,1,0,1,,,,,,,,,
1,7,1,2,128,10,1420,1548,7,0,7,1,0,1,,,,,,,,,
1,7,1,2,128,10,1420,1548,7,0,7,1,0,1,,,,,,,,,
1,7,1,2,128,10,1420,1548,7,0,7,1,0,1,,,,,,,,,
1,7,1,2,128,10,1420,1548,7,0,7,1,0,1,,,,,,,,,
1,7,1,2,128,10,1420,1548,7,0,7,1,0,1,,,,,,,,,
1,7,1,2,128,10,1420,1548,7,0,7,0,0,0,,,,,,,,,
0,7,1,2,128,10,1420,1548,7,0,7,0,0,0,,,,,,,,,
0,7,1,2,128,10,1420,1548,7,0,7,0,0,0,,,,,,,,,
0,7,1,2,128,10,1420,1548,7,0,7,0,0,0,,,,,,,,,
0,7,1,2,128,10,1420,1548,7,0,7,0,0,0,,,,,,,,,
4,7,1,2,128,10,1420,1548,7,0,7,4,0,4,,,,,,,,,
4,7,1,2,128,10,1420,1548,7,0,7,4,0,4,,,,,,,,,
4,7,1,2,128,10,1420,1548,7,0,7,4,0,4,,,,,,,,,
4,7,1,2,128,10,1420,1548,7,0,7,4,0,4,,,,,,,,,
4,7,1,2,128,10,1420,1548,7,0,7,4,0,4,,,,,,,,,
4,7,1,2,128,10,1420,1548,7,0,7,4,0,4,,,,,,,,,
4,7,1,2,128,10,1420,1548,7,0,7,4,0,4,,,,,,,,,
4,7,1,2,128,10,1420,1548,7,0,7,4,0,4,,,,,,,,,
4,7,1,2,128,10,1420,1548,7,0,7,4,0,4,,,,,,,,,
4,7,1,2,128,10,1420,1548,7,0,7,4,0,4,,,,,,,,,
7,7,1,2,128,10,1420,1548,7,0,7,7,0,7,,,,,,,,,
7,7,1,2,128,10,1420,1548,7,0,7,7,0,7,,,,,,,,,
7,7,1,2,128,10,1420,1548,7,0,7,7,0,7,,,,,,,,,
7,7,1,2,128,10,1420,1548,7,0,7,7,0,7,,,,,,,,,
7,7,1,2,128,10,1420,1548,7,0,7,7,0,7,,,,,,,,,
7,7,1,2,128,10,1420,1548,7,0,7,7,0,7,,,,,,,,,
12,7,1,2,128,10,1420,1548,7,0,7,7,0,7,,,,,,,,,
12,7,1,2,128,10,1420,1548,7,0,7,7,0,7,,,,,,,,,
12,14,2,4,256,20,2840,3096,14,0,14,12,0,12,,,,,,,,,
12,14,2,4,256,20,2840,3096,14,0,14,12,0,12,,,,,,,,,
12,14,2,4,256,20,2840,3096,14,0,14,12,0,12,,,,,,,,,
12,14,2,4,256,20,2840,3096,14,0,14,12,0,12,,,,,,,,,
10,14,2,4,256,20,2840,3096,14,0,14,10,0,10,,,,,,,,,
10,14,2,4,256,20,2840,3096,14,0,14,10,0,10,,,,,,,,,
10,14,2,4,256,20,2840,3096,14,0,14,10,0,10,,,,,,,,,
10,14,2,4,256,20,2840,3096,14,0,14,10,0,10,,,,,,,,,
10,14,2,4,256,20,2840,3096,14,0,14,10,0,10,,,,,,,,,
10,14,2,4,256,20,2840,3096,14,0,14,10,0,10,,,,,,,,,
16,14,2,4,256,20,2840,3096,14,0,14,14,0,14,,,,,,,,,
16,14,2,4,256,20,2840,3096,14,0,14,14,0,14,,,,,,,,,
16,21,3,6,384,30,4260,4644,21,0,21,18,0,18,,,,,,,,,
16,21,3,6,384,30,4260,4644,21,0,21,18,0,18,,,,,,,,,
16,21,3,6,384,30,4260,4644,21,0,21,18,0,18,,,,,,,,,
16,21,3,6,384,30,4260,4644,21,0,21,18,0,18,,,,,,,,,
17,21,3,6,384,30,4260,4644,21,0,21,18,0,18,,,,,,,,,
17,21,3,6,384,30,4260,4644,21,0,21,18,0,18,,,,,,,,,
17,21,3,6,384,30,4260,4644,21,0,21,18,0,18,,,,,,,,,
17,21,3,6,384,30,4260,4644,21,0,21,18,0,18,,,,,,,,,
17,21,3,6,384,30,4260,4644,21,0,21,18,0,18,,,,,,,,,
17,21,3,6,384,30,4260,4644,21,0,21,18,0,18,,,,,,,,,
19,21,3,6,384,30,4260,4644,21,0,21,21,0,21,,,,,,,,,
19,21,3,6,384,30,4260,4644,21,0,21,21,0,21,,,,,,,,,
19,21,3,6,384,30,4260,4644,21,0,21,21,0,21,,,,,,,,,
19,21,3,6,384,30,4260,4644,21,0,21,21,0,21,,,,,,,,,
19,21,3,6,384,30,4260,4644,21,0,21,21,0,21,,,,,,,,,
19,21,3,6,384,30,4260,4644,21,0,21,21,0,21,,,,,,,,,
16,21,3,6,384,30,4260,4644,21,0,21,18,0,18,,,,,,,,,
16,21,3,6,384,30,4260,4644,21,0,21,18,0,18,,,,,,,,,
16,21,3,6,384,30,4260,4644,21,0,21,18,0,18,,,,,,,,,
16,21,3,6,384,30,4260,4644,21,0,21,18,0,18,,,,,,,,,
16,21,3,6,384,30,4260,4644,21,0,21,18,0,18,,,,,,,,,
16,21,3,6,384,30,4260,4644,21,0,21,18,0,18,,,,,,,,,
12,21,3,6,384,30,4260,4644,21,0,21,12,0,12,,,,,,,,,
12,21,3,6,384,30,4260,4644,21,0,21,12,0,12,,,,,,,,,
12,21,3,6,384,30,4260,4644,21,0,21,12,0,12,,,,,,,,,
12,21,3,6,384,30,4260,4644,21,0,21,12,0,12,,,,,,,,,
12,21,3,6,384,30,4260,4644,21,0,21,12,0,12,,,,,,,,,
12,14,2,4,256,20,2840,3096,14,0,14,12,0,12,,,,,,,,,
13,14,2,4,256,20,2840,3096,14,0,14,14,0,14,,,,,,,,,
13,14,2,4,256,20,2840,3096,14,0,14,14,0,14,,,,,,,,,
13,14,2,4,256,20,2840,3096,14,0,14,14,0,14,,,,,,,,,
13,14,2,4,256,20,2840,3096,14,0,14,14,0,14,,,,,,,,,
13,14,2,4,256,20,2840,3096,14,0,14,14,0,14,,,,,,,,,
13,14,2,4,256,20,2840,3096,14,0,14,14,0,14,,,,,,,,,
15,14,2,4,256,20,2840,3096,14,0,14,14,0,14,,,,,,,,,
15,14,2,4,256,20,2840,3096,14,0,14,14,0,14,,,,,,,,,
15,21,3,6,384,30,4260,4644,21,0,21,15,0,15,,,,,,,,,
15,21,3,6,384,30,4260,4644,21,0,21,15,0,15,,,,,,,,,
15,21,3,6,384,30,4260,4644,21,0,21,15,0,15,,,,,,,,,
15,21,3,6,384,30,4260,4644,21,0,21,15,0,15,,,,,,,,,
12,21,3,6,384,30,4260,4644,21,0,21,12,0,12,,,,,,,,,
12,21,3,6,384,30,4260,4644,21,0,21,12,0,12,,,,,,,,,
12,21,3,6,384,30,4260,4644,21,0,21,12,0,12,,,,,,,,,
12,21,3,6,384,30,4260,4644,21,0,21,12,0,12,,,,,,,,,
12,21,3,6,384,30,4260,4644,21,0,21,12,0,12,,,,,,,,,
12,14,2,4,256,20,2840,3096,14,0,14,12,0,12,,,,,,,,,
13,14,2,4,256,20,2840,3096,14,0,14,14,0,14,,,,,,,,,
13,14,2,4,256,20,2840,3096,14,0,14,14,0,14,,,,,,,,,
13,14,2,4,256,20,2840,3096,14,0,14,14,0,14,,,,,,,,,
13,14,2,4,256,20,2840,3096,14,0,14,14,0,14,,,,,,,,,
13,14,2,4,256,20,2840,3096,14,0,14,14,0,14,,,,,,,,,
13,14,2,4,256,20,2840,3096,14,0,14,14,0,14,,,,,,,,,
9,14,2,4,256,20,2840,3096,14,0,14,10,0,10,,,,,,,,,
9,14,2,4,256,20,2840,3096,14,0,14,10,0,10,,,,,,,,,
9,14,2,4,256,20,2840,3096,14,0,14,10,0,10,,,,,,,,,
9,14,2,4,256,20,2840,3096,14,0,14,10,0,10,,,,,,,,,
9,14,2,4,256,20,2840,3096,14,0,14,10,0,10,,,,,,,,,
9,14,2,4,256,20,2840,3096,14,0,14,10,0,10,,,,,,,,,
10,14,2,4,256,20,2840,3096,14,0,14,10,0,10,,,,,,,,,
10,14,2,4,256,20,2840,3096,14,0,14,10,0,10,,,,,,,,,
10,14,2,4,256,20,2840,3096,14,0,14,10,0,10,,,,,,,,,
10,14,2,4,256,20,2840,3096,14,0,14,10,0,10,,,,,,,,,
10,14,2,4,256,20,2840,3096,14,0,14,10,0,10,,,,,,,,,
10,14,2,4,256,20,2840,3096,14,0,14,10,0,10,,,,,,,,,
12,14,2,4,256,20,2840,3096,14,0,14,12,0,12,,,,,,,,,
12,14,2,4,256,20,2840,3096,14,0,14,12,0,12,,,,,,,,,
12,14,2,4,256,20,2840,3096,14,0,14,12,0,12,,,,,,,,,
12,14,2,4,256,20,2840,3096,14,0,14,12,0,12,,,,,,,,,
12,14,2,4,256,20,2840,3096,14,0,14,12,0,12,,,,,,,,,
12,14,2,4,256,20,2840,3096,14,0,14,12,0,12,,,,,,,,,
17,14,2,4,256,20,2840,3096,14,0,14,14,0,14,,,,,,,,,
17,14,2,4,256,20,2840,3096,14,0,14,14,0,14,,,,,,,,,
17,21,3,6,384,30,4260,4644,21,0,21,18,0,18,,,,,,,,,
17,21,3,6,384,30,4260,4644,21,0,21,18,0,18,,,,,,,,,
17,21,3,6,384,30,4260,4644,21,0,21,18,0,18,,,,,,,,,
17,21,3,6,384,30,4260,4644,21,0,21,18,0,18,,,,,,,,,
16,21,3,6,384,30,4260,4644,21,0,21,18,0,18,,,,,,,,,
16,21,3,6,384,30,4260,4644,21,0,21,18,0,18,,,,,,,,,
16,21,3,6,384,30,4260,4644,21,0,21,18,0,18,,,,,,,,,
16,21,3,6,384,30,4260,4644,21,0,21,18,0,18,,,,,,,,,
16,21,3,6,384,30,4260,4644,21,0,21,18,0,18,,,,,,,,,
16,21,3,6,384,30,4260,4644,21,0,21,18,0,18,,,,,,,,,
17,21,3,6,384,30,4260,4644,21,0,21,18,0,18,,,,,,,,,
17,21,3,6,384,30,4260,4644,21,0,21,18,0,18,,,,,,,,,
17,21,3,6,384,30,4260,4644,21,0,21,18,0,18,,,,,,,,,
17,21,3,6,384,30,4260,4644,21,0,21,18,0,18,,,,,,,,,
17,21,3,6,384,30,4260,4644,21,0,21,18,0,18,,,,,,,,,
17,21,3,6,384,30,4260,4644,21,0,21,18,0,18,,,,,,,,,
19,21,3,6,384,30,4260,4644,21,0,21,21,0,21,,,,,,,,,
19,21,3,6,384,30,4260,4644,21,0,21,21,0,21,,,,,,,,,
19,21,3,6,384,30,4260,4644,21,0,21,21,0,21,,,,,,,,,
19,21,3,6,384,30,4260,4644,21,0,21,21,0,21,,,,,,,,,
19,21,3,6,384,30,4260,4644,21,0,21,21,0,21,,,,,,,,,
19,21,3,6,384,30,4260,4644,21,0,21,21,0,21,,,,,,,,,
17,21,3,6,384,30,4260,4644,21,0,21,18,0,18,,,,,,,,,
17,21,3,6,384,30,4260,4644,21,0,21,18,0,18,,,,,,,,,
17,21,3,6,384,30,4260,4644,21,0,21,18,0,18,,,,,,,,,
17,21,3,6,384,30,4260,4644,21,0,21,18,0,18,,,,,,,,,
17,21,3,6,384,30,4260,4644,21,0,21,18,0,18,,,,,,,,,
17,21,3,6,384,30,4260,4644,21,0,21,18,0,18,,,,,,,,,
17,21,3,6,384,30,4260,4644,21,0,21,18,0,18,,,,,,,,,
17,21,3,6,384,30,4260,4644,21,0,21,18,0,18,,,,,,,,,
17,21,3,6,384,30,4260,4644,21,0,21,18,0,18,,,,,,,,,
17,21,3,6,384,30,4260,4644,21,0,21,18,0,18,,,,,,,,,
17,21,3,6,384,30,4260,4644,21,0,21,18,0,18,,,,,,,,,
17,21,3,6,384,30,4260,4644,21,0,21,18,0,18,,,,,,,,,
27,21,3,6,384,30,4260,4644,21,0,21,21,0,21,,,,,,,,,
27,21,3,6,384,30,4260,4644,21,0,21,21,0,21,,,,,,,,,
27,28,4,8,512,40,5680,6192,28,0,28,28,0,28,,,,,,,,,
27,28,4,8,512,40,5680,6192,28,0,28,28,0,28,,,,,,,,,
27,28,4,8,512,40,5680,6192,28,0,28,28,0,28,,,,,,,,,
27,28,4,8,512,40,5680,6192,28,0,28,28,0,28,,,,,,,,,
28,28,4,8,512,40,5680,6192,28,0,28,28,0,28,,,,,,,,,
28,28,4,8,512,40,5680,6192,28,0,28,28,0,28,,,,,,,,,
28,28,4,8,512,40,5680,6192,28,0,28,28,0,28,,,,,,,,,
28,28,4,8,512,40,5680,6192,28,0,28,28,0,28,,,,,,,,,
28,28,4,8,512,40,5680,6192,28,0,28,28,0,28,,,,,,,,,
28,28,4,8,512,40,5680,6192,28,0,28,28,0,28,,,,,,,,,
38,28,4,8,512,40,5680,6192,28,0,28,28,0,28,,,,,,,,,
38,28,4,8,512,40,5680,6192,28,0,28,28,0,28,,,,,,,,,
38,42,6,12,768,60,8520,9288,42,0,42,42,0,42,,,,,,,,,
38,42,6,12,768,60,8520,9288,42,0,42,42,0,42,,,,,,,,,
38,42,6,12,768,60,8520,9288,42,0,42,42,0,42,,,,,,,,,
38,42,6,12,768,60,8520,9288,42,0,42,42,0,42,,,,,,,,,
38,42,6,12,768,60,8520,9288,42,0,42,42,0,42,,,,,,,,,
38,42,6,12,768,60,8520,9288,42,0,42,42,0,42,,,,,,,,,
38,42,6,12,768,60,8520,9288,42,0,42,42,0,42,,,,,,,,,
38,42,6,12,768,60,8520,9288,42,0,42,42,0,42,,,,,,,,,
38,42,6,12,768,60,8520,9288,42,0,42,42,0,42,,,,,,,,,
38,42,6,12,768,60,8520,9288,42,0,42,42,0,42,,,,,,,,,
34,42,6,12,768,60,8520,9288,42,0,42,36,0,36,,,,,,,,,
34,42,6,12,768,60,8520,9288,42,0,42,36,0,36,,,,,,,,,
34,42,6,12,768,60,8520,9288,42,0,42,36,0,36,,,,,,,,,
34,42,6,12,768,60,8520,9288,42,0,42,36,0,36,,,,,,,,,
34,42,6,12,768,60,8520,9288,42,0,42,36,0,36,,,,,,,,,
34,42,6,12,768,60,8520,9288,42,0,42,36,0,36,,,,,,,,,
31,42,6,12,768,60,8520,9288,42,0,42,35,0,35,,,,,,,,,
31,42,6,12,768,60,8520,9288,42,0,42,35,0,35,,,,,,,,,
31,42,6,12,768,60,8520,9288,42,0,42,35,0,35,,,,,,,,,
31,42,6,12,768,60,8520,9288,42,0,42,35,0,35,,,,,,,,,
31,42,6,12,768,60,8520,9288,42,0,42,35,0,35,,,,,,,,,
31,35,5,10,640,50,7100,7740,35,0,35,35,0,35,,,,,,,,,
31,35,5,10,640,50,7100,7740,35,0,35,35,0,35,,,,,,,,,
31,35,5,10,640,50,7100,7740,35,0,35,35,0,35,,,,,,,,,
31,35,5,10,640,50,7100,7740,35,0,35,35,0,35,,,,,,,,,
31,35,5,10,640,50,7100,7740,35,0,35,35,0,35,,,,,,,,,
31,35,5,10,640,50,7100,7740,35,0,35,35,0,35,,,,,,,,,
31,35,5,10,640,50,7100,7740,35,0,35,35,0,35,,,,,,,,,
28,35,5,10,640,50,7100,7740,35,0,35,28,0,28,,,,,,,,,
28,35,5,10,640,50,7100,7740,35,0,35,28,0,28,,,,,,,,,
28,35,5,10,640,50,7100,7740,35,0,35,28,0,28,,,,,,,,,
28,35,5,10,640,50,7100,7740,35,0,35,28,0,28,,,,,,,,,
28,35,5,10,640,50,7100,7740,35,0,35,28,0,28,,,,,,,,,
28,28,4,8,512,40,5680,6192,28,0,28,28,0,28,,,,,,,,,
27,28,4,8,512,40,5680,6192,28,0,28,28,0,28,,,,,,,,,
27,28,4,8,512,40,5680,6192,28,0,28,28,0,28,,,,,,,,,
27,28,4,8,512,40,5680,6192,28,0,28,28,0,28,,,,,,,,,
27,28,4,8,512,40,5680,6192,28,0,28,28,0,28,,,,,,,,,
27,28,4,8,512,40,5680,6192,28,0,28,28,0,28,,,,,,,,,
27,28,4,8,512,40,5680,6192,28,0,28,28,0,28,,,,,,,,,
31,28,4,8,512,40,5680,6192,28,0,28,28,0,28,,,,,,,,,
31,28,4,8,512,40,5680,6192,28,0,28,28,0,28,,,,,,,,,
31,35,5,10,640,50,7100,7740,35,0,35,35,0,35,,,,,,,,,
31,35,5,10,640,50,7100,7740,35,0,35,35,0,35,,,,,,,,,
31,35,5,10,640,50,7100,7740,35,0,35,35,0,35,,,,,,,,,
31,35,5,10,640,50,7100,7740,35,0,35,35,0,35,,,,,,,,,
27,35,5,10,640,50,7100,7740,35,0,35,28,0,28,,,,,,,,,
27,35,5,10,640,50,7100,7740,35,0,35,28,0,28,,,,,,,,,
27,35,5,10,640,50,7100,7740,35,0,35,28,0,28,,,,,,,,,
27,35,5,10,640,50,7100,7740,35,0,35,28,0,28,,,,,,,,,
27,35,5,10,640,50,7100,7740,35,0,35,28,0,28,,,,,,,,,
27,28,4,8,512,40,5680,6192,28,0,28,28,0,28,,,,,,,,,
25,28,4,8,512,40,5680,6192,28,0,28,28,0,28,,,,,,,,,
25,28,4,8,512,40,5680,6192,28,0,28,28,0,28,,,,,,,,,
25,28,4,8,512,40,5680,6192,28,0,28,28,0,28,,,,,,,,,
25,28,4,8,512,40,5680,6192,28,0,28,28,0,28,,,,,,,,,
25,28,4,8,512,40,5680,6192,28,0,28,28,0,28,,,,,,,,,
25,28,4,8,512,40,5680,6192,28,0,28,28,0,28,,,,,,,,,
17,28,4,8,512,40,5680,6192,28,0,28,18,0,18,,,,,,,,,
17,28,4,8,512,40,5680,6192,28,0,28,18,0,18,,,,,,,,,
17,28,4,8,512,40,5680,6192,28,0,28,18,0,18,,,,,,,,,
17,28,4,8,512,40,5680,6192,28,0,28,18,0,18,,,,,,,,,
17,28,4,8,512,40,5680,6192,28,0,28,18,0,18,,,,,,,,,
17,21,3,6,384,30,4260,4644,21,0,21,18,0,18,,,,,,,,,
19,21,3,6,384,30,4260,4644,21,0,21,21,0,21,,,,,,,,,
19,21,3,6,384,30,4260,4644,21,0,21,21,0,21,,,,,,,,,
19,21,3,6,384,30,4260,4644,21,0,21,21,0,21,,,,,,,,,
19,21,3,6,384,30,4260,4644,21,0,21,21,0,21,,,,,,,,,
19,21,3,6,384,30,4260,4644,21,0,21,21,0,21,,,,,,,,,
19,21,3,6,384,30,4260,4644,21,0,21,21,0,21,,,,,,,,,
34,21,3,6,384,30,4260,4644,21,0,21,21,0,21,,,,,,,,,
34,21,3,6,384,30,4260,4644,21,0,21,21,0,21,,,,,,,,,
34,37,15,10,640,60,8520,9160,37,5,32,37,5,32,,,,,,,,,
34,37,15,10,640,60,8520,9160,37,5,32,37,5,32,,,,,,,,,
34,37,15,10,640,60,8520,9160,37,5,32,37,5,32,,,,,,,,,
34,37,15,10,640,60,8520,9160,37,5,32,37,5,32,,,,,,,,,
46,37,15,10,640,60,8520,9160,37,5,32,37,5,32,,,,,,,,,
46,37,15,10,640,60,8520,9160,37,5,32,37,5,32,,,,,,,,,
46,49,17,14,896,70,9940,10836,49,10,39,49,10,39,,,,,,,,,
46,49,17,14,896,70,9940,10836,49,10,39,49,10,39,,,,,,,,,
46,49,17,14,896,70,9940,10836,49,10,39,49,10,39,,,,,,,,,
46,49,17,14,896,70,9940,10836,49,10,39,49,10,39,,,,,,,,,
42,49,17,14,896,70,9940,10836,49,10,39,45,10,35,,,,,,,,,
42,49,17,14,896,70,9940,10836,49,10,39,45,10,35,,,,,,,,,
42,49,17,14,896,70,9940,10836,49,10,39,45,10,35,,,,,,,,,
42,49,17,14,896,70,9940,10836,49,10,39,45,10,35,,,,,,,,,
42,49,17,14,896,70,9940,10836,49,10,39,45,10,35,,,,,,,,,
42,49,17,14,896,70,9940,10836,49,10,39,45,10,35,,,,,,,,,
45,49,17,14,896,70,9940,10836,49,10,39,49,10,39,,,,,,,,,
45,49,17,14,896,70,9940,10836,49,10,39,49,10,39,,,,,,,,,
45,49,17,14,896,70,9940,10836,49,10,39,49,10,39,,,,,,,,,
45,49,17,14,896,70,9940,10836,49,10,39,49,10,39,,,,,,,,,
45,49,17,14,896,70,9940,10836,49,10,39,49,10,39,,,,,,,,,
45,49,17,14,896,70,9940,10836,49,10,39,49,10,39,,,,,,,,,
44,49,17,14,896,70,9940,10836,49,10,39,49,10,39,,,,,,,,,
44,49,17,14,896,70,9940,10836,49,10,39,49,10,39,,,,,,,,,
44,49,17,14,896,70,9940,10836,49,10,39,49,10,39,,,,,,,,,
44,49,17,14,896,70,9940,10836,49,10,39,49,10,39,,,,,,,,,
44,49,17,14,896,70,9940,10836,49,10,39,49,10,39,,,,,,,,,
44,49,17,14,896,70,9940,10836,49,10,39,49,10,39,,,,,,,,,
38,49,17,14,896,70,9940,10836,49,10,39,38,10,28,,,,,,,,,
38,49,17,14,896,70,9940,10836,49,10,39,38,10,28,,,,,,,,,
38,49,17,14,896,70,9940,10836,49,10,39,38,10,28,,,,,,,,,
38,49,17,14,896,70,9940,10836,49,10,39,38,10,28,,,,,,,,,
38,49,17,14,896,70,9940,10836,49,10,39,38,10,28,,,,,,,,,
38,38,6,12,768,40,5680,6448,38,10,28,38,10,28,,,,,,,,,
38,38,6,12,768,40,5680,6448,38,10,28,38,10,28,,,,,,,,,
38,38,6,12,768,40,5680,6448,38,10,28,38,10,28,,,,,,,,,
38,38,6,12,768,40,5680,6448,38,10,28,38,10,28,,,,,,,,,
38,38,6,12,768,40,5680,6448,38,10,28,38,10,28,,,,,,,,,
38,38,6,12,768,40,5680,6448,38,10,28,38,10,28,,,,,,,,,
38,38,6,12,768,40,5680,6448,38,10,28,38,10,28,,,,,,,,,
38,38,6,12,768,40,5680,6448,38,10,28,38,10,28,,,,,,,,,
38,38,6,12,768,40,5680,6448,38,10,28,38,10,28,,,,,,,,,
38,38,6,12,768,40,5680,6448,38,10,28,38,10,28,,,,,,,,,
38,38,6,12,768,40,5680,6448,38,10,28,38,10,28,,,,,,,,,
38,38,6,12,768,40,5680,6448,38,10,28,38,10,28,,,,,,,,,
38,38,6,12,768,40,5680,6448,38,10,28,38,10,28,,,,,,,,,
44,38,6,12,768,40,5680,6448,38,10,28,38,10,28,,,,,,,,,
44,38,6,12,768,40,5680,6448,38,10,28,38,10,28,,,,,,,,,
44,45,7,14,896,50,7100,7996,45,10,35,45,10,35,,,,,,,,,
44,45,7,14,896,50,7100,7996,45,10,35,45,10,35,,,,,,,,,
44,45,7,14,896,50,7100,7996,45,10,35,45,10,35,,,,,,,,,
44,45,7,14,896,50,7100,7996,45,10,35,45,10,35,,,,,,,,,
41,45,7,14,896,50,7100,7996,45,10,35,45,10,35,,,,,,,,,
41,45,7,14,896,50,7100,7996,45,10,35,45,10,35,,,,,,,,,
41,45,7,14,896,50,7100,7996,45,10,35,45,10,35,,,,,,,,,
41,45,7,14,896,50,7100,7996,45,10,35,45,10,35,,,,,,,,,
41,45,7,14,896,50,7100,7996,45,10,35,45,10,35,,,,,,,,,
41,45,7,14,896,50,7100,7996,45,10,35,45,10,35,,,,,,,,,
31,45,7,14,896,50,7100,7996,45,10,35,34,10,24,,,,,,,,,
31,45,7,14,896,50,7100,7996,45,10,35,34,10,24,,,,,,,,,
31,45,7,14,896,50,7100,7996,45,10,35,34,10,24,,,,,,,,,
31,45,7,14,896,50,7100,7996,45,10,35,34,10,24,,,,,,,,,
31,45,7,14,896,50,7100,7996,45,10,35,34,10,24,,,,,,,,,
31,38,6,12,768,40,5680,6448,38,10,28,34,10,24,,,,,,,,,
32,38,6,12,768,40,5680,6448,38,10,28,34,10,24,,,,,,,,,
32,38,6,12,768,40,5680,6448,38,10,28,34,10,24,,,,,,,,,
32,38,6,12,768,40,5680,6448,38,10,28,34,10,24,,,,,,,,,
32,38,6,12,768,40,5680,6448,38,10,28,34,10,24,,,,,,,,,
32,38,6,12,768,40,5680,6448,38,10,28,34,10,24,,,,,,,,,
32,38,6,12,768,40,5680,6448,38,10,28,34,10,24,,,,,,,,,
34,38,6,12,768,40,5680,6448,38,10,28,38,10,28,,,,,,,,,
34,38,6,12,768,40,5680,6448,38,10,28,38,10,28,,,,,,,,,
34,38,6,12,768,40,5680,6448,38,10,28,38,10,28,,,,,,,,,
34,38,6,12,768,40,5680,6448,38,10,28,38,10,28,,,,,,,,,
34,38,6,12,768,40,5680,6448,38,10,28,38,10,28,,,,,,,,,
34,38,6,12,768,40,5680,6448,38,10,28,38,10,28,,,,,,,,,
51,38,6,12,768,40,5680,6448,38,10,28,38,10,28,,,,,,,,,
51,38,6,12,768,40,5680,6448,38,10,28,38,10,28,,,,,,,,,
51,56,18,16,1024,80,11360,12384,56,10,46,56,10,46,,,,,,,,,
51,56,18,16,1024,80,11360,12384,56,10,46,56,10,46,,,,,,,,,
51,56,18,16,1024,80,11360,12384,56,10,46,56,10,46,,,,,,,,,
51,56,18,16,1024,80,11360,12384,56,10,46,56,10,46,,,,,,,,,
56,56,18,16,1024,80,11360,12384,56,10,46,56,10,46,,,,,,,,,
56,56,18,16,1024,80,11360,12384,56,10,46,56,10,46,,,,,,,,,
56,56,18,16,1024,80,11360,12384,56,10,46,56,10,46,,,,,,,,,
56,56,18,16,1024,80,11360,12384,56,10,46,56,10,46,,,,,,,,,
56,56,18,16,1024,80,11360,12384,56,10,46,56,10,46,,,,,,,,,
56,56,18,16,1024,80,11360,12384,56,10,46,56,10,46,,,,,,,,,
54,56,18,16,1024,80,11360,12384,56,10,46,56,10,46,,,,,,,,,
54,56,18,16,1024,80,11360,12384,56,10,46,56,10,46,,,,,,,,,
54,56,18,16,1024,80,11360,12384,56,10,46,56,10,46,,,,,,,,,
54,56,18,16,1024,80,11360,12384,56,10,46,56,10,46,,,,,,,,,
54,56,18,16,1024,80,11360,12384,56,10,46,56,10,46,,,,,,,,,
54,56,18,16,1024,80,11360,12384,56,10,46,56,10,46,,,,,,,,,
58,56,18,16,1024,80,11360,12384,56,10,46,56,10,46,,,,,,,,,
58,56,18,16,1024,80,11360,12384,56,10,46,56,10,46,,,,,,,,,
58,63,19,18,1152,90,12780,13932,63,10,53,63,10,53,,,,,,,,,
58,63,19,18,1152,90,12780,13932,63,10,53,63,10,53,,,,,,,,,
58,63,19,18,1152,90,12780,13932,63,10,53,63,10,53,,,,,,,,,
58,63,19,18,1152,90,12780,13932,63,10,53,63,10,53,,,,,,,,,
63,63,19,18,1152,90,12780,13932,63,10,53,63,10,53,,,,,,,,,
63,63,19,18,1152,90,12780,13932,63,10,53,63,10,53,,,,,,,,,
63,63,19,18,1152,90,12780,13932,63,10,53,63,10,53,,,,,,,,,
63,63,19,18,1152,90,12780,13932,63,10,53,63,10,53,,,,,,,,,
63,63,19,18,1152,90,12780,13932,63,10,53,63,10,53,,,,,,,,,
63,63,19,18,1152,90,12780,13932,63,10,53,63,10,53,,,,,,,,,
57,63,19,18,1152,90,12780,13932,63,10,53,63,10,53,,,,,,,,,
57,63,19,18,1152,90,12780,13932,63,10,53,63,10,53,,,,,,,,,
57,63,19,18,1152,90,12780,13932,63,10,53,63,10,53,,,,,,,,,
57,63,19,18,1152,90,12780,13932,63,10,53,63,10,53,,,,,,,,,
57,63,19,18,1152,90,12780,13932,63,10,53,63,10,53,,,,,,,,,
57,63,19,18,1152,90,12780,13932,63,10,53,63,10,53,,,,,,,,,
53,63,19,18,1152,90,12780,13932,63,10,53,56,10,46,,,,,,,,,
53,63,19,18,1152,90,12780,13932,63,10,53,56,10,46,,,,,,,,,
53,63,19,18,1152,90,12780,13932,63,10,53,56,10,46,,,,,,,,,
53,63,19,18,1152,90,12780,13932,63,10,53,56,10,46,,,,,,,,,
53,63,19,18,1152,90,12780,13932,63,10,53,56,10,46,,,,,,,,,
53,56,18,16,1024,80,11360,12384,56,10,46,56,10,46,,,,,,,,,
41,56,18,16,1024,80,11360,12384,56,10,46,44,5,39,,,,,,,,,
41,56,18,16,1024,80,11360,12384,56,10,46,44,5,39,,,,,,,,,
41,56,18,16,1024,80,11360,12384,56,10,46,44,5,39,,,,,,,,,
41,56,18,16,1024,80,11360,12384,56,10,46,44,5,39,,,,,,,,,
41,56,18,16,1024,80,11360,12384,56,10,46,44,5,39,,,,,,,,,
41,44,16,12,768,70,9940,10708,44,5,39,44,5,39,,,,,,,,,
31,44,16,12,768,70,9940,10708,44,5,39,33,5,28,,,,,,,,,
31,44,16,12,768,70,9940,10708,44,5,39,33,5,28,,,,,,,,,
31,44,16,12,768,70,9940,10708,44,5,39,33,5,28,,,,,,,,,
31,44,16,12,768,70,9940,10708,44,5,39,33,5,28,,,,,,,,,
31,44,16,12,768,70,9940,10708,44,5,39,33,5,28,,,,,,,,,
31,33,5,10,640,40,5680,6320,33,5,28,33,5,28,,,,,,,,,
35,33,5,10,640,40,5680,6320,33,5,28,33,5,28,,,,,,,,,
35,33,5,10,640,40,5680,6320,33,5,28,33,5,28,,,,,,,,,
35,40,6,12,768,50,7100,7868,40,5,35,40,5,35,,,,,,,,,
35,40,6,12,768,50,7100,7868,40,5,35,40,5,35,,,,,,,,,
35,40,6,12,768,50,7100,7868,40,5,35,40,5,35,,,,,,,,,
35,40,6,12,768,50,7100,7868,40,5,35,40,5,35,,,,,,,,,
45,40,6,12,768,50,7100,7868,40,5,35,40,5,35,,,,,,,,,
45,40,6,12,768,50,7100,7868,40,5,35,40,5,35,,,,,,,,,
45,47,7,14,896,60,8520,9416,47,5,42,47,5,42,,,,,,,,,
45,47,7,14,896,60,8520,9416,47,5,42,47,5,42,,,,,,,,,
45,47,7,14,896,60,8520,9416,47,5,42,47,5,42,,,,,,,,,
45,47,7,14,896,60,8520,9416,47,5,42,47,5,42,,,,,,,,,
44,47,7,14,896,60,8520,9416,47,5,42,47,5,42,,,,,,,,,
44,47,7,14,896,60,8520,9416,47,5,42,47,5,42,,,,,,,,,
44,47,7,14,896,60,8520,9416,47,5,42,47,5,42,,,,,,,,,
44,47,7,14,896,60,8520,9416,47,5,42,47,5,42,,,,,,,,,
44,47,7,14,896,60,8520,9416,47,5,42,47,5,42,,,,,,,,,
44,47,7,14,896,60,8520,9416,47,5,42,47,5,42,,,,,,,,,
37,47,7,14,896,60,8520,9416,47,5,42,40,5,35,,,,,,,,,
37,47,7,14,896,60,8520,9416,47,5,42,40,5,35,,,,,,,,,
37,47,7,14,896,60,8520,9416,47,5,42,40,5,35,,,,,,,,,
37,47,7,14,896,60,8520,9416,47,5,42,40,5,35,,,,,,,,,
37,47,7,14,896,60,8520,9416,47,5,42,40,5,35,,,,,,,,,
37,40,6,12,768,50,7100,7868,40,5,35,40,5,35,,,,,,,,,
32,40,6,12,768,50,7100,7868,40,5,35,33,5,28,,,,,,,,,
32,40,6,12,768,50,7100,7868,40,5,35,33,5,28,,,,,,,,,
32,40,6,12,768,50,7100,7868,40,5,35,33,5,28,,,,,,,,,
32,40,6,12,768,50,7100,7868,40,5,35,33,5,28,,,,,,,,,
32,40,6,12,768,50,7100,7868,40,5,35,33,5,28,,,,,,,,,
32,33,5,10,640,40,5680,6320,33,5,28,33,5,28,,,,,,,,,
36,33,5,10,640,40,5680,6320,33,5,28,33,5,28,,,,,,,,,
36,33,5,10,640,40,5680,6320,33,5,28,33,5,28,,,,,,,,,
36,40,6,12,768,50,7100,7868,40,5,35,40,5,35,,,,,,,,,
36,40,6,12,768,50,7100,7868,40,5,35,40,5,35,,,,,,,,,
36,40,6,12,768,50,7100,7868,40,5,35,40,5,35,,,,,,,,,
36,40,6,12,768,50,7100,7868,40,5,35,40,5,35,,,,,,,,,
32,40,6,12,768,50,7100,7868,40,5,35,33,5,28,,,,,,,,,
32,40,6,12,768,50,7100,7868,40,5,35,33,5,28,,,,,,,,,
32,40,6,12,768,50,7100,7868,40,5,35,33,5,28,,,,,,,,,
32,40,6,12,768,50,7100,7868,40,5,35,33,5,28,,,,,,,,,
32,40,6,12,768,50,7100,7868,40,5,35,33,5,28,,,,,,,,,
32,33,5,10,640,40,5680,6320,33,5,28,33,5,28,,,,,,,,,
33,33,5,10,640,40,5680,6320,33,5,28,33,5,28,,,,,,,,,
33,33,5,10,640,40,5680,6320,33,5,28,33,5,28,,,,,,,,,
33,33,5,10,640,40,5680,6320,33,5,28,33,5,28,,,,,,,,,
33,33,5,10,640,40,5680,6320,33,5,28,33,5,28,,,,,,,,,
33,33,5,10,640,40,5680,6320,33,5,28,33,5,28,,,,,,,,,
33,33,5,10,640,40,5680,6320,33,5,28,33,5,28,,,,,,,,,
24,33,5,10,640,40,5680,6320,33,5,28,26,5,21,,,,,,,,,
24,33,5,10,640,40,5680,6320,33,5,28,26,5,21,,,,,,,,,
24,33,5,10,640,40,5680,6320,33,5,28,26,5,21,,,,,,,,,
24,33,5,10,640,40,5680,6320,33,5,28,26,5,21,,,,,,,,,
24,33,5,10,640,40,5680,6320,33,5,28,26,5,21,,,,,,,,,
24,26,4,8,512,30,4260,4772,26,5,21,26,5,21,,,,,,,,,
27,26,4,8,512,30,4260,4772,26,5,21,26,5,21,,,,,,,,,
27,26,4,8,512,30,4260,4772,26,5,21,26,5,21,,,,,,,,,
27,33,5,10,640,40,5680,6320,33,5,28,29,5,24,,,,,,,,,
27,33,5,10,640,40,5680,6320,33,5,28,29,5,24,,,,,,,,,
27,33,5,10,640,40,5680,6320,33,5,28,29,5,24,,,,,,,,,
27,33,5,10,640,40,5680,6320,33,5,28,29,5,24,,,,,,,,,
26,33,5,10,640,40,5680,6320,33,5,28,26,5,21,,,,,,,,,
26,33,5,10,640,40,5680,6320,33,5,28,26,5,21,,,,,,,,,
26,33,5,10,640,40,5680,6320,33,5,28,26,5,21,,,,,,,,,
26,33,5,10,640,40,5680,6320,33,5,28,26,5,21,,,,,,,,,
26,33,5,10,640,40,5680,6320,33,5,28,26,5,21,,,,,,,,,
26,26,4,8,512,30,4260,4772,26,5,21,26,5,21,,,,,,,,,
26,26,4,8,512,30,4260,4772,26,5,21,26,5,21,,,,,,,,,
26,26,4,8,512,30,4260,4772,26,5,21,26,5,21,,,,,,,,,
26,26,4,8,512,30,4260,4772,26,5,21,26,5,21,,,,,,,,,
26,26,4,8,512,30,4260,4772,26,5,21,26,5,21,,,,,,,,,
26,26,4,8,512,30,4260,4772,26,5,21,26,5,21,,,,,,,,,
26,26,4,8,512,30,4260,4772,26,5,21,26,5,21,,,,,,,,,
19,26,4,8,512,30,4260,4772,26,5,21,19,5,14,,,,,,,,,
19,26,4,8,512,30,4260,4772,26,5,21,19,5,14,,,,,,,,,
19,26,4,8,512,30,4260,4772,26,5,21,19,5,14,,,,,,,,,
19,26,4,8,512,30,4260,4772,26,5,21,19,5,14,,,,,,,,,
19,26,4,8,512,30,4260,4772,26,5,21,19,5,14,,,,,,,,,
19,19,3,6,384,20,2840,3224,19,5,14,19,5,14,,,,,,,,,
19,19,3,6,384,20,2840,3224,19,5,14,19,5,14,,,,,,,,,
19,19,3,6,384,20,2840,3224,19,5,14,19,5,14,,,,,,,,,
19,19,3,6,384,20,2840,3224,19,5,14,19,5,14,,,,,,,,,
19,19,3,6,384,20,2840,3224,19,5,14,19,5,14,,,,,,,,,
19,19,3,6,384,20,2840,3224,19,5,14,19,5,14,,,,,,,,,
19,19,3,6,384,20,2840,3224,19,5,14,19,5,14,,,,,,,,,
35,19,3,6,384,20,2840,3224,19,5,14,19,5,14,,,,,,,,,
35,19,3,6,384,20,2840,3224,19,5,14,19,5,14,,,,,,,,,
35,35,15,10,640,50,7100,7740,35,10,25,35,10,25,,,,,,,,,
35,35,15,10,640,50,7100,7740,35,10,25,35,10,25,,,,,,,,,
35,35,15,10,640,50,7100,7740,35,10,25,35,10,25,,,,,,,,,
35,35,15,10,640,50,7100,7740,35,10,25,35,10,25,,,,,,,,,
30,35,15,10,640,50,7100,7740,35,10,25,30,5,25,,,,,,,,,
30,35,15,10,640,50,7100,7740,35,10,25,30,5,25,,,,,,,,,
30,35,15,10,640,50,7100,7740,35,10,25,30,5,25,,,,,,,,,
30,35,15,10,640,50,7100,7740,35,10,25,30,5,25,,,,,,,,,
30,35,15,10,640,50,7100,7740,35,10,25,30,5,25,,,,,,,,,
30,30,14,8,512,50,7100,7612,30,5,25,30,5,25,,,,,,,,,
18,30,14,8,512,50,7100,7612,30,5,25,18,0,18,,,,,,,,,
18,30,14,8,512,50,7100,7612,30,5,25,18,0,18,,,,,,,,,
18,30,14,8,512,50,7100,7612,30,5,25,18,0,18,,,,,,,,,
18,30,14,8,512,50,7100,7612,30,5,25,18,0,18,,,,,,,,,
18,30,14,8,512,50,7100,7612,30,5,25,18,0,18,,,,,,,,,
18,18,12,4,256,40,5680,5936,18,0,18,18,0,18,,,,,,,,,
22,18,12,4,256,40,5680,5936,18,0,18,18,0,18,,,,,,,,,
22,18,12,4,256,40,5680,5936,18,0,18,18,0,18,,,,,,,,,
22,23,13,6,384,40,5680,6064,23,5,18,23,5,18,,,,,,,,,
22,23,13,6,384,40,5680,6064,23,5,18,23,5,18,,,,,,,,,
22,23,13,6,384,40,5680,6064,23,5,18,23,5,18,,,,,,,,,
22,23,13,6,384,40,5680,6064,23,5,18,23,5,18,,,,,,,,,
23,23,13,6,384,40,5680,6064,23,5,18,23,5,18,,,,,,,,,
23,23,13,6,384,40,5680,6064,23,5,18,23,5,18,,,,,,,,,
23,23,13,6,384,40,5680,6064,23,5,18,23,5,18,,,,,,,,,
23,23,13,6,384,40,5680,6064,23,5,18,23,5,18,,,,,,,,,
23,23,13,6,384,40,5680,6064,23,5,18,23,5,18,,,,,,,,,
23,23,13,6,384,40,5680,6064,23,5,18,23,5,18,,,,,,,,,
27,23,13,6,384,40,5680,6064,23,5,18,23,5,18,,,,,,,,,
27,23,13,6,384,40,5680,6064,23,5,18,23,5,18,,,,,,,,,
27,28,14,8,512,40,5680,6192,28,10,18,28,10,18,,,,,,,,,
27,28,14,8,512,40,5680,6192,28,10,18,28,10,18,,,,,,,,,
27,28,14,8,512,40,5680,6192,28,10,18,28,10,18,,,,,,,,,
27,28,14,8,512,40,5680,6192,28,10,18,28,10,18,,,,,,,,,
22,28,14,8,512,40,5680,6192,28,10,18,23,5,18,,,,,,,,,
22,28,14,8,512,40,5680,6192,28,10,18,23,5,18,,,,,,,,,
22,28,14,8,512,40,5680,6192,28,10,18,23,5,18,,,,,,,,,
22,28,14,8,512,40,5680,6192,28,10,18,23,5,18,,,,,,,,,
22,28,14,8,512,40,5680,6192,28,10,18,23,5,18,,,,,,,,,
22,23,13,6,384,40,5680,6064,23,5,18,23,5,18,,,,,,,,,
19,23,13,6,384,40,5680,6064,23,5,18,20,4,16,,,,,,,,,
19,23,13,6,384,40,5680,6064,23,5,18,20,4,16,,,,,,,,,
19,23,13,6,384,40,5680,6064,23,5,18,20,4,16,,,,,,,,,
19,23,13,6,384,40,5680,6064,23,5,18,20,4,16,,,,,,,,,
19,23,13,6,384,40,5680,6064,23,5,18,20,4,16,,,,,,,,,
19,23,13,6,384,40,5680,6064,23,5,18,20,4,16,,,,,,,,,
16,23,13,6,384,40,5680,6064,23,5,18,16,0,16,,,,,,,,,
16,23,13,6,384,40,5680,6064,23,5,18,16,0,16,,,,,,,,,
16,23,13,6,384,40,5680,6064,23,5,18,16,0,16,,,,,,,,,
16,23,13,6,384,40,5680,6064,23,5,18,16,0,16,,,,,,,,,
16,23,13,6,384,40,5680,6064,23,5,18,16,0,16,,,,,,,,,
16,18,12,4,256,40,5680,5936,18,0,18,16,0,16,,,,,,,,,
22,18,12,4,256,40,5680,5936,18,0,18,18,0,18,,,,,,,,,
22,18,12,4,256,40,5680,5936,18,0,18,18,0,18,,,,,,,,,
22,23,13,6,384,40,5680,6064,23,5,18,23,5,18,,,,,,,,,
22,23,13,6,384,40,5680,6064,23,5,18,23,5,18,,,,,,,,,
22,23,13,6,384,40,5680,6064,23,5,18,23,5,18,,,,,,,,,
22,23,13,6,384,40,5680,6064,23,5,18,23,5,18,,,,,,,,,
26,23,13,6,384,40,5680,6064,23,5,18,23,5,18,,,,,,,,,
26,23,13,6,384,40,5680,6064,23,5,18,23,5,18,,,,,,,,,
26,28,14,8,512,40,5680,6192,28,10,18,28,10,18,,,,,,,,,
26,28,14,8,512,40,5680,6192,28,10,18,28,10,18,,,,,,,,,
26,28,14,8,512,40,5680,6192,28,10,18,28,10,18,,,,,,,,,
26,28,14,8,512,40,5680,6192,28,10,18,28,10,18,,,,,,,,,
31,28,14,8,512,40,5680,6192,28,10,18,28,10,18,,,,,,,,,
31,28,14,8,512,40,5680,6192,28,10,18,28,10,18,,,,,,,,,
31,35,15,10,640,50,7100,7740,35,10,25,33,10,23,,,,,,,,,
31,35,15,10,640,50,7100,7740,35,10,25,33,10,23,,,,,,,,,
31,35,15,10,640,50,7100,7740,35,10,25,33,10,23,,,,,,,,,
31,35,15,10,640,50,7100,7740,35,10,25,33,10,23,,,,,,,,,
32,35,15,10,640,50,7100,7740,35,10,25,35,10,25,,,,,,,,,
32,35,15,10,640,50,7100,7740,35,10,25,35,10,25,,,,,,,,,
32,35,15,10,640,50,7100,7740,35,10,25,35,10,25,,,,,,,,,
32,35,15,10,640,50,7100,7740,35,10,25,35,10,25,,,,,,,,,
32,35,15,10,640,50,7100,7740,35,10,25,35,10,25,,,,,,,,,
32,35,15,10,640,50,7100,7740,35,10,25,35,10,25,,,,,,,,,
18,35,15,10,640,50,7100,7740,35,10,25,19,5,14,,,,,,,,,
18,35,15,10,640,50,7100,7740,35,10,25,19,5,14,,,,,,,,,
18,35,15,10,640,50,7100,7740,35,10,25,19,5,14,,,,,,,,,
18,35,15,10,640,50,7100,7740,35,10,25,19,5,14,,,,,,,,,
18,35,15,10,640,50,7100,7740,35,10,25,19,5,14,,,,,,,,,
18,19,3,6,384,20,2840,3224,19,5,14,19,5,14,,,,,,,,,
16,19,3,6,384,20,2840,3224,19,5,14,17,5,12,,,,,,,,,
16,19,3,6,384,20,2840,3224,19,5,14,17,5,12,,,,,,,,,
16,19,3,6,384,20,2840,3224,19,5,14,17,5,12,,,,,,,,,
16,19,3,6,384,20,2840,3224,19,5,14,17,5,12,,,,,,,,,
16,19,3,6,384,20,2840,3224,19,5,14,17,5,12,,,,,,,,,
16,19,3,6,384,20,2840,3224,19,5,14,17,5,12,,,,,,,,,
21,19,3,6,384,20,2840,3224,19,5,14,19,5,14,,,,,,,,,
21,19,3,6,384,20,2840,3224,19,5,14,19,5,14,,,,,,,,,
21,26,4,8,512,30,4260,4772,26,5,21,23,5,18,,,,,,,,,
21,26,4,8,512,30,4260,4772,26,5,21,23,5,18,,,,,,,,,
21,26,4,8,512,30,4260,4772,26,5,21,23,5,18,,,,,,,,,
21,26,4,8,512,30,4260,4772,26,5,21,23,5,18,,,,,,,,,
19,26,4,8,512,30,4260,4772,26,5,21,21,0,21,,,,,,,,,
19,26,4,8,512,30,4260,4772,26,5,21,21,0,21,,,,,,,,,
19,26,4,8,512,30,4260,4772,26,5,21,21,0,21,,,,,,,,,
19,26,4,8,512,30,4260,4772,26,5,21,21,0,21,,,,,,,,,
19,26,4,8,512,30,4260,4772,26,5,21,21,0,21,,,,,,,,,
19,21,3,6,384,30,4260,4644,21,0,21,21,0,21,,,,,,,,,
14,21,3,6,384,30,4260,4644,21,0,21,14,0,14,,,,,,,,,
14,21,3,6,384,30,4260,4644,21,0,21,14,0,14,,,,,,,,,
14,21,3,6,384,30,4260,4644,21,0,21,14,0,14,,,,,,,,,
14,21,3,6,384,30,4260,4644,21,0,21,14,0,14,,,,,,,,,
14,21,3,6,384,30,4260,4644,21,0,21,14,0,14,,,,,,,,,
14,14,2,4,256,20,2840,3096,14,0,14,14,0,14,,,,,,,,,
11,14,2,4,256,20,2840,3096,14,0,14,12,0,12,,,,,,,,,
11,14,2,4,256,20,2840,3096,14,0,14,12,0,12,,,,,,,,,
11,14,2,4,256,20,2840,3096,14,0,14,12,0,12,,,,,,,,,
11,14,2,4,256,20,2840,3096,14,0,14,12,0,12,,,,,,,,,
11,14,2,4,256,20,2840,3096,14,0,14,12,0,12,,,,,,,,,
11,14,2,4,256,20,2840,3096,14,0,14,12,0,12,,,,,,,,,
8,14,2,4,256,20,2840,3096,14,0,14,8,0,8,,,,,,,,,
8,14,2,4,256,20,2840,3096,14,0,14,8,0,8,,,,,,,,,
8,14,2,4,256,20,2840,3096,14,0,14,8,0,8,,,,,,,,,
8,14,2,4,256,20,2840,3096,14,0,14,8,0,8,,,,,,,,,
8,14,2,4,256,20,2840,3096,14,0,14,8,0,8,,,,,,,,,
8,14,2,4,256,20,2840,3096,14,0,14,8,0,8,,,,,,,,,
12,14,2,4,256,20,2840,3096,14,0,14,12,0,12,,,,,,,,,
12,14,2,4,256,20,2840,3096,14,0,14,12,0,12,,,,,,,,,
12,14,2,4,256,20,2840,3096,14,0,14,12,0,12,,,,,,,,,
12,14,2,4,256,20,2840,3096,14,0,14,12,0,12,,,,,,,,,
12,14,2,4,256,20,2840,3096,14,0,14,12,0,12,,,,,,,,,
12,14,2,4,256,20,2840,3096,14,0,14,12,0,12,,,,,,,,,
12,14,2,4,256,20,2840,3096,14,0,14,12,0,12,,,,,,,,,
12,14,2,4,256,20,2840,3096,14,0,14,12,0,12,,,,,,,,,
12,14,2,4,256,20,2840,3096,14,0,14,12,0,12,,,,,,,,,
12,14,2,4,256,20,2840,3096,14,0,14,12,0,12,,,,,,,,,
12,14,2,4,256,20,2840,3096,14,0,14,12,0,12,,,,,,,,,
12,14,2,4,256,20,2840,3096,14,0,14,12,0,12,,,,,,,,,
16,14,2,4,256,20,2840,3096,14,0,14,14,0,14,,,,,,,,,
16,14,2,4,256,20,2840,3096,14,0,14,14,0,14,,,,,,,,,
16,21,3,6,384,30,4260,4644,21,0,21,18,0,18,,,,,,,,,
16,21,3,6,384,30,4260,4644,21,0,21,18,0,18,,,,,,,,,
16,21,3,6,384,30,4260,4644,21,0,21,18,0,18,,,,,,,,,
16,21,3,6,384,30,4260,4644,21,0,21,18,0,18,,,,,,,,,
17,21,3,6,384,30,4260,4644,21,0,21,18,0,18,,,,,,,,,
17,21,3,6,384,30,4260,4644,21,0,21,18,0,18,,,,,,,,,
17,21,3,6,384,30,4260,4644,21,0,21,18,0,18,,,,,,,,,
17,21,3,6,384,30,4260,4644,21,0,21,18,0,18,,,,,,,,,
17,21,3,6,384,30,4260,4644,21,0,21,18,0,18,,,,,,,,,
17,21,3,6,384,30,4260,4644,21,0,21,18,0,18,,,,,,,,,
17,21,3,6,384,30,4260,4644,21,0,21,18,0,18,,,,,,,,,
17,21,3,6,384,30,4260,4644,21,0,21,18,0,18,,,,,,,,,
17,21,3,6,384,30,4260,4644,21,0,21,18,0,18,,,,,,,,,
17,21,3,6,384,30,4260,4644,21,0,21,18,0,18,,,,,,,,,
17,21,3,6,384,30,4260,4644,21,0,21,18,0,18,,,,,,,,,
17,21,3,6,384,30,4260,4644,21,0,21,18,0,18,,,,,,,,,
12,21,3,6,384,30,4260,4644,21,0,21,12,0,12,,,,,,,,,
12,21,3,6,384,30,4260,4644,21,0,21,12,0,12,,,,,,,,,
12,21,3,6,384,30,4260,4644,21,0,21,12,0,12,,,,,,,,,
12,21,3,6,384,30,4260,4644,21,0,21,12,0,12,,,,,,,,,
12,21,3,6,384,30,4260,4644,21,0,21,12,0,12,,,,,,,,,
12,14,2,4,256,20,2840,3096,14,0,14,12,0,12,,,,,,,,,
10,14,2,4,256,20,2840,3096,14,0,14,10,0,10,,,,,,,,,
10,14,2,4,256,20,2840,3096,14,0,14,10,0,10,,,,,,,,,
10,14,2,4,256,20,2840,3096,14,0,14,10,0,10,,,,,,,,,
10,14,2,4,256,20,2840,3096,14,0,14,10,0,10,,,,,,,,,
10,14,2,4,256,20,2840,3096,14,0,14,10,0,10,,,,,,,,,
10,14,2,4,256,20,2840,3096,14,0,14,10,0,10,,,,,,,,,
13,14,2,4,256,20,2840,3096,14,0,14,14,0,14,,,,,,,,,
13,14,2,4,256,20,2840,3096,14,0,14,14,0,14,,,,,,,,,
13,14,2,4,256,20,2840,3096,14,0,14,14,0,14,,,,,,,,,
13,14,2,4,256,20,2840,3096,14,0,14,14,0,14,,,,,,,,,
13,14,2,4,256,20,2840,3096,14,0,14,14,0,14,,,,,,,,,
13,14,2,4,256,20,2840,3096,14,0,14,14,0,14,,,,,,,,,
13,14,2,4,256,20,2840,3096,14,0,14,14,0,14,,,,,,,,,
13,14,2,4,256,20,2840,3096,14,0,14,14,0,14,,,,,,,,,
13,14,2,4,256,20,2840,3096,14,0,14,14,0,14,,,,,,,,,
13,14,2,4,256,20,2840,3096,14,0,14,14,0,14,,,,,,,,,
13,14,2,4,256,20,2840,3096,14,0,14,14,0,14,,,,,,,,,
13,14,2,4,256,20,2840,3096,14,0,14,14,0,14,,,,,,,,,
10,14,2,4,256,20,2840,3096,14,0,14,10,0,10,,,,,,,,,
10,14,2,4,256,20,2840,3096,14,0,14,10,0,10,,,,,,,,,
10,14,2,4,256,20,2840,3096,14,0,14,10,0,10,,,,,,,,,
10,14,2,4,256,20,2840,3096,14,0,14,10,0,10,,,,,,,,,
10,14,2,4,256,20,2840,3096,14,0,14,10,0,10,,,,,,,,,
10,14,2,4,256,20,2840,3096,14,0,14,10,0,10,,,,,,,,,
6,14,2,4,256,20,2840,3096,14,0,14,6,0,6,,,,,,,,,
6,14,2,4,256,20,2840,3096,14,0,14,6,0,6,,,,,,,,,
6,14,2,4,256,20,2840,3096,14,0,14,6,0,6,,,,,,,,,
6,14,2,4,256,20,2840,3096,14,0,14,6,0,6,,,,,,,,,
6,14,2,4,256,20,2840,3096,14,0,14,6,0,6,,,,,,,,,
6,7,1,2,128,10,1420,1548,7,0,7,6,0,6,,,,,,,,,
4,7,1,2,128,10,1420,1548,7,0,7,4,0,4,,,,,,,,,
4,7,1,2,128,10,1420,1548,7,0,7,4,0,4,,,,,,,,,
4,7,1,2,128,10,1420,1548,7,0,7,4,0,4,,,,,,,,,
4,7,1,2,128,10,1420,1548,7,0,7,4,0,4,,,,,,,,,
4,7,1,2,128,10,1420,1548,7,0,7,4,0,4,,,,,,,,,
4,7,1,2,128,10,1420,1548,7,0,7,4,0,4,,,,,,,,,
3,7,1,2,128,10,1420,1548,7,0,7,3,0,3,,,,,,,,,
3,7,1,2,128,10,1420,1548,7,0,7,3,0,3,,,,,,,,,
3,7,1,2,128,10,1420,1548,7,0,7,3,0,3,,,,,,,,,
3,7,1,2,128,10,1420,1548,7,0,7,3,0,3,,,,,,,,,
3,7,1,2,128,10,1420,1548,7,0,7,3,0,3,,,,,,,,,
3,7,1,2,128,10,1420,1548,7,0,7,3,0,3,,,,,,,,,
3,7,1,2,128,10,1420,1548,7,0,7,0,0,0,,,,,,,,,
0,7,1,2,128,10,1420,1548,7,0,7,0,0,0,,,,,,,,,
0,7,1,2,128,10,1420,1548,7,0,7,0,0,0,,,,,,,,,
0,7,1,2,128,10,1420,1548,7,0,7,0,0,0,,,,,,,,,
0,7,1,2,128,10,1420,1548,7,0,7,0,0,0,,,,,,,,,
1,7,1,2,128,10,1420,1548,7,0,7,1,0,1,,,,,,,,,
1,7,1,2,128,10,1420,1548,7,0,7,1,0,1,,,,,,,,,
1,7,1,2,128,10,1420,1548,7,0,7,1,0,1,,,,,,,,,
1,7,1,2,128,10,1420,1548,7,0,7,1,0,1,,,,,,,,,
1,7,1,2,128,10,1420,1548,7,0,7,1,0,1,,,,,,,,,
1,7,1,2,128,10,1420,1548,7,0,7,1,0,1,,,,,,,,,
1,7,1,2,128,10,1420,1548,7,0,7,1,0,1,,,,,,,,,
1,7,1,2,128,10,1420,1548,7,0,7,1,0,1,,,,,,,,,
1,7,1,2,128,10,1420,1548,7,0,7,1,0,1,,,,,,,,,
1,7,1,2,128,10,1420,1548,7,0,7,1,0,1,,,,,,,,,
1,7,1,2,128,10,1420,1548,7,0,7,1,0,1,,,,,,,,,
1,7,1,2,128,10,1420,1548,7,0,7,1,0,1,,,,,,,,,
1,7,1,2,128,10,1420,1548,7,0,7,1,0,1,,,,,,,,,
1,7,1,2,128,10,1420,1548,7,0,7,1,0,1,,,,,,,,,
1,7,1,2,128,10,1420,1548,7,0,7,1,0,1,,,,,,,,,
1,7,1,2,128,10,1420,1548,7,0,7,1,0,1,,,,,,,,,
1,7,1,2,128,10,1420,1548,7,0,7,0,0,0,,,,,,,,,
0,7,1,2,128,10,1420,1548,7,0,7,0,0,0,,,,,,,,,
0,7,1,2,128,10,1420,1548,7,0,7,0,0,0,,,,,,,,,
0,7,1,2,128,10,1420,1548,7,0,7,0,0,0,,,,,,,,,
0,7,1,2,128,10,1420,1548,7,0,7,0,0,0,,,,,,,,,
4,7,1,2,128,10,1420,1548,7,0,7,4,0,4,,,,,,,,,
4,7,1,2,128,10,1420,1548,7,0,7,4,0,4,,,,,,,,,
4,7,1,2,128,10,1420,1548,7,0,7,4,0,4,,,,,,,,,
4,7,1,2,128,10,1420,1548,7,0,7,4,0,4,,,,,,,,,
1,7,1,2,128,10,1420,1548,7,0,7,1,0,1,,,,,,,,,
1,7,1,2,128,10,1420,1548,7,0,7,1,0,1,,,,,,,,,
1,7,1,2,128,10,1420,1548,7,0,7,1,0,1,,,,,,,,,
1,7,1,2,128,10,1420,1548,7,0,7,1,0,1,,,,,,,,,
1,7,1,2,128,10,1420,1548,7,0,7,1,0,1,,,,,,,,,
1,7,1,2,128,10,1420,1548,7,0,7,1,0,1,,,,,,,,,
1,7,1,2,128,10,1420,1548,7,0,7,0,0,0,,,,,,,,,
0,7,1,2,128,10,1420,1548,7,0,7,0,0,0,,,,,,,,,
0,7,1,2,128,10,1420,1548,7,0,7,0,0,0,,,,,,,,,
0,7,1,2,128,10,1420,1548,7,0,7,0,0,0,,,,,,,,,
0,7,1,2,128,10,1420,1548,7,0,7,0,0,0,,,,,,,,,
4,7,1,2,128,10,1420,1548,7,0,7,4,0,4,,,,,,,,,
4,7,1,2,128,10,1420,1548,7,0,7,4,0,4,,,,,,,,,
7,7,1,2,128,10,1420,1548,7,0,7,7,0,7,,,,,,,,,
7,7,1,2,128,10,1420,1548,7,0,7,7,0,7,,,,,,,,,
7,7,1,2,128,10,1420,1548,7,0,7,7,0,7,,,,,,,,,
7,7,1,2,128,10,1420,1548,7,0,7,7,0,7,,,,,,,,,
7,7,1,2,128,10,1420,1548,7,0,7,7,0,7,,,,,,,,,
7,7,1,2,128,10,1420,1548,7,0,7,7,0,7,,,,,,,,,
12,7,1,2,128,10,1420,1548,7,0,7,7,0,7,,,,,,,,,
12,14,2,4,256,20,2840,3096,14,0,14,12,0,12,,,,,,,,,
12,14,2,4,256,20,2840,3096,14,0,14,12,0,12,,,,,,,,,
12,14,2,4,256,20,2840,3096,14,0,14,12,0,12,,,,,,,,,
12,14,2,4,256,20,2840,3096,14,0,14,12,0,12,,,,,,,,,
12,14,2,4,256,20,2840,3096,14,0,14,12,0,12,,,,,,,,,
13,14,2,4,256,20,2840,3096,14,0,14,14,0,14,,,,,,,,,
13,14,2,4,256,20,2840,3096,14,0,14,14,0,14,,,,,,,,,
13,14,2,4,256,20,2840,3096,14,0,14,14,0,14,,,,,,,,,
13,14,2,4,256,20,2840,3096,14,0,14,14,0,14,,,,,,,,,
13,14,2,4,256,20,2840,3096,14,0,14,14,0,14,,,,,,,,,
13,14,2,4,256,20,2840,3096,14,0,14,14,0,14,,,,,,,,,
13,14,2,4,256,20,2840,3096,14,0,14,14,0,14,,,,,,,,,
13,14,2,4,256,20,2840,3096,14,0,14,14,0,14,,,,,,,,,
13,14,2,4,256,20,2840,3096,14,0,14,14,0,14,,,,,,,,,
13,14,2,4,256,20,2840,3096,14,0,14,14,0,14,,,,,,,,,
13,14,2,4,256,20,2840,3096,14,0,14,14,0,14,,,,,,,,,
13,14,2,4,256,20,2840,3096,14,0,14,14,0,14,,,,,,,,,
13,14,2,4,256,20,2840,3096,14,0,14,0,0,0,,,,,,,,,
0,14,2,4,256,20,2840,3096,14,0,14,0,0,0,,,,,,,,,
0,14,2,4,256,20,2840,3096,14,0,14,0,0,0,,,,,,,,,
0,14,2,4,256,20,2840,3096,14,0,14,0,0,0,,,,,,,,,
1,7,1,2,128,10,1420,1548,7,0,7,1,0,1,,,,,,,,,
1,7,1,2,128,10,1420,1548,7,0,7,1,0,1,,,,,,,,,
1,7,1,2,128,10,1420,1548,7,0,7,1,0,1,,,,,,,,,
1,7,1,2,128,10,1420,1548,7,0,7,1,0,1,,,,,,,,,
7,7,1,2,128,10,1420,1548,7,0,7,7,0,7,,,,,,,,,
7,7,1,2,128,10,1420,1548,7,0,7,7,0,7,,,,,,,,,
7,7,1,2,128,10,1420,1548,7,0,7,7,0,7,,,,,,,,,
7,7,1,2,128,10,1420,1548,7,0,7,7,0,7,,,,,,,,,
7,7,1,2,128,10,1420,1548,7,0,7,7,0,7,,,,,,,,,
7,7,1,2,128,10,1420,1548,7,0,7,7,0,7,,,,,,,,,
11,7,1,2,128,10,1420,1548,7,0,7,7,0,7,,,,,,,,,
11,7,1,2,128,10,1420,1548,7,0,7,7,0,7,,,,,,,,,
11,14,2,4,256,20,2840,3096,14,0,14,12,0,12,,,,,,,,,
11,14,2,4,256,20,2840,3096,14,0,14,12,0,12,,,,,,,,,
11,14,2,4,256,20,2840,3096,14,0,14,12,0,12,,,,,,,,,
11,14,2,4,256,20,2840,3096,14,0,14,12,0,12,,,,,,,,,
11,14,2,4,256,20,2840,3096,14,0,14,12,0,12,,,,,,,,,
11,14,2,4,256,20,2840,3096,14,0,14,12,0,12,,,,,,,,,
11,14,2,4,256,20,2840,3096,14,0,14,12,0,12,,,,,,,,,
11,14,2,4,256,20,2840,3096,14,0,14,12,0,12,,,,,,,,,
11,14,2,4,256,20,2840,3096,14,0,14,12,0,12,,,,,,,,,
11,14,2,4,256,20,2840,3096,14,0,14,12,0,12,,,,,,,,,
9,14,2,4,256,20,2840,3096,14,0,14,10,0,10,,,,,,,,,
9,14,2,4,256,20,2840,3096,14,0,14,10,0,10,,,,,,,,,
9,14,2,4,256,20,2840,3096,14,0,14,10,0,10,,,,,,,,,
9,14,2,4,256,20,2840,3096,14,0,14,10,0,10,,,,,,,,,
9,14,2,4,256,20,2840,3096,14,0,14,10,0,10,,,,,,,,,
9,14,2,4,256,20,2840,3096,14,0,14,10,0,10,,,,,,,,,
11,14,2,4,256,20,2840,3096,14,0,14,12,0,12,,,,,,,,,
11,14,2,4,256,20,2840,3096,14,0,14,12,0,12,,,,,,,,,
11,14,2,4,256,20,2840,3096,14,0,14,12,0,12,,,,,,,,,
11,14,2,4,256,20,2840,3096,14,0,14,12,0,12,,,,,,,,,
11,14,2,4,256,20,2840,3096,14,0,14,12,0,12,,,,,,,,,
11,14,2,4,256,20,2840,3096,14,0,14,12,0,12,,,,,,,,,
8,14,2,4,256,20,2840,3096,14,0,14,8,0,8,,,,,,,,,
8,14,2,4,256,20,2840,3096,14,0,14,8,0,8,,,,,,,,,
8,14,2,4,256,20,2840,3096,14,0,14,8,0,8,,,,,,,,,
8,14,2,4,256,20,2840,3096,14,0,14,8,0,8,,,,,,,,,
8,14,2,4,256,20,2840,3096,14,0,14,8,0,8,,,,,,,,,
8,14,2,4,256,20,2840,3096,14,0,14,8,0,8,,,,,,,,,
8,14,2,4,256,20,2840,3096,14,0,14,8,0,8,,,,,,,,,
8,14,2,4,256,20,2840,3096,14,0,14,8,0,8,,,,,,,,,
8,14,2,4,256,20,2840,3096,14,0,14,8,0,8,,,,,,,,,
8,14,2,4,256,20,2840,3096,14,0,14,8,0,8,,,,,,,,,
8,14,2,4,256,20,2840,3096,14,0,14,8,0,8,,,,,,,,,
8,14,2,4,256,20,2840,3096,14,0,14,8,0,8,,,,,,,,,
7,14,2,4,256,20,2840,3096,14,0,14,7,0,7,,,,,,,,,
7,14,2,4,256,20,2840,3096,14,0,14,7,0,7,,,,,,,,,
7,14,2,4,256,20,2840,3096,14,0,14,7,0,7,,,,,,,,,
7,14,2,4,256,20,2840,3096,14,0,14,7,0,7,,,,,,,,,
7,14,2,4,256,20,2840,3096,14,0,14,7,0,7,,,,,,,,,
7,7,1,2,128,10,1420,1548,7,0,7,7,0,7,,,,,,,,,
6,7,1,2,128,10,1420,1548,7,0,7,6,0,6,,,,,,,,,
6,7,1,2,128,10,1420,1548,7,0,7,6,0,6,,,,,,,,,
6,7,1,2,128,10,1420,1548,7,0,7,6,0,6,,,,,,,,,
6,7,1,2,128,10,1420,1548,7,0,7,6,0,6,,,,,,,,,
6,7,1,2,128,10,1420,1548,7,0,7,6,0,6,,,,,,,,,
6,7,1,2,128,10,1420,1548,7,0,7,6,0,6,,,,,,,,,
6,7,1,2,128,10,1420,1548,7,0,7,6,0,6,,,,,,,,,
6,7,1,2,128,10,1420,1548,7,0,7,6,0,6,,,,,,,,,
6,7,1,2,128,10,1420,1548,7,0,7,6,0,6,,,,,,,,,
6,7,1,2,128,10,1420,1548,7,0,7,6,0,6,,,,,,,,,
6,7,1,2,128,10,1420,1548,7,0,7,6,0,6,,,,,,,,,
6,7,1,2,128,10,1420,1548,7,0,7,6,0,6,,,,,,,,,
5,7,1,2,128,10,1420,1548,7,0,7,5,0,5,,,,,,,,,
5,7,1,2,128,10,1420,1548,7,0,7,5,0,5,,,,,,,,,
5,7,1,2,128,10,1420,1548,7,0,7,5,0,5,,,,,,,,,
5,7,1,2,128,10,1420,1548,7,0,7,5,0,5,,,,,,,,,
5,7,1,2,128,10,1420,1548,7,0,7,5,0,5,,,,,,,,,
5,7,1,2,128,10,1420,1548,7,0,7,5,0,5,,,,,,,,,
6,7,1,2,128,10,1420,1548,7,0,7,6,0,6,,,,,,,,,
6,7,1,2,128,10,1420,1548,7,0,7,6,0,6,,,,,,,,,
6,7,1,2,128,10,1420,1548,7,0,7,6,0,6,,,,,,,,,
6,7,1,2,128,10,1420,1548,7,0,7,6,0,6,,,,,,,,,
6,7,1,2,128,10,1420,1548,7,0,7,6,0,6,,,,,,,,,
6,7,1,2,128,10,1420,1548,7,0,7,6,0,6,,,,,,,,,
1,7,1,2,128,10,1420,1548,7,0,7,1,0,1,,,,,,,,,
1,7,1,2,128,10,1420,1548,7,0,7,1,0,1,,,,,,,,,
1,7,1,2,128,10,1420,1548,7,0,7,1,0,1,,,,,,,,,
1,7,1,2,128,10,1420,1548,7,0,7,1,0,1,,,,,,,,,
1,7,1,2,128,10,1420,1548,7,0,7,1,0,1,,,,,,,,,
1,7,1,2,128,10,1420,1548,7,0,7,1,0,1,,,,,,,,,
3,7,1,2,128,10,1420,1548,7,0,7,3,0,3,,,,,,,,,
3,7,1,2,128,10,1420,1548,7,0,7,3,0,3,,,,,,,,,
3,7,1,2,128,10,1420,1548,7,0,7,3,0,3,,,,,,,,,
3,7,1,2,128,10,1420,1548,7,0,7,3,0,3,,,,,,,,,
3,7,1,2,128,10,1420,1548,7,0,7,3,0,3,,,,,,,,,
3,7,1,2,128,10,1420,1548,7,0,7,3,0,3,,,,,,,,,
2,7,1,2,128,10,1420,1548,7,0,7,2,0,2,,,,,,,,,
2,7,1,2,128,10,1420,1548,7,0,7,2,0,2,,,,,,,,,
2,7,1,2,128,10,1420,1548,7,0,7,2,0,2,,,,,,,,,
2,7,1,2,128,10,1420,1548,7,0,7,2,0,2,,,,,,,,,
2,7,1,2,128,10,1420,1548,7,0,7,2,0,2,,,,,,,,,
2,7,1,2,128,10,1420,1548,7,0,7,2,0,2,,,,,,,,,
4,7,1,2,128,10,1420,1548,7,0,7,4,0,4,,,,,,,,,
4,7,1,2,128,10,1420,1548,7,0,7,4,0,4,,,,,,,,,
4,7,1,2,128,10,1420,1548,7,0,7,4,0,4,,,,,,,,,
4,7,1,2,128,10,1420,1548,7,0,7,4,0,4,,,,,,,,,
4,7,1,2,128,10,1420,1548,7,0,7,4,0,4,,,,,,,,,
4,7,1,2,128,10,1420,1548,7,0,7,4,0,4,,,,,,,,,
2,7,1,2,128,10,1420,1548,7,0,7,2,0,2,,,,,,,,,
2,7,1,2,128,10,1420,1548,7,0,7,2,0,2,,,,,,,,,
2,7,1,2,128,10,1420,1548,7,0,7,2,0,2,,,,,,,,,
2,7,1,2,128,10,1420,1548,7,0,7,2,0,2,,,,,,,,,
2,7,1,2,128,10,1420,1548,7,0,7,2,0,2,,,,,,,,,
2,7,1,2,128,10,1420,1548,7,0,7,2,0,2,,,,,,,,,
1,7,1,2,128,10,1420,1548,7,0,7,1,0,1,,,,,,,,,
1,7,1,2,128,10,1420,1548,7,0,7,1,0,1,,,,,,,,,
1,7,1,2,128,10,1420,1548,7,0,7,1,0,1,,,,,,,,,
1,7,1,2,128,10,1420,1548,7,0,7,1,0,1,,,,,,,,,
1,7,1,2,128,10,1420,1548,7,0,7,1,0,1,,,,,,,,,
1,7,1,2,128,10,1420,1548,7,0,7,1,0,1,,,,,,,,,
2,7,1,2,128,10,1420,1548,7,0,7,2,0,2,,,,,,,,,
2,7,1,2,128,10,1420,1548,7,0,7,2,0,2,,,,,,,,,
2,7,1,2,128,10,1420,1548,7,0,7,2,0,2,,,,,,,,,
2,7,1,2,128,10,1420,1548,7,0,7,2,0,2,,,,,,,,,
2,7,1,2,128,10,1420,1548,7,0,7,2,0,2,,,,,,,,,
2,7,1,2,128,10,1420,1548,7,0,7,2,0,2,,,,,,,,,
1,7,1,2,128,10,1420,1548,7,0,7,1,0,1,,,,,,,,,
1,7,1,2,128,10,1420,1548,7,0,7,1,0,1,,,,,,,,,
1,7,1,2,128,10,1420,1548,7,0,7,1,0,1,,,,,,,,,
1,7,1,2,128,10,1420,1548,7,0,7,1,0,1,,,,,,,,,
1,7,1,2,128,10,1420,1548,7,0,7,1,0,1,,,,,,,,,
1,7,1,2,128,10,1420,1548,7,0,7,1,0,1,,,,,,,,,
1,7,1,2,128,10,1420,1548,7,0,7,1,0,1,,,,,,,,,
1,7,1,2,128,10,1420,1548,7,0,7,1,0,1,,,,,,,,,
1,7,1,2,128,10,1420,1548,7,0,7,1,0,1,,,,,,,,,
1,7,1,2,128,10,1420,1548,7,0,7,1,0,1,,,,,,,,,
1,7,1,2,128,10,1420,1548,7,0,7,1,0,1,,,,,,,,,
1,7,1,2,128,10,1420,1548,7,0,7,1,0,1,,,,,,,,,
1,7,1,2,128,10,1420,1548,7,0,7,1,0,1,,,,,,,,,
1,7,1,2,128,10,1420,1548,7,0,7,1,0,1,,,,,,,,,
1,7,1,2,128,10,1420,1548,7,0,7,1,0,1,,,,,,,,,
1,7,1,2,128,10,1420,1548,7,0,7,1,0,1,,,,,,,,,
1,7,1,2,128,10,1420,1548,7,0,7,1,0,1,,,,,,,,,
1,7,1,2,128,10,1420,1548,7,0,7,1,0,1,,,,,,,,,
1,7,1,2,128,10,1420,1548,7,0,7,0,0,0,,,,,,,,,
0,7,1,2,128,10,1420,1548,7,0,7,0,0,0,,,,,,,,,
0,7,1,2,128,10,1420,1548,7,0,7,0,0,0,,,,,,,,,
0,7,1,2,128,10,1420,1548,7,0,7,0,0,0,,,,,,,,,
0,7,1,2,128,10,1420,1548,7,0,7,0,0,0,,,,,,,,,
4,7,1,2,128,10,1420,1548,7,0,7,4,0,4,,,,,,,,,
4,7,1,2,128,10,1420,1548,7,0,7,4,0,4,,,,,,,,,
4,7,1,2,128,10,1420,1548,7,0,7,4,0,4,,,,,,,,,
4,7,1,2,128,10,1420,1548,7,0,7,4,0,4,,,,,,,,,
4,7,1,2,128,10,1420,1548,7,0,7,4,0,4,,,,,,,,,
4,7,1,2,128,10,1420,1548,7,0,7,4,0,4,,,,,,,,,
4,7,1,2,128,10,1420,1548,7,0,7,4,0,4,,,,,,,,,
4,7,1,2,128,10,1420,1548,7,0,7,4,0,4,,,,,,,,,
4,7,1,2,128,10,1420,1548,7,0,7,4,0,4,,,,,,,,,
4,7,1,2,128,10,1420,1548,7,0,7,4,0,4,,,,,,,,,
4,7,1,2,128,10,1420,1548,7,0,7,0,0,0,,,,,,,,,
0,7,1,2,128,10,1420,1548,7,0,7,0,0,0,,,,,,,,,
0,7,1,2,128,10,1420,1548,7,0,7,0,0,0,,,,,,,,,
0,7,1,2,128,10,1420,1548,7,0,7,0,0,0,,,,,,,,,
0,7,1,2,128,10,1420,1548,7,0,7,0,0,0,,,,,,,,,
5,7,1,2,128,10,1420,1548,7,0,7,5,0,5,,,,,,,,,
5,7,1,2,128,10,1420,1548,7,0,7,5,0,5,,,,,,,,,
5,7,1,2,128,10,1420,1548,7,0,7,5,0,5,,,,,,,,,
5,7,1,2,128,10,1420,1548,7,0,7,5,0,5,,,,,,,,,
5,7,1,2,128,10,1420,1548,7,0,7,5,0,5,,,,,,,,,
5,7,1,2,128,10,1420,1548,7,0,7,5,0,5,,,,,,,,,
5,7,1,2,128,10,1420,1548,7,0,7,5,0,5,,,,,,,,,
5,7,1,2,128,10,1420,1548,7,0,7,5,0,5,,,,,,,,,
