0,6,1,2,128,0,0,128,6,6,0,0,0,0
1,6,1,2,128,0,0,128,6,6,0,1,1,0
1,6,1,2,128,0,0,128,6,6,0,1,1,0
1,6,1,2,128,0,0,128,6,6,0,1,1,0
1,6,1,2,128,0,0,128,6,6,0,1,1,0
1,6,1,2,128,0,0,128,6,6,0,1,1,0
8,6,1,2,128,0,0,128,6,6,0,6,6,0
8,6,1,2,128,0,0,128,6,6,0,6,6,0
8,6,1,2,128,0,0,128,6,6,0,6,6,0
8,22,2,4,256,10,1420,1676,22,6,16,8,0,8
8,22,2,4,256,10,1420,1676,22,6,16,8,0,8
8,22,2,4,256,10,1420,1676,22,6,16,8,0,8
8,16,1,2,128,10,1420,1548,16,0,16,13,0,13
8,16,1,2,128,10,1420,1548,16,0,16,13,0,13
8,16,1,2,128,10,1420,1548,16,0,16,13,0,13
8,16,1,2,128,10,1420,1548,16,0,16,13,0,13
13,16,1,2,128,10,1420,1548,16,0,16,13,0,13
13,16,1,2,128,10,1420,1548,16,0,16,13,0,13
13,16,1,2,128,10,1420,1548,16,0,16,13,0,13
13,16,1,2,128,10,1420,1548,16,0,16,13,0,13
13,16,1,2,128,10,1420,1548,16,0,16,13,0,13
13,16,1,2,128,10,1420,1548,16,0,16,13,0,13
13,16,1,2,128,10,1420,1548,16,0,16,13,0,13
13,16,1,2,128,10,1420,1548,16,0,16,13,0,13
13,16,1,2,128,10,1420,1548,16,0,16,13,0,13
13,16,1,2,128,10,1420,1548,16,0,16,13,0,13
17,16,1,2,128,10,1420,1548,16,0,16,16,0,16
17,22,2,4,256,10,1420,1676,22,6,16,18,5,13
17,22,2,4,256,10,1420,1676,22,6,16,18,5,13
17,22,2,4,256,10,1420,1676,22,6,16,18,5,13
17,22,2,4,256,10,1420,1676,22,6,16,18,5,13
17,22,2,4,256,10,1420,1676,22,6,16,18,5,13
17,22,2,4,256,10,1420,1676,22,6,16,18,5,13
17,22,2,4,256,10,1420,1676,22,6,16,18,5,13
17,22,2,4,256,10,1420,1676,22,6,16,18,5,13
17,22,2,4,256,10,1420,1676,22,6,16,18,5,13
13,22,2,4,256,10,1420,1676,22,6,16,18,5,13
13,22,2,4,256,10,1420,1676,22,6,16,18,5,13
13,22,2,4,256,10,1420,1676,22,6,16,18,5,13
13,22,2,4,256,10,1420,1676,22,6,16,18,5,13
13,22,2,4,256,10,1420,1676,22,6,16,18,5,13
13,22,2,4,256,10,1420,1676,22,6,16,18,5,13
13,22,2,4,256,10,1420,1676,22,6,16,18,5,13
13,22,2,4,256,10,1420,1676,22,6,16,18,5,13
13,22,2,4,256,10,1420,1676,22,6,16,18,5,13
13,22,2,4,256,10,1420,1676,22,6,16,18,5,13
6,22,2,4,256,10,1420,1676,22,6,16,11,5,6
6,22,2,4,256,10,1420,1676,22,6,16,11,5,6
6,22,2,4,256,10,1420,1676,22,6,16,11,5,6
6,22,2,4,256,10,1420,1676,22,6,16,11,5,6
6,22,2,4,256,10,1420,1676,22,6,16,11,5,6
6,22,2,4,256,10,1420,1676,22,6,16,11,5,6
6,22,2,4,256,10,1420,1676,22,6,16,11,5,6
6,22,2,4,256,10,1420,1676,22,6,16,11,5,6
6,22,2,4,256,10,1420,1676,22,6,16,11,5,6
6,22,2,4,256,10,1420,1676,22,6,16,11,5,6
21,22,2,4,256,10,1420,1676,22,6,16,22,6,16
21,22,2,4,256,10,1420,1676,22,6,16,22,6,16
21,22,2,4,256,10,1420,1676,22,6,16,22,6,16
21,22,2,4,256,10,1420,1676,22,6,16,22,6,16
21,22,2,4,256,10,1420,1676,22,6,16,22,6,16
21,22,2,4,256,10,1420,1676,22,6,16,22,6,16
21,22,2,4,256,10,1420,1676,22,6,16,22,6,16
21,22,2,4,256,10,1420,1676,22,6,16,22,6,16
21,22,2,4,256,10,1420,1676,22,6,16,22,6,16
21,22,2,4,256,10,1420,1676,22,6,16,22,6,16
10,22,2,4,256,10,1420,1676,22,6,16,16,6,10
10,22,2,4,256,10,1420,1676,22,6,16,16,6,10
10,22,2,4,256,10,1420,1676,22,6,16,16,6,10
10,22,2,4,256,10,1420,1676,22,6,16,16,6,10
10,22,2,4,256,10,1420,1676,22,6,16,16,6,10
10,22,2,4,256,10,1420,1676,22,6,16,16,6,10
10,22,2,4,256,10,1420,1676,22,6,16,16,6,10
10,22,2,4,256,10,1420,1676,22,6,16,16,6,10
10,22,2,4,256,10,1420,1676,22,6,16,16,6,10
10,22,2,4,256,10,1420,1676,22,6,16,16,6,10
13,22,2,4,256,10,1420,1676,22,6,16,19,6,13
13,22,2,4,256,10,1420,1676,22,6,16,19,6,13
13,22,2,4,256,10,1420,1676,22,6,16,19,6,13
13,22,2,4,256,10,1420,1676,22,6,16,19,6,13
13,22,2,4,256,10,1420,1676,22,6,16,19,6,13
13,22,2,4,256,10,1420,1676,22,6,16,19,6,13
13,22,2,4,256,10,1420,1676,22,6,16,19,6,13
13,22,2,4,256,10,1420,1676,22,6,16,19,6,13
13,22,2,4,256,10,1420,1676,22,6,16,19,6,13
13,22,2,4,256,10,1420,1676,22,6,16,19,6,13
4,22,2,4,256,10,1420,1676,22,6,16,10,6,4
4,22,2,4,256,10,1420,1676,22,6,16,10,6,4
4,22,2,4,256,10,1420,1676,22,6,16,10,6,4
4,22,2,4,256,10,1420,1676,22,6,16,10,6,4
4,22,2,4,256,10,1420,1676,22,6,16,10,6,4
4,22,2,4,256,10,1420,1676,22,6,16,10,6,4
4,22,2,4,256,10,1420,1676,22,6,16,10,6,4
4,22,2,4,256,10,1420,1676,22,6,16,10,6,4
4,22,2,4,256,10,1420,1676,22,6,16,10,6,4
4,22,2,4,256,10,1420,1676,22,6,16,10,6,4
19,22,2,4,256,10,1420,1676,22,6,16,20,6,14
19,22,2,4,256,10,1420,1676,22,6,16,20,6,14
19,22,2,4,256,10,1420,1676,22,6,16,20,6,14
19,22,2,4,256,10,1420,1676,22,6,16,20,6,14
19,22,2,4,256,10,1420,1676,22,6,16,20,6,14
19,22,2,4,256,10,1420,1676,22,6,16,20,6,14
19,22,2,4,256,10,1420,1676,22,6,16,20,6,14
19,22,2,4,256,10,1420,1676,22,6,16,20,6,14
19,22,2,4,256,10,1420,1676,22,6,16,20,6,14
19,22,2,4,256,10,1420,1676,22,6,16,20,6,14
10,22,2,4,256,10,1420,1676,22,6,16,16,6,10
10,22,2,4,256,10,1420,1676,22,6,16,16,6,10
10,22,2,4,256,10,1420,1676,22,6,16,16,6,10
10,22,2,4,256,10,1420,1676,22,6,16,16,6,10
10,22,2,4,256,10,1420,1676,22,6,16,16,6,10
10,22,2,4,256,10,1420,1676,22,6,16,16,6,10
10,22,2,4,256,10,1420,1676,22,6,16,16,6,10
10,22,2,4,256,10,1420,1676,22,6,16,16,6,10
10,22,2,4,256,10,1420,1676,22,6,16,16,6,10
10,22,2,4,256,10,1420,1676,22,6,16,16,6,10
15,22,2,4,256,10,1420,1676,22,6,16,21,6,15
15,22,2,4,256,10,1420,1676,22,6,16,21,6,15
15,22,2,4,256,10,1420,1676,22,6,16,21,6,15
15,22,2,4,256,10,1420,1676,22,6,16,21,6,15
15,22,2,4,256,10,1420,1676,22,6,16,21,6,15
15,22,2,4,256,10,1420,1676,22,6,16,21,6,15
15,22,2,4,256,10,1420,1676,22,6,16,21,6,15
15,22,2,4,256,10,1420,1676,22,6,16,21,6,15
15,22,2,4,256,10,1420,1676,22,6,16,21,6,15
15,22,2,4,256,10,1420,1676,22,6,16,21,6,15
8,22,2,4,256,10,1420,1676,22,6,16,14,6,8
8,22,2,4,256,10,1420,1676,22,6,16,14,6,8
8,22,2,4,256,10,1420,1676,22,6,16,14,6,8
8,22,2,4,256,10,1420,1676,22,6,16,14,6,8
8,22,2,4,256,10,1420,1676,22,6,16,14,6,8
8,22,2,4,256,10,1420,1676,22,6,16,14,6,8
8,22,2,4,256,10,1420,1676,22,6,16,14,6,8
8,22,2,4,256,10,1420,1676,22,6,16,14,6,8
8,22,2,4,256,10,1420,1676,22,6,16,14,6,8
8,22,2,4,256,10,1420,1676,22,6,16,14,6,8
13,22,2,4,256,10,1420,1676,22,6,16,19,6,13
13,22,2,4,256,10,1420,1676,22,6,16,19,6,13
13,22,2,4,256,10,1420,1676,22,6,16,19,6,13
13,22,2,4,256,10,1420,1676,22,6,16,19,6,13
13,22,2,4,256,10,1420,1676,22,6,16,19,6,13
13,22,2,4,256,10,1420,1676,22,6,16,19,6,13
13,22,2,4,256,10,1420,1676,22,6,16,19,6,13
13,22,2,4,256,10,1420,1676,22,6,16,19,6,13
13,22,2,4,256,10,1420,1676,22,6,16,19,6,13
13,22,2,4,256,10,1420,1676,22,6,16,19,6,13
17,22,2,4,256,10,1420,1676,22,6,16,18,5,13
17,22,2,4,256,10,1420,1676,22,6,16,18,5,13
17,22,2,4,256,10,1420,1676,22,6,16,18,5,13
17,22,2,4,256,10,1420,1676,22,6,16,18,5,13
17,22,2,4,256,10,1420,1676,22,6,16,18,5,13
17,22,2,4,256,10,1420,1676,22,6,16,18,5,13
17,22,2,4,256,10,1420,1676,22,6,16,18,5,13
17,22,2,4,256,10,1420,1676,22,6,16,18,5,13
17,22,2,4,256,10,1420,1676,22,6,16,18,5,13
17,22,2,4,256,10,1420,1676,22,6,16,18,5,13
21,22,2,4,256,10,1420,1676,22,6,16,22,6,16
21,22,2,4,256,10,1420,1676,22,6,16,22,6,16
21,22,2,4,256,10,1420,1676,22,6,16,22,6,16
21,22,2,4,256,10,1420,1676,22,6,16,22,6,16
21,22,2,4,256,10,1420,1676,22,6,16,22,6,16
21,22,2,4,256,10,1420,1676,22,6,16,22,6,16
21,22,2,4,256,10,1420,1676,22,6,16,22,6,16
21,22,2,4,256,10,1420,1676,22,6,16,22,6,16
21,22,2,4,256,10,1420,1676,22,6,16,22,6,16
21,22,2,4,256,10,1420,1676,22,6,16,22,6,16
2,22,2,4,256,10,1420,1676,22,6,16,8,6,2
2,22,2,4,256,10,1420,1676,22,6,16,8,6,2
2,22,2,4,256,10,1420,1676,22,6,16,8,6,2
2,22,2,4,256,10,1420,1676,22,6,16,8,6,2
2,22,2,4,256,10,1420,1676,22,6,16,8,6,2
2,22,2,4,256,10,1420,1676,22,6,16,8,6,2
2,22,2,4,256,10,1420,1676,22,6,16,8,6,2
2,22,2,4,256,10,1420,1676,22,6,16,8,6,2
2,22,2,4,256,10,1420,1676,22,6,16,8,6,2
2,22,2,4,256,10,1420,1676,22,6,16,8,6,2
4,22,2,4,256,10,1420,1676,22,6,16,10,6,4
4,22,2,4,256,10,1420,1676,22,6,16,10,6,4
4,22,2,4,256,10,1420,1676,22,6,16,10,6,4
4,22,2,4,256,10,1420,1676,22,6,16,10,6,4
4,22,2,4,256,10,1420,1676,22,6,16,10,6,4
4,22,2,4,256,10,1420,1676,22,6,16,10,6,4
4,22,2,4,256,10,1420,1676,22,6,16,10,6,4
4,22,2,4,256,10,1420,1676,22,6,16,10,6,4
4,22,2,4,256,10,1420,1676,22,6,16,10,6,4
4,22,2,4,256,10,1420,1676,22,6,16,10,6,4
2,22,2,4,256,10,1420,1676,22,6,16,8,6,2
2,22,2,4,256,10,1420,1676,22,6,16,8,6,2
2,22,2,4,256,10,1420,1676,22,6,16,8,6,2
2,22,2,4,256,10,1420,1676,22,6,16,8,6,2
2,22,2,4,256,10,1420,1676,22,6,16,8,6,2
2,22,2,4,256,10,1420,1676,22,6,16,8,6,2
2,22,2,4,256,10,1420,1676,22,6,16,8,6,2
2,22,2,4,256,10,1420,1676,22,6,16,8,6,2
2,22,2,4,256,10,1420,1676,22,6,16,8,6,2
2,22,2,4,256,10,1420,1676,22,6,16,8,6,2
17,22,2,4,256,10,1420,1676,22,6,16,18,5,13
17,22,2,4,256,10,1420,1676,22,6,16,18,5,13
17,22,2,4,256,10,1420,1676,22,6,16,18,5,13
17,22,2,4,256,10,1420,1676,22,6,16,18,5,13
17,22,2,4,256,10,1420,1676,22,6,16,18,5,13
17,22,2,4,256,10,1420,1676,22,6,16,18,5,13
17,22,2,4,256,10,1420,1676,22,6,16,18,5,13
17,22,2,4,256,10,1420,1676,22,6,16,18,5,13
17,22,2,4,256,10,1420,1676,22,6,16,18,5,13
17,22,2,4,256,10,1420,1676,22,6,16,18,5,13
19,22,2,4,256,10,1420,1676,22,6,16,20,6,14
19,22,2,4,256,10,1420,1676,22,6,16,20,6,14
19,22,2,4,256,10,1420,1676,22,6,16,20,6,14
19,22,2,4,256,10,1420,1676,22,6,16,20,6,14
19,22,2,4,256,10,1420,1676,22,6,16,20,6,14
19,22,2,4,256,10,1420,1676,22,6,16,20,6,14
19,22,2,4,256,10,1420,1676,22,6,16,20,6,14
19,22,2,4,256,10,1420,1676,22,6,16,20,6,14
19,22,2,4,256,10,1420,1676,22,6,16,20,6,14
19,22,2,4,256,10,1420,1676,22,6,16,20,6,14
2,22,2,4,256,10,1420,1676,22,6,16,8,6,2
2,22,2,4,256,10,1420,1676,22,6,16,8,6,2
2,22,2,4,256,10,1420,1676,22,6,16,8,6,2
2,22,2,4,256,10,1420,1676,22,6,16,8,6,2
2,22,2,4,256,10,1420,1676,22,6,16,8,6,2
2,22,2,4,256,10,1420,1676,22,6,16,8,6,2
2,22,2,4,256,10,1420,1676,22,6,16,8,6,2
2,22,2,4,256,10,1420,1676,22,6,16,8,6,2
2,22,2,4,256,10,1420,1676,22,6,16,8,6,2
2,22,2,4,256,10,1420,1676,22,6,16,8,6,2
2,22,2,4,256,10,1420,1676,22,6,16,8,6,2
2,22,2,4,256,10,1420,1676,22,6,16,8,6,2
2,22,2,4,256,10,1420,1676,22,6,16,8,6,2
2,22,2,4,256,10,1420,1676,22,6,16,8,6,2
2,22,2,4,256,10,1420,1676,22,6,16,8,6,2
2,22,2,4,256,10,1420,1676,22,6,16,8,6,2
2,22,2,4,256,10,1420,1676,22,6,16,8,6,2
2,22,2,4,256,10,1420,1676,22,6,16,8,6,2
2,22,2,4,256,10,1420,1676,22,6,16,8,6,2
2,22,2,4,256,10,1420,1676,22,6,16,8,6,2
2,22,2,4,256,10,1420,1676,22,6,16,8,6,2
2,22,2,4,256,10,1420,1676,22,6,16,8,6,2
2,22,2,4,256,10,1420,1676,22,6,16,8,6,2
2,22,2,4,256,10,1420,1676,22,6,16,8,6,2
2,22,2,4,256,10,1420,1676,22,6,16,8,6,2
2,22,2,4,256,10,1420,1676,22,6,16,8,6,2
2,22,2,4,256,10,1420,1676,22,6,16,8,6,2
2,22,2,4,256,10,1420,1676,22,6,16,8,6,2
2,22,2,4,256,10,1420,1676,22,6,16,8,6,2
2,22,2,4,256,10,1420,1676,22,6,16,8,6,2
6,22,2,4,256,10,1420,1676,22,6,16,12,6,6
6,22,2,4,256,10,1420,1676,22,6,16,12,6,6
6,22,2,4,256,10,1420,1676,22,6,16,12,6,6
6,22,2,4,256,10,1420,1676,22,6,16,12,6,6
6,22,2,4,256,10,1420,1676,22,6,16,12,6,6
6,22,2,4,256,10,1420,1676,22,6,16,12,6,6
6,22,2,4,256,10,1420,1676,22,6,16,12,6,6
6,22,2,4,256,10,1420,1676,22,6,16,12,6,6
6,22,2,4,256,10,1420,1676,22,6,16,12,6,6
6,22,2,4,256,10,1420,1676,22,6,16,12,6,6
19,22,2,4,256,10,1420,1676,22,6,16,20,6,14
19,22,2,4,256,10,1420,1676,22,6,16,20,6,14
19,22,2,4,256,10,1420,1676,22,6,16,20,6,14
19,22,2,4,256,10,1420,1676,22,6,16,20,6,14
19,22,2,4,256,10,1420,1676,22,6,16,20,6,14
19,22,2,4,256,10,1420,1676,22,6,16,20,6,14
19,22,2,4,256,10,1420,1676,22,6,16,20,6,14
19,22,2,4,256,10,1420,1676,22,6,16,20,6,14
19,22,2,4,256,10,1420,1676,22,6,16,20,6,14
19,22,2,4,256,10,1420,1676,22,6,16,20,6,14
21,22,2,4,256,10,1420,1676,22,6,16,22,6,16
21,22,2,4,256,10,1420,1676,22,6,16,22,6,16
21,22,2,4,256,10,1420,1676,22,6,16,22,6,16
21,22,2,4,256,10,1420,1676,22,6,16,22,6,16
21,22,2,4,256,10,1420,1676,22,6,16,22,6,16
21,22,2,4,256,10,1420,1676,22,6,16,22,6,16
21,22,2,4,256,10,1420,1676,22,6,16,22,6,16
21,22,2,4,256,10,1420,1676,22,6,16,22,6,16
21,22,2,4,256,10,1420,1676,22,6,16,22,6,16
21,22,2,4,256,10,1420,1676,22,6,16,22,6,16
13,22,2,4,256,10,1420,1676,22,6,16,19,6,13
13,22,2,4,256,10,1420,1676,22,6,16,19,6,13
13,22,2,4,256,10,1420,1676,22,6,16,19,6,13
13,22,2,4,256,10,1420,1676,22,6,16,19,6,13
13,22,2,4,256,10,1420,1676,22,6,16,19,6,13
13,22,2,4,256,10,1420,1676,22,6,16,19,6,13
13,22,2,4,256,10,1420,1676,22,6,16,19,6,13
13,22,2,4,256,10,1420,1676,22,6,16,19,6,13
13,22,2,4,256,10,1420,1676,22,6,16,19,6,13
13,22,2,4,256,10,1420,1676,22,6,16,19,6,13
2,22,2,4,256,10,1420,1676,22,6,16,8,6,2
2,22,2,4,256,10,1420,1676,22,6,16,8,6,2
2,22,2,4,256,10,1420,1676,22,6,16,8,6,2
2,22,2,4,256,10,1420,1676,22,6,16,8,6,2
2,22,2,4,256,10,1420,1676,22,6,16,8,6,2
2,22,2,4,256,10,1420,1676,22,6,16,8,6,2
2,22,2,4,256,10,1420,1676,22,6,16,8,6,2
2,22,2,4,256,10,1420,1676,22,6,16,8,6,2
2,22,2,4,256,10,1420,1676,22,6,16,8,6,2
2,22,2,4,256,10,1420,1676,22,6,16,8,6,2
6,22,2,4,256,10,1420,1676,22,6,16,12,6,6
6,22,2,4,256,10,1420,1676,22,6,16,12,6,6
6,22,2,4,256,10,1420,1676,22,6,16,12,6,6
6,22,2,4,256,10,1420,1676,22,6,16,12,6,6
6,22,2,4,256,10,1420,1676,22,6,16,12,6,6
6,22,2,4,256,10,1420,1676,22,6,16,12,6,6
6,22,2,4,256,10,1420,1676,22,6,16,12,6,6
6,22,2,4,256,10,1420,1676,22,6,16,12,6,6
6,22,2,4,256,10,1420,1676,22,6,16,12,6,6
6,22,2,4,256,10,1420,1676,22,6,16,12,6,6
13,22,2,4,256,10,1420,1676,22,6,16,19,6,13
13,22,2,4,256,10,1420,1676,22,6,16,19,6,13
13,22,2,4,256,10,1420,1676,22,6,16,19,6,13
13,22,2,4,256,10,1420,1676,22,6,16,19,6,13
13,22,2,4,256,10,1420,1676,22,6,16,19,6,13
13,22,2,4,256,10,1420,1676,22,6,16,19,6,13
13,22,2,4,256,10,1420,1676,22,6,16,19,6,13
13,22,2,4,256,10,1420,1676,22,6,16,19,6,13
13,22,2,4,256,10,1420,1676,22,6,16,19,6,13
13,22,2,4,256,10,1420,1676,22,6,16,19,6,13
13,22,2,4,256,10,1420,1676,22,6,16,19,6,13
13,22,2,4,256,10,1420,1676,22,6,16,19,6,13
13,22,2,4,256,10,1420,1676,22,6,16,19,6,13
13,22,2,4,256,10,1420,1676,22,6,16,19,6,13
13,22,2,4,256,10,1420,1676,22,6,16,19,6,13
13,22,2,4,256,10,1420,1676,22,6,16,19,6,13
13,22,2,4,256,10,1420,1676,22,6,16,19,6,13
13,22,2,4,256,10,1420,1676,22,6,16,19,6,13
13,22,2,4,256,10,1420,1676,22,6,16,19,6,13
13,22,2,4,256,10,1420,1676,22,6,16,19,6,13
2,22,2,4,256,10,1420,1676,22,6,16,8,6,2
2,22,2,4,256,10,1420,1676,22,6,16,8,6,2
2,22,2,4,256,10,1420,1676,22,6,16,8,6,2
2,22,2,4,256,10,1420,1676,22,6,16,8,6,2
2,22,2,4,256,10,1420,1676,22,6,16,8,6,2
2,22,2,4,256,10,1420,1676,22,6,16,8,6,2
2,22,2,4,256,10,1420,1676,22,6,16,8,6,2
2,22,2,4,256,10,1420,1676,22,6,16,8,6,2
2,22,2,4,256,10,1420,1676,22,6,16,8,6,2
2,22,2,4,256,10,1420,1676,22,6,16,8,6,2
17,22,2,4,256,10,1420,1676,22,6,16,18,5,13
17,22,2,4,256,10,1420,1676,22,6,16,18,5,13
17,22,2,4,256,10,1420,1676,22,6,16,18,5,13
17,22,2,4,256,10,1420,1676,22,6,16,18,5,13
17,22,2,4,256,10,1420,1676,22,6,16,18,5,13
17,22,2,4,256,10,1420,1676,22,6,16,18,5,13
17,22,2,4,256,10,1420,1676,22,6,16,18,5,13
17,22,2,4,256,10,1420,1676,22,6,16,18,5,13
17,22,2,4,256,10,1420,1676,22,6,16,18,5,13
17,22,2,4,256,10,1420,1676,22,6,16,18,5,13
10,22,2,4,256,10,1420,1676,22,6,16,15,5,10
10,22,2,4,256,10,1420,1676,22,6,16,15,5,10
10,22,2,4,256,10,1420,1676,22,6,16,15,5,10
10,22,2,4,256,10,1420,1676,22,6,16,15,5,10
10,22,2,4,256,10,1420,1676,22,6,16,15,5,10
10,22,2,4,256,10,1420,1676,22,6,16,15,5,10
10,22,2,4,256,10,1420,1676,22,6,16,15,5,10
10,22,2,4,256,10,1420,1676,22,6,16,15,5,10
10,22,2,4,256,10,1420,1676,22,6,16,15,5,10
10,22,2,4,256,10,1420,1676,22,6,16,15,5,10
10,22,2,4,256,10,1420,1676,22,6,16,0,0,0
0,22,2,4,256,10,1420,1676,22,6,16,0,0,0
0,22,2,4,256,10,1420,1676,22,6,16,0,0,0
0,22,2,4,256,10,1420,1676,22,6,16,0,0,0
0,6,1,2,128,0,0,128,6,6,0,0,0,0
13,6,1,2,128,0,0,128,6,6,0,6,6,0
13,33,8,4,256,10,1420,1676,33,6,27,13,0,13
13,33,8,4,256,10,1420,1676,33,6,27,13,0,13
13,33,8,4,256,10,1420,1676,33,6,27,13,0,13
13,27,7,2,128,10,1420,1548,27,0,27,17,0,17
13,27,7,2,128,10,1420,1548,27,0,27,17,0,17
13,27,7,2,128,10,1420,1548,27,0,27,17,0,17
13,27,7,2,128,10,1420,1548,27,0,27,17,0,17
13,27,7,2,128,10,1420,1548,27,0,27,17,0,17
15,27,7,2,128,10,1420,1548,27,0,27,19,0,19
15,27,7,2,128,10,1420,1548,27,0,27,19,0,19
15,27,7,2,128,10,1420,1548,27,0,27,19,0,19
15,27,7,2,128,10,1420,1548,27,0,27,19,0,19
15,27,7,2,128,10,1420,1548,27,0,27,19,0,19
15,27,7,2,128,10,1420,1548,27,0,27,19,0,19
15,27,7,2,128,10,1420,1548,27,0,27,19,0,19
15,27,7,2,128,10,1420,1548,27,0,27,19,0,19
15,27,7,2,128,10,1420,1548,27,0,27,19,0,19
15,27,7,2,128,10,1420,1548,27,0,27,19,0,19
8,27,7,2,128,10,1420,1548,27,0,27,10,0,10
8,27,7,2,128,10,1420,1548,27,0,27,10,0,10
8,27,7,2,128,10,1420,1548,27,0,27,10,0,10
8,27,7,2,128,10,1420,1548,27,0,27,10,0,10
8,27,7,2,128,10,1420,1548,27,0,27,10,0,10
8,27,7,2,128,10,1420,1548,27,0,27,10,0,10
8,27,7,2,128,10,1420,1548,27,0,27,10,0,10
8,27,7,2,128,10,1420,1548,27,0,27,10,0,10
8,27,7,2,128,10,1420,1548,27,0,27,10,0,10
8,27,7,2,128,10,1420,1548,27,0,27,10,0,10
8,27,7,2,128,10,1420,1548,27,0,27,10,0,10
8,27,7,2,128,10,1420,1548,27,0,27,10,0,10
8,27,7,2,128,10,1420,1548,27,0,27,10,0,10
8,27,7,2,128,10,1420,1548,27,0,27,10,0,10
8,27,7,2,128,10,1420,1548,27,0,27,10,0,10
8,27,7,2,128,10,1420,1548,27,0,27,10,0,10
8,27,7,2,128,10,1420,1548,27,0,27,10,0,10
8,27,7,2,128,10,1420,1548,27,0,27,10,0,10
8,27,7,2,128,10,1420,1548,27,0,27,10,0,10
8,27,7,2,128,10,1420,1548,27,0,27,10,0,10
6,27,7,2,128,10,1420,1548,27,0,27,7,0,7
6,27,7,2,128,10,1420,1548,27,0,27,7,0,7
6,27,7,2,128,10,1420,1548,27,0,27,7,0,7
6,27,7,2,128,10,1420,1548,27,0,27,7,0,7
6,27,7,2,128,10,1420,1548,27,0,27,7,0,7
6,27,7,2,128,10,1420,1548,27,0,27,7,0,7
6,27,7,2,128,10,1420,1548,27,0,27,7,0,7
6,27,7,2,128,10,1420,1548,27,0,27,7,0,7
6,27,7,2,128,10,1420,1548,27,0,27,7,0,7
6,27,7,2,128,10,1420,1548,27,0,27,7,0,7
2,27,7,2,128,10,1420,1548,27,0,27,2,0,2
2,27,7,2,128,10,1420,1548,27,0,27,2,0,2
2,27,7,2,128,10,1420,1548,27,0,27,2,0,2
2,27,7,2,128,10,1420,1548,27,0,27,2,0,2
2,27,7,2,128,10,1420,1548,27,0,27,2,0,2
2,27,7,2,128,10,1420,1548,27,0,27,2,0,2
2,27,7,2,128,10,1420,1548,27,0,27,2,0,2
2,27,7,2,128,10,1420,1548,27,0,27,2,0,2
2,27,7,2,128,10,1420,1548,27,0,27,2,0,2
2,27,7,2,128,10,1420,1548,27,0,27,2,0,2
19,27,7,2,128,10,1420,1548,27,0,27,25,0,25
19,27,7,2,128,10,1420,1548,27,0,27,25,0,25
19,27,7,2,128,10,1420,1548,27,0,27,25,0,25
19,27,7,2,128,10,1420,1548,27,0,27,25,0,25
19,27,7,2,128,10,1420,1548,27,0,27,25,0,25
19,27,7,2,128,10,1420,1548,27,0,27,25,0,25
19,27,7,2,128,10,1420,1548,27,0,27,25,0,25
19,27,7,2,128,10,1420,1548,27,0,27,25,0,25
19,27,7,2,128,10,1420,1548,27,0,27,25,0,25
19,27,7,2,128,10,1420,1548,27,0,27,25,0,25
30,27,7,2,128,10,1420,1548,27,0,27,27,0,27
30,33,8,4,256,10,1420,1676,33,6,27,31,6,25
30,33,8,4,256,10,1420,1676,33,6,27,31,6,25
30,33,8,4,256,10,1420,1676,33,6,27,31,6,25
30,33,8,4,256,10,1420,1676,33,6,27,31,6,25
30,33,8,4,256,10,1420,1676,33,6,27,31,6,25
30,33,8,4,256,10,1420,1676,33,6,27,31,6,25
30,33,8,4,256,10,1420,1676,33,6,27,31,6,25
30,33,8,4,256,10,1420,1676,33,6,27,31,6,25
30,33,8,4,256,10,1420,1676,33,6,27,31,6,25
41,33,8,4,256,10,1420,1676,33,6,27,33,6,27
41,33,8,4,256,10,1420,1676,33,6,27,33,6,27
41,33,8,4,256,10,1420,1676,33,6,27,33,6,27
41,60,15,6,384,20,2840,3224,60,6,54,27,6,21
41,60,15,6,384,20,2840,3224,60,6,54,27,6,21
41,60,15,6,384,20,2840,3224,60,6,54,27,6,21
41,60,15,6,384,20,2840,3224,60,6,54,27,6,21
41,60,15,6,384,20,2840,3224,60,6,54,27,6,21
41,60,15,6,384,20,2840,3224,60,6,54,27,6,21
41,33,8,4,256,10,1420,1676,33,6,27,33,6,27
21,33,8,4,256,10,1420,1676,33,6,27,21,0,21
21,33,8,4,256,10,1420,1676,33,6,27,21,0,21
21,33,8,4,256,10,1420,1676,33,6,27,21,0,21
21,33,8,4,256,10,1420,1676,33,6,27,21,0,21
21,33,8,4,256,10,1420,1676,33,6,27,21,0,21
21,27,7,2,128,10,1420,1548,27,0,27,21,0,21
21,27,7,2,128,10,1420,1548,27,0,27,21,0,21
21,27,7,2,128,10,1420,1548,27,0,27,21,0,21
21,27,7,2,128,10,1420,1548,27,0,27,21,0,21
21,27,7,2,128,10,1420,1548,27,0,27,21,0,21
23,27,7,2,128,10,1420,1548,27,0,27,23,0,23
23,27,7,2,128,10,1420,1548,27,0,27,23,0,23
23,27,7,2,128,10,1420,1548,27,0,27,23,0,23
23,27,7,2,128,10,1420,1548,27,0,27,23,0,23
23,27,7,2,128,10,1420,1548,27,0,27,23,0,23
23,27,7,2,128,10,1420,1548,27,0,27,23,0,23
23,27,7,2,128,10,1420,1548,27,0,27,23,0,23
23,27,7,2,128,10,1420,1548,27,0,27,23,0,23
23,27,7,2,128,10,1420,1548,27,0,27,23,0,23
23,27,7,2,128,10,1420,1548,27,0,27,23,0,23
32,27,7,2,128,10,1420,1548,27,0,27,27,0,27
32,27,7,2,128,10,1420,1548,27,0,27,27,0,27
32,27,7,2,128,10,1420,1548,27,0,27,27,0,27
32,33,8,4,256,10,1420,1676,33,6,27,33,6,27
32,33,8,4,256,10,1420,1676,33,6,27,33,6,27
32,33,8,4,256,10,1420,1676,33,6,27,33,6,27
32,33,8,4,256,10,1420,1676,33,6,27,33,6,27
32,33,8,4,256,10,1420,1676,33,6,27,33,6,27
32,33,8,4,256,10,1420,1676,33,6,27,33,6,27
32,33,8,4,256,10,1420,1676,33,6,27,33,6,27
52,33,8,4,256,10,1420,1676,33,6,27,33,6,27
52,33,8,4,256,10,1420,1676,33,6,27,33,6,27
52,73,23,8,512,20,2840,3352,73,6,67,53,0,53
52,73,23,8,512,20,2840,3352,73,6,67,53,0,53
52,73,23,8,512,20,2840,3352,73,6,67,53,0,53
52,73,23,8,512,20,2840,3352,73,6,67,53,0,53
52,73,23,8,512,20,2840,3352,73,6,67,53,0,53
52,73,23,8,512,20,2840,3352,73,6,67,53,0,53
52,67,22,6,384,20,2840,3224,67,0,67,53,0,53
52,67,22,6,384,20,2840,3224,67,0,67,53,0,53
41,67,22,6,384,20,2840,3224,67,0,67,42,0,42
41,67,22,6,384,20,2840,3224,67,0,67,42,0,42
41,67,22,6,384,20,2840,3224,67,0,67,42,0,42
41,67,22,6,384,20,2840,3224,67,0,67,42,0,42
41,67,22,6,384,20,2840,3224,67,0,67,42,0,42
41,67,22,6,384,20,2840,3224,67,0,67,42,0,42
41,67,22,6,384,20,2840,3224,67,0,67,42,0,42
41,67,22,6,384,20,2840,3224,67,0,67,42,0,42
41,67,22,6,384,20,2840,3224,67,0,67,42,0,42
41,67,22,6,384,20,2840,3224,67,0,67,42,0,42
17,67,22,6,384,20,2840,3224,67,0,67,17,0,17
17,67,22,6,384,20,2840,3224,67,0,67,17,0,17
17,67,22,6,384,20,2840,3224,67,0,67,17,0,17
17,67,22,6,384,20,2840,3224,67,0,67,17,0,17
17,67,22,6,384,20,2840,3224,67,0,67,17,0,17
17,67,22,6,384,20,2840,3224,67,0,67,17,0,17
17,27,7,2,128,10,1420,1548,27,0,27,17,0,17
17,27,7,2,128,10,1420,1548,27,0,27,17,0,17
17,27,7,2,128,10,1420,1548,27,0,27,17,0,17
17,27,7,2,128,10,1420,1548,27,0,27,17,0,17
10,27,7,2,128,10,1420,1548,27,0,27,10,0,10
10,27,7,2,128,10,1420,1548,27,0,27,10,0,10
10,27,7,2,128,10,1420,1548,27,0,27,10,0,10
10,27,7,2,128,10,1420,1548,27,0,27,10,0,10
10,27,7,2,128,10,1420,1548,27,0,27,10,0,10
10,27,7,2,128,10,1420,1548,27,0,27,10,0,10
10,27,7,2,128,10,1420,1548,27,0,27,10,0,10
10,27,7,2,128,10,1420,1548,27,0,27,10,0,10
10,27,7,2,128,10,1420,1548,27,0,27,10,0,10
10,27,7,2,128,10,1420,1548,27,0,27,10,0,10
13,27,7,2,128,10,1420,1548,27,0,27,13,0,13
13,27,7,2,128,10,1420,1548,27,0,27,13,0,13
13,27,7,2,128,10,1420,1548,27,0,27,13,0,13
13,27,7,2,128,10,1420,1548,27,0,27,13,0,13
13,27,7,2,128,10,1420,1548,27,0,27,13,0,13
13,27,7,2,128,10,1420,1548,27,0,27,13,0,13
13,27,7,2,128,10,1420,1548,27,0,27,13,0,13
13,27,7,2,128,10,1420,1548,27,0,27,13,0,13
13,27,7,2,128,10,1420,1548,27,0,27,13,0,13
13,27,7,2,128,10,1420,1548,27,0,27,13,0,13
15,27,7,2,128,10,1420,1548,27,0,27,15,0,15
15,27,7,2,128,10,1420,1548,27,0,27,15,0,15
15,27,7,2,128,10,1420,1548,27,0,27,15,0,15
15,27,7,2,128,10,1420,1548,27,0,27,15,0,15
15,27,7,2,128,10,1420,1548,27,0,27,15,0,15
15,27,7,2,128,10,1420,1548,27,0,27,15,0,15
15,27,7,2,128,10,1420,1548,27,0,27,15,0,15
15,27,7,2,128,10,1420,1548,27,0,27,15,0,15
15,27,7,2,128,10,1420,1548,27,0,27,15,0,15
15,27,7,2,128,10,1420,1548,27,0,27,15,0,15
13,27,7,2,128,10,1420,1548,27,0,27,13,0,13
13,27,7,2,128,10,1420,1548,27,0,27,13,0,13
13,27,7,2,128,10,1420,1548,27,0,27,13,0,13
13,27,7,2,128,10,1420,1548,27,0,27,13,0,13
13,27,7,2,128,10,1420,1548,27,0,27,13,0,13
13,27,7,2,128,10,1420,1548,27,0,27,13,0,13
13,27,7,2,128,10,1420,1548,27,0,27,13,0,13
13,27,7,2,128,10,1420,1548,27,0,27,13,0,13
13,27,7,2,128,10,1420,1548,27,0,27,13,0,13
13,27,7,2,128,10,1420,1548,27,0,27,13,0,13
13,27,7,2,128,10,1420,1548,27,0,27,0,0,0
0,27,7,2,128,10,1420,1548,27,0,27,0,0,0
0,27,7,2,128,10,1420,1548,27,0,27,0,0,0
0,27,7,2,128,10,1420,1548,27,0,27,0,0,0
0,6,1,2,128,0,0,128,6,6,0,0,0,0
2,6,1,2,128,0,0,128,6,6,0,2,2,0
2,6,1,2,128,0,0,128,6,6,0,2,2,0
2,6,1,2,128,0,0,128,6,6,0,2,2,0
2,6,1,2,128,0,0,128,6,6,0,2,2,0
2,6,1,2,128,0,0,128,6,6,0,2,2,0
2,6,1,2,128,0,0,128,6,6,0,2,2,0
2,6,1,2,128,0,0,128,6,6,0,2,2,0
2,6,1,2,128,0,0,128,6,6,0,2,2,0
2,6,1,2,128,0,0,128,6,6,0,2,2,0
2,6,1,2,128,0,0,128,6,6,0,0,0,0
0,6,1,2,128,0,0,128,6,6,0,0,0,0
0,6,1,2,128,0,0,128,6,6,0,0,0,0
15,40,15,4,256,10,1420,1676,40,0,40,15,0,15
15,40,15,4,256,10,1420,1676,40,0,40,15,0,15
15,40,15,4,256,10,1420,1676,40,0,40,15,0,15
15,40,15,4,256,10,1420,1676,40,0,40,15,0,15
15,40,15,4,256,10,1420,1676,40,0,40,15,0,15
15,40,15,4,256,10,1420,1676,40,0,40,15,0,15
4,40,15,4,256,10,1420,1676,40,0,40,4,0,4
4,40,15,4,256,10,1420,1676,40,0,40,4,0,4
4,40,15,4,256,10,1420,1676,40,0,40,4,0,4
4,40,15,4,256,10,1420,1676,40,0,40,4,0,4
4,40,15,4,256,10,1420,1676,40,0,40,4,0,4
4,40,15,4,256,10,1420,1676,40,0,40,4,0,4
4,40,15,4,256,10,1420,1676,40,0,40,4,0,4
4,40,15,4,256,10,1420,1676,40,0,40,4,0,4
4,40,15,4,256,10,1420,1676,40,0,40,4,0,4
4,40,15,4,256,10,1420,1676,40,0,40,4,0,4
4,40,15,4,256,10,1420,1676,40,0,40,4,0,4
4,40,15,4,256,10,1420,1676,40,0,40,4,0,4
4,40,15,4,256,10,1420,1676,40,0,40,4,0,4
4,40,15,4,256,10,1420,1676,40,0,40,4,0,4
4,40,15,4,256,10,1420,1676,40,0,40,4,0,4
4,40,15,4,256,10,1420,1676,40,0,40,4,0,4
4,40,15,4,256,10,1420,1676,40,0,40,4,0,4
4,40,15,4,256,10,1420,1676,40,0,40,4,0,4
4,40,15,4,256,10,1420,1676,40,0,40,4,0,4
4,40,15,4,256,10,1420,1676,40,0,40,4,0,4
4,40,15,4,256,10,1420,1676,40,0,40,0,0,0
0,40,15,4,256,10,1420,1676,40,0,40,0,0,0
0,40,15,4,256,10,1420,1676,40,0,40,0,0,0
0,40,15,4,256,10,1420,1676,40,0,40,0,0,0
0,6,1,2,128,0,0,128,6,6,0,0,0,0
2,16,1,2,128,10,1420,1548,16,0,16,2,0,2
2,16,1,2,128,10,1420,1548,16,0,16,2,0,2
2,16,1,2,128,10,1420,1548,16,0,16,2,0,2
2,16,1,2,128,10,1420,1548,16,0,16,2,0,2
2,16,1,2,128,10,1420,1548,16,0,16,2,0,2
2,16,1,2,128,10,1420,1548,16,0,16,2,0,2
2,16,1,2,128,10,1420,1548,16,0,16,0,0,0
0,16,1,2,128,10,1420,1548,16,0,16,0,0,0
0,16,1,2,128,10,1420,1548,16,0,16,0,0,0
0,16,1,2,128,10,1420,1548,16,0,16,0,0,0
0,16,1,2,128,10,1420,1548,16,0,16,0,0,0
0,16,1,2,128,10,1420,1548,16,0,16,0,0,0
0,6,1,2,128,0,0,128,6,6,0,0,0,0
15,40,15,4,256,10,1420,1676,40,0,40,15,0,15
15,40,15,4,256,10,1420,1676,40,0,40,15,0,15
15,40,15,4,256,10,1420,1676,40,0,40,15,0,15
15,40,15,4,256,10,1420,1676,40,0,40,15,0,15
15,40,15,4,256,10,1420,1676,40,0,40,15,0,15
15,40,15,4,256,10,1420,1676,40,0,40,15,0,15
17,40,15,4,256,10,1420,1676,40,0,40,17,0,17
17,40,15,4,256,10,1420,1676,40,0,40,17,0,17
17,40,15,4,256,10,1420,1676,40,0,40,17,0,17
17,40,15,4,256,10,1420,1676,40,0,40,17,0,17
17,40,15,4,256,10,1420,1676,40,0,40,17,0,17
17,40,15,4,256,10,1420,1676,40,0,40,17,0,17
17,40,15,4,256,10,1420,1676,40,0,40,17,0,17
17,40,15,4,256,10,1420,1676,40,0,40,17,0,17
17,40,15,4,256,10,1420,1676,40,0,40,17,0,17
17,40,15,4,256,10,1420,1676,40,0,40,17,0,17
28,40,15,4,256,10,1420,1676,40,0,40,28,0,28
28,40,15,4,256,10,1420,1676,40,0,40,28,0,28
28,40,15,4,256,10,1420,1676,40,0,40,28,0,28
28,40,15,4,256,10,1420,1676,40,0,40,28,0,28
28,40,15,4,256,10,1420,1676,40,0,40,28,0,28
28,40,15,4,256,10,1420,1676,40,0,40,28,0,28
28,40,15,4,256,10,1420,1676,40,0,40,28,0,28
28,40,15,4,256,10,1420,1676,40,0,40,28,0,28
28,40,15,4,256,10,1420,1676,40,0,40,28,0,28
28,40,15,4,256,10,1420,1676,40,0,40,28,0,28
45,40,15,4,256,10,1420,1676,40,0,40,40,0,40
45,56,16,6,384,20,2840,3224,56,0,56,46,0,46
45,56,16,6,384,20,2840,3224,56,0,56,46,0,46
45,56,16,6,384,20,2840,3224,56,0,56,46,0,46
45,56,16,6,384,20,2840,3224,56,0,56,46,0,46
45,56,16,6,384,20,2840,3224,56,0,56,46,0,46
45,56,16,6,384,20,2840,3224,56,0,56,46,0,46
45,56,16,6,384,20,2840,3224,56,0,56,46,0,46
45,56,16,6,384,20,2840,3224,56,0,56,46,0,46
45,56,16,6,384,20,2840,3224,56,0,56,46,0,46
39,56,16,6,384,20,2840,3224,56,0,56,39,0,39
39,56,16,6,384,20,2840,3224,56,0,56,39,0,39
39,56,16,6,384,20,2840,3224,56,0,56,39,0,39
39,56,16,6,384,20,2840,3224,56,0,56,39,0,39
39,56,16,6,384,20,2840,3224,56,0,56,39,0,39
39,56,16,6,384,20,2840,3224,56,0,56,39,0,39
39,40,15,4,256,10,1420,1676,40,0,40,39,0,39
39,40,15,4,256,10,1420,1676,40,0,40,39,0,39
39,40,15,4,256,10,1420,1676,40,0,40,39,0,39
39,40,15,4,256,10,1420,1676,40,0,40,39,0,39
63,40,15,4,256,10,1420,1676,40,0,40,40,0,40
63,40,15,4,256,10,1420,1676,40,0,40,40,0,40
63,80,30,8,512,20,2840,3352,80,0,80,64,0,64
63,80,30,8,512,20,2840,3352,80,0,80,64,0,64
63,80,30,8,512,20,2840,3352,80,0,80,64,0,64
63,80,30,8,512,20,2840,3352,80,0,80,64,0,64
63,80,30,8,512,20,2840,3352,80,0,80,64,0,64
63,80,30,8,512,20,2840,3352,80,0,80,64,0,64
63,80,30,8,512,20,2840,3352,80,0,80,64,0,64
63,80,30,8,512,20,2840,3352,80,0,80,64,0,64
65,80,30,8,512,20,2840,3352,80,0,80,66,0,66
65,80,30,8,512,20,2840,3352,80,0,80,66,0,66
65,80,30,8,512,20,2840,3352,80,0,80,66,0,66
65,80,30,8,512,20,2840,3352,80,0,80,66,0,66
65,80,30,8,512,20,2840,3352,80,0,80,66,0,66
65,80,30,8,512,20,2840,3352,80,0,80,66,0,66
65,80,30,8,512,20,2840,3352,80,0,80,66,0,66
65,80,30,8,512,20,2840,3352,80,0,80,66,0,66
65,80,30,8,512,20,2840,3352,80,0,80,66,0,66
65,80,30,8,512,20,2840,3352,80,0,80,66,0,66
71,80,30,8,512,20,2840,3352,80,0,80,72,0,72
71,80,30,8,512,20,2840,3352,80,0,80,72,0,72
71,80,30,8,512,20,2840,3352,80,0,80,72,0,72
71,80,30,8,512,20,2840,3352,80,0,80,72,0,72
71,80,30,8,512,20,2840,3352,80,0,80,72,0,72
71,80,30,8,512,20,2840,3352,80,0,80,72,0,72
71,80,30,8,512,20,2840,3352,80,0,80,72,0,72
71,80,30,8,512,20,2840,3352,80,0,80,72,0,72
71,80,30,8,512,20,2840,3352,80,0,80,72,0,72
71,80,30,8,512,20,2840,3352,80,0,80,72,0,72
63,80,30,8,512,20,2840,3352,80,0,80,64,0,64
63,80,30,8,512,20,2840,3352,80,0,80,64,0,64
63,80,30,8,512,20,2840,3352,80,0,80,64,0,64
63,80,30,8,512,20,2840,3352,80,0,80,64,0,64
63,80,30,8,512,20,2840,3352,80,0,80,64,0,64
63,80,30,8,512,20,2840,3352,80,0,80,64,0,64
63,80,30,8,512,20,2840,3352,80,0,80,64,0,64
63,80,30,8,512,20,2840,3352,80,0,80,64,0,64
63,80,30,8,512,20,2840,3352,80,0,80,64,0,64
63,80,30,8,512,20,2840,3352,80,0,80,64,0,64
47,80,30,8,512,20,2840,3352,80,0,80,48,0,48
47,80,30,8,512,20,2840,3352,80,0,80,48,0,48
47,80,30,8,512,20,2840,3352,80,0,80,48,0,48
47,80,30,8,512,20,2840,3352,80,0,80,48,0,48
47,80,30,8,512,20,2840,3352,80,0,80,48,0,48
47,80,30,8,512,20,2840,3352,80,0,80,48,0,48
47,80,30,8,512,20,2840,3352,80,0,80,48,0,48
47,80,30,8,512,20,2840,3352,80,0,80,48,0,48
47,80,30,8,512,20,2840,3352,80,0,80,48,0,48
47,80,30,8,512,20,2840,3352,80,0,80,48,0,48
52,80,30,8,512,20,2840,3352,80,0,80,52,0,52
52,80,30,8,512,20,2840,3352,80,0,80,52,0,52
52,80,30,8,512,20,2840,3352,80,0,80,52,0,52
52,80,30,8,512,20,2840,3352,80,0,80,52,0,52
52,80,30,8,512,20,2840,3352,80,0,80,52,0,52
52,80,30,8,512,20,2840,3352,80,0,80,52,0,52
52,80,30,8,512,20,2840,3352,80,0,80,52,0,52
52,80,30,8,512,20,2840,3352,80,0,80,52,0,52
52,80,30,8,512,20,2840,3352,80,0,80,52,0,52
52,80,30,8,512,20,2840,3352,80,0,80,52,0,52
58,80,30,8,512,20,2840,3352,80,0,80,58,0,58
58,80,30,8,512,20,2840,3352,80,0,80,58,0,58
58,80,30,8,512,20,2840,3352,80,0,80,58,0,58
58,80,30,8,512,20,2840,3352,80,0,80,58,0,58
58,80,30,8,512,20,2840,3352,80,0,80,58,0,58
58,80,30,8,512,20,2840,3352,80,0,80,58,0,58
58,80,30,8,512,20,2840,3352,80,0,80,58,0,58
58,80,30,8,512,20,2840,3352,80,0,80,58,0,58
58,80,30,8,512,20,2840,3352,80,0,80,58,0,58
58,80,30,8,512,20,2840,3352,80,0,80,58,0,58
47,80,30,8,512,20,2840,3352,80,0,80,48,0,48
47,80,30,8,512,20,2840,3352,80,0,80,48,0,48
47,80,30,8,512,20,2840,3352,80,0,80,48,0,48
47,80,30,8,512,20,2840,3352,80,0,80,48,0,48
47,80,30,8,512,20,2840,3352,80,0,80,48,0,48
47,80,30,8,512,20,2840,3352,80,0,80,48,0,48
47,80,30,8,512,20,2840,3352,80,0,80,48,0,48
47,80,30,8,512,20,2840,3352,80,0,80,48,0,48
47,80,30,8,512,20,2840,3352,80,0,80,48,0,48
47,80,30,8,512,20,2840,3352,80,0,80,48,0,48
52,80,30,8,512,20,2840,3352,80,0,80,52,0,52
52,80,30,8,512,20,2840,3352,80,0,80,52,0,52
52,80,30,8,512,20,2840,3352,80,0,80,52,0,52
52,80,30,8,512,20,2840,3352,80,0,80,52,0,52
52,80,30,8,512,20,2840,3352,80,0,80,52,0,52
52,80,30,8,512,20,2840,3352,80,0,80,52,0,52
52,80,30,8,512,20,2840,3352,80,0,80,52,0,52
52,80,30,8,512,20,2840,3352,80,0,80,52,0,52
52,80,30,8,512,20,2840,3352,80,0,80,52,0,52
52,80,30,8,512,20,2840,3352,80,0,80,52,0,52
36,80,30,8,512,20,2840,3352,80,0,80,36,0,36
36,80,30,8,512,20,2840,3352,80,0,80,36,0,36
36,80,30,8,512,20,2840,3352,80,0,80,36,0,36
36,80,30,8,512,20,2840,3352,80,0,80,36,0,36
36,80,30,8,512,20,2840,3352,80,0,80,36,0,36
36,40,15,4,256,10,1420,1676,40,0,40,36,0,36
36,40,15,4,256,10,1420,1676,40,0,40,36,0,36
36,40,15,4,256,10,1420,1676,40,0,40,36,0,36
36,40,15,4,256,10,1420,1676,40,0,40,36,0,36
36,40,15,4,256,10,1420,1676,40,0,40,36,0,36
39,40,15,4,256,10,1420,1676,40,0,40,39,0,39
39,40,15,4,256,10,1420,1676,40,0,40,39,0,39
39,40,15,4,256,10,1420,1676,40,0,40,39,0,39
39,40,15,4,256,10,1420,1676,40,0,40,39,0,39
39,40,15,4,256,10,1420,1676,40,0,40,39,0,39
39,40,15,4,256,10,1420,1676,40,0,40,39,0,39
39,40,15,4,256,10,1420,1676,40,0,40,39,0,39
39,40,15,4,256,10,1420,1676,40,0,40,39,0,39
39,40,15,4,256,10,1420,1676,40,0,40,39,0,39
39,40,15,4,256,10,1420,1676,40,0,40,39,0,39
45,40,15,4,256,10,1420,1676,40,0,40,40,0,40
45,40,15,4,256,10,1420,1676,40,0,40,40,0,40
45,40,15,4,256,10,1420,1676,40,0,40,40,0,40
45,56,16,6,384,20,2840,3224,56,0,56,46,0,46
45,56,16,6,384,20,2840,3224,56,0,56,46,0,46
45,56,16,6,384,20,2840,3224,56,0,56,46,0,46
45,56,16,6,384,20,2840,3224,56,0,56,46,0,46
45,56,16,6,384,20,2840,3224,56,0,56,46,0,46
45,56,16,6,384,20,2840,3224,56,0,56,46,0,46
45,56,16,6,384,20,2840,3224,56,0,56,46,0,46
67,56,16,6,384,20,2840,3224,56,0,56,56,0,56
67,56,16,6,384,20,2840,3224,56,0,56,56,0,56
67,78,18,10,640,30,4260,4900,78,6,72,70,6,64
67,78,18,10,640,30,4260,4900,78,6,72,70,6,64
67,78,18,10,640,30,4260,4900,78,6,72,70,6,64
67,78,18,10,640,30,4260,4900,78,6,72,70,6,64
67,78,18,10,640,30,4260,4900,78,6,72,70,6,64
67,78,18,10,640,30,4260,4900,78,6,72,70,6,64
67,78,18,10,640,30,4260,4900,78,6,72,70,6,64
67,78,18,10,640,30,4260,4900,78,6,72,70,6,64
63,78,18,10,640,30,4260,4900,78,6,72,64,0,64
63,161,67,22,1408,50,7100,8508,161,12,149,65,12,53
63,161,67,22,1408,50,7100,8508,161,12,149,65,12,53
63,161,67,22,1408,50,7100,8508,161,12,149,65,12,53
63,161,67,22,1408,50,7100,8508,161,12,149,65,12,53
63,161,67,22,1408,50,7100,8508,161,12,149,65,12,53
63,161,67,22,1408,50,7100,8508,161,12,149,65,12,53
63,68,18,10,640,20,2840,3480,68,12,56,65,12,53
63,68,18,10,640,20,2840,3480,68,12,56,65,12,53
63,68,18,10,640,20,2840,3480,68,12,56,65,12,53
67,68,18,10,640,20,2840,3480,68,12,56,68,12,56
67,68,18,10,640,20,2840,3480,68,12,56,68,12,56
67,68,18,10,640,20,2840,3480,68,12,56,68,12,56
67,68,18,10,640,20,2840,3480,68,12,56,68,12,56
67,68,18,10,640,20,2840,3480,68,12,56,68,12,56
67,68,18,10,640,20,2840,3480,68,12,56,68,12,56
67,68,18,10,640,20,2840,3480,68,12,56,68,12,56
67,68,18,10,640,20,2840,3480,68,12,56,68,12,56
67,68,18,10,640,20,2840,3480,68,12,56,68,12,56
67,68,18,10,640,20,2840,3480,68,12,56,68,12,56
71,68,18,10,640,20,2840,3480,68,12,56,68,12,56
71,68,18,10,640,20,2840,3480,68,12,56,68,12,56
71,84,19,12,768,30,4260,5028,84,12,72,71,10,61
71,84,19,12,768,30,4260,5028,84,12,72,71,10,61
71,84,19,12,768,30,4260,5028,84,12,72,71,10,61
71,84,19,12,768,30,4260,5028,84,12,72,71,10,61
71,84,19,12,768,30,4260,5028,84,12,72,71,10,61
71,84,19,12,768,30,4260,5028,84,12,72,71,10,61
71,84,19,12,768,30,4260,5028,84,12,72,71,10,61
71,84,19,12,768,30,4260,5028,84,12,72,71,10,61
65,84,19,12,768,30,4260,5028,84,12,72,67,12,55
65,174,75,24,1536,50,7100,8636,174,12,162,66,0,66
65,174,75,24,1536,50,7100,8636,174,12,162,66,0,66
65,174,75,24,1536,50,7100,8636,174,12,162,66,0,66
65,174,75,24,1536,50,7100,8636,174,12,162,66,0,66
65,174,75,24,1536,50,7100,8636,174,12,162,66,0,66
65,174,75,24,1536,50,7100,8636,174,12,162,66,0,66
65,66,42,10,640,20,2840,3480,66,0,66,66,0,66
65,66,42,10,640,20,2840,3480,66,0,66,66,0,66
65,66,42,10,640,20,2840,3480,66,0,66,66,0,66
67,66,42,10,640,20,2840,3480,66,0,66,66,0,66
67,66,42,10,640,20,2840,3480,66,0,66,66,0,66
67,66,42,10,640,20,2840,3480,66,0,66,66,0,66
67,66,42,10,640,20,2840,3480,66,0,66,66,0,66
67,66,42,10,640,20,2840,3480,66,0,66,66,0,66
67,66,42,10,640,20,2840,3480,66,0,66,66,0,66
67,66,42,10,640,20,2840,3480,66,0,66,66,0,66
67,66,42,10,640,20,2840,3480,66,0,66,66,0,66
67,66,42,10,640,20,2840,3480,66,0,66,66,0,66
67,66,42,10,640,20,2840,3480,66,0,66,66,0,66
102,66,42,10,640,20,2840,3480,66,0,66,66,0,66
102,66,42,10,640,20,2840,3480,66,0,66,66,0,66
102,135,76,14,896,50,7100,7996,135,0,135,103,0,103
102,135,76,14,896,50,7100,7996,135,0,135,103,0,103
102,135,76,14,896,50,7100,7996,135,0,135,103,0,103
102,135,76,14,896,50,7100,7996,135,0,135,103,0,103
102,135,76,14,896,50,7100,7996,135,0,135,103,0,103
102,135,76,14,896,50,7100,7996,135,0,135,103,0,103
102,119,75,12,768,40,5680,6448,119,0,119,103,0,103
102,119,75,12,768,40,5680,6448,119,0,119,103,0,103
108,119,75,12,768,40,5680,6448,119,0,119,109,0,109
108,119,75,12,768,40,5680,6448,119,0,119,109,0,109
108,119,75,12,768,40,5680,6448,119,0,119,109,0,109
108,119,75,12,768,40,5680,6448,119,0,119,109,0,109
108,119,75,12,768,40,5680,6448,119,0,119,109,0,109
108,119,75,12,768,40,5680,6448,119,0,119,109,0,109
108,119,75,12,768,40,5680,6448,119,0,119,109,0,109
108,119,75,12,768,40,5680,6448,119,0,119,109,0,109
108,119,75,12,768,40,5680,6448,119,0,119,109,0,109
108,119,75,12,768,40,5680,6448,119,0,119,109,0,109
143,119,75,12,768,40,5680,6448,119,0,119,119,0,119
143,119,75,12,768,40,5680,6448,119,0,119,119,0,119
143,119,75,12,768,40,5680,6448,119,0,119,119,0,119
143,159,90,16,1024,50,7100,8124,159,0,159,144,0,144
143,159,90,16,1024,50,7100,8124,159,0,159,144,0,144
143,159,90,16,1024,50,7100,8124,159,0,159,144,0,144
143,159,90,16,1024,50,7100,8124,159,0,159,144,0,144
143,159,90,16,1024,50,7100,8124,159,0,159,144,0,144
143,159,90,16,1024,50,7100,8124,159,0,159,144,0,144
143,159,90,16,1024,50,7100,8124,159,0,159,144,0,144
143,159,90,16,1024,50,7100,8124,159,0,159,144,0,144
143,159,90,16,1024,50,7100,8124,159,0,159,144,0,144
143,159,90,16,1024,50,7100,8124,159,0,159,144,0,144
143,159,90,16,1024,50,7100,8124,159,0,159,144,0,144
143,159,90,16,1024,50,7100,8124,159,0,159,144,0,144
143,159,90,16,1024,50,7100,8124,159,0,159,144,0,144
143,159,90,16,1024,50,7100,8124,159,0,159,144,0,144
143,159,90,16,1024,50,7100,8124,159,0,159,144,0,144
143,159,90,16,1024,50,7100,8124,159,0,159,144,0,144
143,159,90,16,1024,50,7100,8124,159,0,159,144,0,144
128,159,90,16,1024,50,7100,8124,159,0,159,129,0,129
128,159,90,16,1024,50,7100,8124,159,0,159,129,0,129
128,159,90,16,1024,50,7100,8124,159,0,159,129,0,129
128,159,90,16,1024,50,7100,8124,159,0,159,129,0,129
128,159,90,16,1024,50,7100,8124,159,0,159,129,0,129
128,159,90,16,1024,50,7100,8124,159,0,159,129,0,129
128,159,90,16,1024,50,7100,8124,159,0,159,129,0,129
128,159,90,16,1024,50,7100,8124,159,0,159,129,0,129
128,159,90,16,1024,50,7100,8124,159,0,159,129,0,129
128,159,90,16,1024,50,7100,8124,159,0,159,129,0,129
117,159,90,16,1024,50,7100,8124,159,0,159,118,0,118
117,159,90,16,1024,50,7100,8124,159,0,159,118,0,118
117,159,90,16,1024,50,7100,8124,159,0,159,118,0,118
117,159,90,16,1024,50,7100,8124,159,0,159,118,0,118
117,159,90,16,1024,50,7100,8124,159,0,159,118,0,118
117,159,90,16,1024,50,7100,8124,159,0,159,118,0,118
117,119,75,12,768,40,5680,6448,119,0,119,118,0,118
117,119,75,12,768,40,5680,6448,119,0,119,118,0,118
117,119,75,12,768,40,5680,6448,119,0,119,118,0,118
117,119,75,12,768,40,5680,6448,119,0,119,118,0,118
119,119,75,12,768,40,5680,6448,119,0,119,119,0,119
119,119,75,12,768,40,5680,6448,119,0,119,119,0,119
119,119,75,12,768,40,5680,6448,119,0,119,119,0,119
119,119,75,12,768,40,5680,6448,119,0,119,119,0,119
119,119,75,12,768,40,5680,6448,119,0,119,119,0,119
119,119,75,12,768,40,5680,6448,119,0,119,119,0,119
119,119,75,12,768,40,5680,6448,119,0,119,119,0,119
119,119,75,12,768,40,5680,6448,119,0,119,119,0,119
119,119,75,12,768,40,5680,6448,119,0,119,119,0,119
119,119,75,12,768,40,5680,6448,119,0,119,119,0,119
108,119,75,12,768,40,5680,6448,119,0,119,109,0,109
108,119,75,12,768,40,5680,6448,119,0,119,109,0,109
108,119,75,12,768,40,5680,6448,119,0,119,109,0,109
108,119,75,12,768,40,5680,6448,119,0,119,109,0,109
108,119,75,12,768,40,5680,6448,119,0,119,109,0,109
108,119,75,12,768,40,5680,6448,119,0,119,109,0,109
108,119,75,12,768,40,5680,6448,119,0,119,109,0,109
108,119,75,12,768,40,5680,6448,119,0,119,109,0,109
108,119,75,12,768,40,5680,6448,119,0,119,109,0,109
108,119,75,12,768,40,5680,6448,119,0,119,109,0,109
102,119,75,12,768,40,5680,6448,119,0,119,103,0,103
102,119,75,12,768,40,5680,6448,119,0,119,103,0,103
102,119,75,12,768,40,5680,6448,119,0,119,103,0,103
102,119,75,12,768,40,5680,6448,119,0,119,103,0,103
102,119,75,12,768,40,5680,6448,119,0,119,103,0,103
102,119,75,12,768,40,5680,6448,119,0,119,103,0,103
102,119,75,12,768,40,5680,6448,119,0,119,103,0,103
102,119,75,12,768,40,5680,6448,119,0,119,103,0,103
102,119,75,12,768,40,5680,6448,119,0,119,103,0,103
102,119,75,12,768,40,5680,6448,119,0,119,103,0,103
117,119,75,12,768,40,5680,6448,119,0,119,118,0,118
117,119,75,12,768,40,5680,6448,119,0,119,118,0,118
117,119,75,12,768,40,5680,6448,119,0,119,118,0,118
117,119,75,12,768,40,5680,6448,119,0,119,118,0,118
117,119,75,12,768,40,5680,6448,119,0,119,118,0,118
117,119,75,12,768,40,5680,6448,119,0,119,118,0,118
117,119,75,12,768,40,5680,6448,119,0,119,118,0,118
117,119,75,12,768,40,5680,6448,119,0,119,118,0,118
117,119,75,12,768,40,5680,6448,119,0,119,118,0,118
117,119,75,12,768,40,5680,6448,119,0,119,118,0,118
104,119,75,12,768,40,5680,6448,119,0,119,105,0,105
104,119,75,12,768,40,5680,6448,119,0,119,105,0,105
104,119,75,12,768,40,5680,6448,119,0,119,105,0,105
104,119,75,12,768,40,5680,6448,119,0,119,105,0,105
104,119,75,12,768,40,5680,6448,119,0,119,105,0,105
104,119,75,12,768,40,5680,6448,119,0,119,105,0,105
104,119,75,12,768,40,5680,6448,119,0,119,105,0,105
104,119,75,12,768,40,5680,6448,119,0,119,105,0,105
104,119,75,12,768,40,5680,6448,119,0,119,105,0,105
104,119,75,12,768,40,5680,6448,119,0,119,105,0,105
95,119,75,12,768,40,5680,6448,119,0,119,96,0,96
95,119,75,12,768,40,5680,6448,119,0,119,96,0,96
95,119,75,12,768,40,5680,6448,119,0,119,96,0,96
95,119,75,12,768,40,5680,6448,119,0,119,96,0,96
95,119,75,12,768,40,5680,6448,119,0,119,96,0,96
95,119,75,12,768,40,5680,6448,119,0,119,96,0,96
95,119,75,12,768,40,5680,6448,119,0,119,96,0,96
95,119,75,12,768,40,5680,6448,119,0,119,96,0,96
95,119,75,12,768,40,5680,6448,119,0,119,96,0,96
95,119,75,12,768,40,5680,6448,119,0,119,96,0,96
67,119,75,12,768,40,5680,6448,119,0,119,67,0,67
67,119,75,12,768,40,5680,6448,119,0,119,67,0,67
67,119,75,12,768,40,5680,6448,119,0,119,67,0,67
67,119,75,12,768,40,5680,6448,119,0,119,67,0,67
67,119,75,12,768,40,5680,6448,119,0,119,67,0,67
67,69,34,4,256,30,4260,4516,69,0,69,67,0,67
67,69,34,4,256,30,4260,4516,69,0,69,67,0,67
67,69,34,4,256,30,4260,4516,69,0,69,67,0,67
67,69,34,4,256,30,4260,4516,69,0,69,67,0,67
67,69,34,4,256,30,4260,4516,69,0,69,67,0,67
71,69,34,4,256,30,4260,4516,69,0,69,69,0,69
71,69,34,4,256,30,4260,4516,69,0,69,69,0,69
71,69,34,4,256,30,4260,4516,69,0,69,69,0,69
71,69,34,4,256,30,4260,4516,69,0,69,69,0,69
71,69,34,4,256,30,4260,4516,69,0,69,69,0,69
71,69,34,4,256,30,4260,4516,69,0,69,69,0,69
71,69,34,4,256,30,4260,4516,69,0,69,69,0,69
71,69,34,4,256,30,4260,4516,69,0,69,69,0,69
71,69,34,4,256,30,4260,4516,69,0,69,69,0,69
71,69,34,4,256,30,4260,4516,69,0,69,69,0,69
128,69,34,4,256,30,4260,4516,69,0,69,69,0,69
128,69,34,4,256,30,4260,4516,69,0,69,69,0,69
128,69,34,4,256,30,4260,4516,69,0,69,69,0,69
128,146,82,14,896,50,7100,7996,146,0,146,130,0,130
128,146,82,14,896,50,7100,7996,146,0,146,130,0,130
128,146,82,14,896,50,7100,7996,146,0,146,130,0,130
128,146,82,14,896,50,7100,7996,146,0,146,130,0,130
128,146,82,14,896,50,7100,7996,146,0,146,130,0,130
128,146,82,14,896,50,7100,7996,146,0,146,130,0,130
128,146,82,14,896,50,7100,7996,146,0,146,130,0,130
173,146,82,14,896,50,7100,7996,146,0,146,146,0,146
173,146,82,14,896,50,7100,7996,146,0,146,146,0,146
173,186,97,18,1152,60,8520,9672,186,0,186,175,0,175
173,186,97,18,1152,60,8520,9672,186,0,186,175,0,175
173,186,97,18,1152,60,8520,9672,186,0,186,175,0,175
173,186,97,18,1152,60,8520,9672,186,0,186,175,0,175
173,186,97,18,1152,60,8520,9672,186,0,186,175,0,175
173,186,97,18,1152,60,8520,9672,186,0,186,175,0,175
173,186,97,18,1152,60,8520,9672,186,0,186,175,0,175
173,186,97,18,1152,60,8520,9672,186,0,186,175,0,175
158,186,97,18,1152,60,8520,9672,186,0,186,159,0,159
158,359,231,36,2304,100,14200,16504,359,0,359,160,0,160
158,359,231,36,2304,100,14200,16504,359,0,359,160,0,160
158,359,231,36,2304,100,14200,16504,359,0,359,160,0,160
158,359,231,36,2304,100,14200,16504,359,0,359,160,0,160
158,359,231,36,2304,100,14200,16504,359,0,359,160,0,160
158,359,231,36,2304,100,14200,16504,359,0,359,160,0,160
158,163,108,14,896,40,5680,6576,163,0,163,160,0,160
158,163,108,14,896,40,5680,6576,163,0,163,160,0,160
158,163,108,14,896,40,5680,6576,163,0,163,160,0,160
171,163,108,14,896,40,5680,6576,163,0,163,163,0,163
171,163,108,14,896,40,5680,6576,163,0,163,163,0,163
171,163,108,14,896,40,5680,6576,163,0,163,163,0,163
171,185,110,18,1152,50,7100,8252,185,6,179,176,6,170
171,185,110,18,1152,50,7100,8252,185,6,179,176,6,170
171,185,110,18,1152,50,7100,8252,185,6,179,176,6,170
171,185,110,18,1152,50,7100,8252,185,6,179,176,6,170
171,185,110,18,1152,50,7100,8252,185,6,179,176,6,170
171,185,110,18,1152,50,7100,8252,185,6,179,176,6,170
171,185,110,18,1152,50,7100,8252,185,6,179,176,6,170
165,185,110,18,1152,50,7100,8252,185,6,179,167,6,161
165,185,110,18,1152,50,7100,8252,185,6,179,167,6,161
165,185,110,18,1152,50,7100,8252,185,6,179,167,6,161
165,185,110,18,1152,50,7100,8252,185,6,179,167,6,161
165,185,110,18,1152,50,7100,8252,185,6,179,167,6,161
165,169,109,16,1024,40,5680,6704,169,6,163,167,6,161
165,169,109,16,1024,40,5680,6704,169,6,163,167,6,161
165,169,109,16,1024,40,5680,6704,169,6,163,167,6,161
165,169,109,16,1024,40,5680,6704,169,6,163,167,6,161
165,169,109,16,1024,40,5680,6704,169,6,163,167,6,161
143,169,109,16,1024,40,5680,6704,169,6,163,145,0,145
143,315,236,32,2048,70,9940,11988,315,6,309,145,0,145
143,315,236,32,2048,70,9940,11988,315,6,309,145,0,145
143,315,236,32,2048,70,9940,11988,315,6,309,145,0,145
143,315,236,32,2048,70,9940,11988,315,6,309,145,0,145
143,315,236,32,2048,70,9940,11988,315,6,309,145,0,145
143,315,236,32,2048,70,9940,11988,315,6,309,145,0,145
143,146,127,16,1024,30,4260,5284,146,0,146,145,0,145
143,146,127,16,1024,30,4260,5284,146,0,146,145,0,145
143,146,127,16,1024,30,4260,5284,146,0,146,145,0,145
143,146,127,16,1024,30,4260,5284,146,0,146,145,0,145
143,146,127,16,1024,30,4260,5284,146,0,146,145,0,145
143,146,127,16,1024,30,4260,5284,146,0,146,145,0,145
143,146,127,16,1024,30,4260,5284,146,0,146,145,0,145
143,146,127,16,1024,30,4260,5284,146,0,146,145,0,145
143,146,127,16,1024,30,4260,5284,146,0,146,145,0,145
143,146,127,16,1024,30,4260,5284,146,0,146,145,0,145
143,146,127,16,1024,30,4260,5284,146,0,146,145,0,145
143,146,127,16,1024,30,4260,5284,146,0,146,145,0,145
143,146,127,16,1024,30,4260,5284,146,0,146,145,0,145
145,146,127,16,1024,30,4260,5284,146,0,146,146,0,146
145,146,127,16,1024,30,4260,5284,146,0,146,146,0,146
145,146,127,16,1024,30,4260,5284,146,0,146,146,0,146
145,146,127,16,1024,30,4260,5284,146,0,146,146,0,146
145,146,127,16,1024,30,4260,5284,146,0,146,146,0,146
145,146,127,16,1024,30,4260,5284,146,0,146,146,0,146
145,146,127,16,1024,30,4260,5284,146,0,146,146,0,146
145,146,127,16,1024,30,4260,5284,146,0,146,146,0,146
145,146,127,16,1024,30,4260,5284,146,0,146,146,0,146
145,146,127,16,1024,30,4260,5284,146,0,146,146,0,146
165,146,127,16,1024,30,4260,5284,146,0,146,146,0,146
165,186,142,20,1280,40,5680,6960,186,0,186,167,0,167
165,186,142,20,1280,40,5680,6960,186,0,186,167,0,167
165,186,142,20,1280,40,5680,6960,186,0,186,167,0,167
165,186,142,20,1280,40,5680,6960,186,0,186,167,0,167
165,186,142,20,1280,40,5680,6960,186,0,186,167,0,167
165,186,142,20,1280,40,5680,6960,186,0,186,167,0,167
165,186,142,20,1280,40,5680,6960,186,0,186,167,0,167
165,186,142,20,1280,40,5680,6960,186,0,186,167,0,167
165,186,142,20,1280,40,5680,6960,186,0,186,167,0,167
156,186,142,20,1280,40,5680,6960,186,0,186,157,0,157
156,186,142,20,1280,40,5680,6960,186,0,186,157,0,157
156,186,142,20,1280,40,5680,6960,186,0,186,157,0,157
156,186,142,20,1280,40,5680,6960,186,0,186,157,0,157
156,186,142,20,1280,40,5680,6960,186,0,186,157,0,157
156,186,142,20,1280,40,5680,6960,186,0,186,157,0,157
156,186,142,20,1280,40,5680,6960,186,0,186,157,0,157
156,186,142,20,1280,40,5680,6960,186,0,186,157,0,157
156,186,142,20,1280,40,5680,6960,186,0,186,157,0,157
156,186,142,20,1280,40,5680,6960,186,0,186,157,0,157
117,186,142,20,1280,40,5680,6960,186,0,186,119,0,119
117,186,142,20,1280,40,5680,6960,186,0,186,119,0,119
117,186,142,20,1280,40,5680,6960,186,0,186,119,0,119
117,186,142,20,1280,40,5680,6960,186,0,186,119,0,119
117,186,142,20,1280,40,5680,6960,186,0,186,119,0,119
117,136,101,12,768,30,4260,5028,136,0,136,119,0,119
117,136,101,12,768,30,4260,5028,136,0,136,119,0,119
117,136,101,12,768,30,4260,5028,136,0,136,119,0,119
117,136,101,12,768,30,4260,5028,136,0,136,119,0,119
117,136,101,12,768,30,4260,5028,136,0,136,119,0,119
121,136,101,12,768,30,4260,5028,136,0,136,122,0,122
121,136,101,12,768,30,4260,5028,136,0,136,122,0,122
121,136,101,12,768,30,4260,5028,136,0,136,122,0,122
121,136,101,12,768,30,4260,5028,136,0,136,122,0,122
121,136,101,12,768,30,4260,5028,136,0,136,122,0,122
121,136,101,12,768,30,4260,5028,136,0,136,122,0,122
121,136,101,12,768,30,4260,5028,136,0,136,122,0,122
121,136,101,12,768,30,4260,5028,136,0,136,122,0,122
121,136,101,12,768,30,4260,5028,136,0,136,122,0,122
121,136,101,12,768,30,4260,5028,136,0,136,122,0,122
128,136,101,12,768,30,4260,5028,136,0,136,129,0,129
128,136,101,12,768,30,4260,5028,136,0,136,129,0,129
128,136,101,12,768,30,4260,5028,136,0,136,129,0,129
128,136,101,12,768,30,4260,5028,136,0,136,129,0,129
128,136,101,12,768,30,4260,5028,136,0,136,129,0,129
128,136,101,12,768,30,4260,5028,136,0,136,129,0,129
128,136,101,12,768,30,4260,5028,136,0,136,129,0,129
128,136,101,12,768,30,4260,5028,136,0,136,129,0,129
128,136,101,12,768,30,4260,5028,136,0,136,129,0,129
128,136,101,12,768,30,4260,5028,136,0,136,129,0,129
193,136,101,12,768,30,4260,5028,136,0,136,136,0,136
193,136,101,12,768,30,4260,5028,136,0,136,136,0,136
193,211,151,18,1152,50,7100,8252,211,0,211,195,0,195
193,211,151,18,1152,50,7100,8252,211,0,211,195,0,195
193,211,151,18,1152,50,7100,8252,211,0,211,195,0,195
193,211,151,18,1152,50,7100,8252,211,0,211,195,0,195
193,211,151,18,1152,50,7100,8252,211,0,211,195,0,195
193,211,151,18,1152,50,7100,8252,211,0,211,195,0,195
193,211,151,18,1152,50,7100,8252,211,0,211,195,0,195
193,211,151,18,1152,50,7100,8252,211,0,211,195,0,195
213,211,151,18,1152,50,7100,8252,211,0,211,211,0,211
213,211,151,18,1152,50,7100,8252,211,0,211,211,0,211
213,211,151,18,1152,50,7100,8252,211,0,211,211,0,211
213,211,151,18,1152,50,7100,8252,211,0,211,211,0,211
213,211,151,18,1152,50,7100,8252,211,0,211,211,0,211
213,211,151,18,1152,50,7100,8252,211,0,211,211,0,211
213,211,151,18,1152,50,7100,8252,211,0,211,211,0,211
213,211,151,18,1152,50,7100,8252,211,0,211,211,0,211
213,211,151,18,1152,50,7100,8252,211,0,211,211,0,211
213,211,151,18,1152,50,7100,8252,211,0,211,211,0,211
204,211,151,18,1152,50,7100,8252,211,0,211,207,0,207
204,211,151,18,1152,50,7100,8252,211,0,211,207,0,207
204,211,151,18,1152,50,7100,8252,211,0,211,207,0,207
204,211,151,18,1152,50,7100,8252,211,0,211,207,0,207
204,211,151,18,1152,50,7100,8252,211,0,211,207,0,207
204,211,151,18,1152,50,7100,8252,211,0,211,207,0,207
204,211,151,18,1152,50,7100,8252,211,0,211,207,0,207
204,211,151,18,1152,50,7100,8252,211,0,211,207,0,207
204,211,151,18,1152,50,7100,8252,211,0,211,207,0,207
204,211,151,18,1152,50,7100,8252,211,0,211,207,0,207
219,211,151,18,1152,50,7100,8252,211,0,211,211,0,211
219,211,151,18,1152,50,7100,8252,211,0,211,211,0,211
219,233,153,22,1408,60,8520,9928,233,6,227,224,6,218
219,233,153,22,1408,60,8520,9928,233,6,227,224,6,218
219,233,153,22,1408,60,8520,9928,233,6,227,224,6,218
219,233,153,22,1408,60,8520,9928,233,6,227,224,6,218
219,233,153,22,1408,60,8520,9928,233,6,227,224,6,218
219,233,153,22,1408,60,8520,9928,233,6,227,224,6,218
219,233,153,22,1408,60,8520,9928,233,6,227,224,6,218
219,233,153,22,1408,60,8520,9928,233,6,227,224,6,218
236,233,153,22,1408,60,8520,9928,233,6,227,233,6,227
236,233,153,22,1408,60,8520,9928,233,6,227,233,6,227
236,233,153,22,1408,60,8520,9928,233,6,227,233,6,227
236,233,153,22,1408,60,8520,9928,233,6,227,233,6,227
236,233,153,22,1408,60,8520,9928,233,6,227,233,6,227
236,233,153,22,1408,60,8520,9928,233,6,227,233,6,227
236,233,153,22,1408,60,8520,9928,233,6,227,233,6,227
236,233,153,22,1408,60,8520,9928,233,6,227,233,6,227
236,233,153,22,1408,60,8520,9928,233,6,227,233,6,227
236,233,153,22,1408,60,8520,9928,233,6,227,233,6,227
215,233,153,22,1408,60,8520,9928,233,6,227,217,6,211
215,233,153,22,1408,60,8520,9928,233,6,227,217,6,211
215,233,153,22,1408,60,8520,9928,233,6,227,217,6,211
215,233,153,22,1408,60,8520,9928,233,6,227,217,6,211
215,233,153,22,1408,60,8520,9928,233,6,227,217,6,211
215,233,153,22,1408,60,8520,9928,233,6,227,217,6,211
215,217,152,20,1280,50,7100,8380,217,6,211,217,6,211
215,217,152,20,1280,50,7100,8380,217,6,211,217,6,211
215,217,152,20,1280,50,7100,8380,217,6,211,217,6,211
215,217,152,20,1280,50,7100,8380,217,6,211,217,6,211
202,217,152,20,1280,50,7100,8380,217,6,211,205,0,205
202,217,152,20,1280,50,7100,8380,217,6,211,205,0,205
202,217,152,20,1280,50,7100,8380,217,6,211,205,0,205
202,217,152,20,1280,50,7100,8380,217,6,211,205,0,205
202,217,152,20,1280,50,7100,8380,217,6,211,205,0,205
202,211,151,18,1152,50,7100,8252,211,0,211,205,0,205
202,211,151,18,1152,50,7100,8252,211,0,211,205,0,205
202,211,151,18,1152,50,7100,8252,211,0,211,205,0,205
202,211,151,18,1152,50,7100,8252,211,0,211,205,0,205
202,211,151,18,1152,50,7100,8252,211,0,211,205,0,205
154,211,151,18,1152,50,7100,8252,211,0,211,156,0,156
154,365,277,40,2560,80,11360,13920,365,6,359,157,0,157
154,365,277,40,2560,80,11360,13920,365,6,359,157,0,157
154,365,277,40,2560,80,11360,13920,365,6,359,157,0,157
154,365,277,40,2560,80,11360,13920,365,6,359,157,0,157
154,365,277,40,2560,80,11360,13920,365,6,359,157,0,157
154,365,277,40,2560,80,11360,13920,365,6,359,157,0,157
154,165,106,18,1152,40,5680,6832,165,0,165,157,0,157
154,165,106,18,1152,40,5680,6832,165,0,165,157,0,157
154,165,106,18,1152,40,5680,6832,165,0,165,157,0,157
119,165,106,18,1152,40,5680,6832,165,0,165,121,0,121
119,165,106,18,1152,40,5680,6832,165,0,165,121,0,121
119,165,106,18,1152,40,5680,6832,165,0,165,121,0,121
119,165,106,18,1152,40,5680,6832,165,0,165,121,0,121
119,165,106,18,1152,40,5680,6832,165,0,165,121,0,121
119,165,106,18,1152,40,5680,6832,165,0,165,121,0,121
119,125,91,14,896,30,4260,5156,125,0,125,121,0,121
119,125,91,14,896,30,4260,5156,125,0,125,121,0,121
119,125,91,14,896,30,4260,5156,125,0,125,121,0,121
119,125,91,14,896,30,4260,5156,125,0,125,121,0,121
132,125,91,14,896,30,4260,5156,125,0,125,125,0,125
132,125,91,14,896,30,4260,5156,125,0,125,125,0,125
132,152,98,16,1024,40,5680,6704,152,0,152,134,0,134
132,152,98,16,1024,40,5680,6704,152,0,152,134,0,134
132,152,98,16,1024,40,5680,6704,152,0,152,134,0,134
132,152,98,16,1024,40,5680,6704,152,0,152,134,0,134
132,152,98,16,1024,40,5680,6704,152,0,152,134,0,134
132,152,98,16,1024,40,5680,6704,152,0,152,134,0,134
132,152,98,16,1024,40,5680,6704,152,0,152,134,0,134
132,152,98,16,1024,40,5680,6704,152,0,152,134,0,134
169,152,98,16,1024,40,5680,6704,152,0,152,152,0,152
169,192,113,20,1280,50,7100,8380,192,0,192,172,0,172
169,192,113,20,1280,50,7100,8380,192,0,192,172,0,172
169,192,113,20,1280,50,7100,8380,192,0,192,172,0,172
169,192,113,20,1280,50,7100,8380,192,0,192,172,0,172
169,192,113,20,1280,50,7100,8380,192,0,192,172,0,172
169,192,113,20,1280,50,7100,8380,192,0,192,172,0,172
169,192,113,20,1280,50,7100,8380,192,0,192,172,0,172
169,192,113,20,1280,50,7100,8380,192,0,192,172,0,172
169,192,113,20,1280,50,7100,8380,192,0,192,172,0,172
167,192,113,20,1280,50,7100,8380,192,0,192,170,0,170
167,192,113,20,1280,50,7100,8380,192,0,192,170,0,170
167,192,113,20,1280,50,7100,8380,192,0,192,170,0,170
167,192,113,20,1280,50,7100,8380,192,0,192,170,0,170
167,192,113,20,1280,50,7100,8380,192,0,192,170,0,170
167,192,113,20,1280,50,7100,8380,192,0,192,170,0,170
167,192,113,20,1280,50,7100,8380,192,0,192,170,0,170
167,192,113,20,1280,50,7100,8380,192,0,192,170,0,170
167,192,113,20,1280,50,7100,8380,192,0,192,170,0,170
167,192,113,20,1280,50,7100,8380,192,0,192,170,0,170
139,192,113,20,1280,50,7100,8380,192,0,192,141,0,141
139,192,113,20,1280,50,7100,8380,192,0,192,141,0,141
139,192,113,20,1280,50,7100,8380,192,0,192,141,0,141
139,192,113,20,1280,50,7100,8380,192,0,192,141,0,141
139,192,113,20,1280,50,7100,8380,192,0,192,141,0,141
139,144,70,16,1024,40,5680,6704,144,0,144,141,0,141
139,144,70,16,1024,40,5680,6704,144,0,144,141,0,141
139,144,70,16,1024,40,5680,6704,144,0,144,141,0,141
139,144,70,16,1024,40,5680,6704,144,0,144,141,0,141
139,144,70,16,1024,40,5680,6704,144,0,144,141,0,141
121,144,70,16,1024,40,5680,6704,144,0,144,123,0,123
121,144,70,16,1024,40,5680,6704,144,0,144,123,0,123
121,144,70,16,1024,40,5680,6704,144,0,144,123,0,123
121,144,70,16,1024,40,5680,6704,144,0,144,123,0,123
121,144,70,16,1024,40,5680,6704,144,0,144,123,0,123
121,144,70,16,1024,40,5680,6704,144,0,144,123,0,123
121,144,70,16,1024,40,5680,6704,144,0,144,123,0,123
121,144,70,16,1024,40,5680,6704,144,0,144,123,0,123
121,144,70,16,1024,40,5680,6704,144,0,144,123,0,123
121,144,70,16,1024,40,5680,6704,144,0,144,123,0,123
136,144,70,16,1024,40,5680,6704,144,0,144,138,0,138
136,144,70,16,1024,40,5680,6704,144,0,144,138,0,138
136,144,70,16,1024,40,5680,6704,144,0,144,138,0,138
136,144,70,16,1024,40,5680,6704,144,0,144,138,0,138
136,144,70,16,1024,40,5680,6704,144,0,144,138,0,138
136,144,70,16,1024,40,5680,6704,144,0,144,138,0,138
136,144,70,16,1024,40,5680,6704,144,0,144,138,0,138
136,144,70,16,1024,40,5680,6704,144,0,144,138,0,138
136,144,70,16,1024,40,5680,6704,144,0,144,138,0,138
136,144,70,16,1024,40,5680,6704,144,0,144,138,0,138
121,144,70,16,1024,40,5680,6704,144,0,144,123,0,123
121,144,70,16,1024,40,5680,6704,144,0,144,123,0,123
121,144,70,16,1024,40,5680,6704,144,0,144,123,0,123
121,144,70,16,1024,40,5680,6704,144,0,144,123,0,123
121,144,70,16,1024,40,5680,6704,144,0,144,123,0,123
121,144,70,16,1024,40,5680,6704,144,0,144,123,0,123
121,144,70,16,1024,40,5680,6704,144,0,144,123,0,123
121,144,70,16,1024,40,5680,6704,144,0,144,123,0,123
121,144,70,16,1024,40,5680,6704,144,0,144,123,0,123
121,144,70,16,1024,40,5680,6704,144,0,144,123,0,123
123,144,70,16,1024,40,5680,6704,144,0,144,125,0,125
123,144,70,16,1024,40,5680,6704,144,0,144,125,0,125
123,144,70,16,1024,40,5680,6704,144,0,144,125,0,125
123,144,70,16,1024,40,5680,6704,144,0,144,125,0,125
123,144,70,16,1024,40,5680,6704,144,0,144,125,0,125
123,144,70,16,1024,40,5680,6704,144,0,144,125,0,125
123,144,70,16,1024,40,5680,6704,144,0,144,125,0,125
123,144,70,16,1024,40,5680,6704,144,0,144,125,0,125
123,144,70,16,1024,40,5680,6704,144,0,144,125,0,125
123,144,70,16,1024,40,5680,6704,144,0,144,125,0,125
93,144,70,16,1024,40,5680,6704,144,0,144,94,0,94
93,144,70,16,1024,40,5680,6704,144,0,144,94,0,94
93,144,70,16,1024,40,5680,6704,144,0,144,94,0,94
93,144,70,16,1024,40,5680,6704,144,0,144,94,0,94
93,144,70,16,1024,40,5680,6704,144,0,144,94,0,94
93,144,70,16,1024,40,5680,6704,144,0,144,94,0,94
93,94,29,8,512,30,4260,4772,94,0,94,94,0,94
93,94,29,8,512,30,4260,4772,94,0,94,94,0,94
93,94,29,8,512,30,4260,4772,94,0,94,94,0,94
93,94,29,8,512,30,4260,4772,94,0,94,94,0,94
104,94,29,8,512,30,4260,4772,94,0,94,94,0,94
104,94,29,8,512,30,4260,4772,94,0,94,94,0,94
104,116,31,12,768,40,5680,6448,116,6,110,107,6,101
104,116,31,12,768,40,5680,6448,116,6,110,107,6,101
104,116,31,12,768,40,5680,6448,116,6,110,107,6,101
104,116,31,12,768,40,5680,6448,116,6,110,107,6,101
104,116,31,12,768,40,5680,6448,116,6,110,107,6,101
104,116,31,12,768,40,5680,6448,116,6,110,107,6,101
104,116,31,12,768,40,5680,6448,116,6,110,107,6,101
104,116,31,12,768,40,5680,6448,116,6,110,107,6,101
100,116,31,12,768,40,5680,6448,116,6,110,104,6,98
100,116,31,12,768,40,5680,6448,116,6,110,104,6,98
100,116,31,12,768,40,5680,6448,116,6,110,104,6,98
100,116,31,12,768,40,5680,6448,116,6,110,104,6,98
100,116,31,12,768,40,5680,6448,116,6,110,104,6,98
100,116,31,12,768,40,5680,6448,116,6,110,104,6,98
100,116,31,12,768,40,5680,6448,116,6,110,104,6,98
100,116,31,12,768,40,5680,6448,116,6,110,104,6,98
100,116,31,12,768,40,5680,6448,116,6,110,104,6,98
100,116,31,12,768,40,5680,6448,116,6,110,104,6,98
100,116,31,12,768,40,5680,6448,116,6,110,104,6,98
100,116,31,12,768,40,5680,6448,116,6,110,104,6,98
100,116,31,12,768,40,5680,6448,116,6,110,104,6,98
100,116,31,12,768,40,5680,6448,116,6,110,104,6,98
100,116,31,12,768,40,5680,6448,116,6,110,104,6,98
100,116,31,12,768,40,5680,6448,116,6,110,104,6,98
100,116,31,12,768,40,5680,6448,116,6,110,104,6,98
100,116,31,12,768,40,5680,6448,116,6,110,104,6,98
100,116,31,12,768,40,5680,6448,116,6,110,104,6,98
100,116,31,12,768,40,5680,6448,116,6,110,104,6,98
71,116,31,12,768,40,5680,6448,116,6,110,72,6,66
71,116,31,12,768,40,5680,6448,116,6,110,72,6,66
71,116,31,12,768,40,5680,6448,116,6,110,72,6,66
71,116,31,12,768,40,5680,6448,116,6,110,72,6,66
71,116,31,12,768,40,5680,6448,116,6,110,72,6,66
71,73,23,8,512,20,2840,3352,73,6,67,72,6,66
71,73,23,8,512,20,2840,3352,73,6,67,72,6,66
71,73,23,8,512,20,2840,3352,73,6,67,72,6,66
71,73,23,8,512,20,2840,3352,73,6,67,72,6,66
71,73,23,8,512,20,2840,3352,73,6,67,72,6,66
71,73,23,8,512,20,2840,3352,73,6,67,72,6,66
71,73,23,8,512,20,2840,3352,73,6,67,72,6,66
71,73,23,8,512,20,2840,3352,73,6,67,72,6,66
71,73,23,8,512,20,2840,3352,73,6,67,72,6,66
71,73,23,8,512,20,2840,3352,73,6,67,72,6,66
71,73,23,8,512,20,2840,3352,73,6,67,72,6,66
71,73,23,8,512,20,2840,3352,73,6,67,72,6,66
71,73,23,8,512,20,2840,3352,73,6,67,72,6,66
71,73,23,8,512,20,2840,3352,73,6,67,72,6,66
71,73,23,8,512,20,2840,3352,73,6,67,72,6,66
132,73,23,8,512,20,2840,3352,73,6,67,73,6,67
132,73,23,8,512,20,2840,3352,73,6,67,73,6,67
132,73,23,8,512,20,2840,3352,73,6,67,73,6,67
132,148,73,14,896,40,5680,6576,148,6,142,135,0,135
132,148,73,14,896,40,5680,6576,148,6,142,135,0,135
132,148,73,14,896,40,5680,6576,148,6,142,135,0,135
132,148,73,14,896,40,5680,6576,148,6,142,135,0,135
132,148,73,14,896,40,5680,6576,148,6,142,135,0,135
132,148,73,14,896,40,5680,6576,148,6,142,135,0,135
132,142,72,12,768,40,5680,6448,142,0,142,135,0,135
115,142,72,12,768,40,5680,6448,142,0,142,115,0,115
115,142,72,12,768,40,5680,6448,142,0,142,115,0,115
115,142,72,12,768,40,5680,6448,142,0,142,115,0,115
115,142,72,12,768,40,5680,6448,142,0,142,115,0,115
115,142,72,12,768,40,5680,6448,142,0,142,115,0,115
115,115,65,10,640,30,4260,4900,115,0,115,115,0,115
115,115,65,10,640,30,4260,4900,115,0,115,115,0,115
115,115,65,10,640,30,4260,4900,115,0,115,115,0,115
115,115,65,10,640,30,4260,4900,115,0,115,115,0,115
115,115,65,10,640,30,4260,4900,115,0,115,115,0,115
69,115,65,10,640,30,4260,4900,115,0,115,70,0,70
69,205,121,22,1408,50,7100,8508,205,0,205,70,0,70
69,205,121,22,1408,50,7100,8508,205,0,205,70,0,70
69,205,121,22,1408,50,7100,8508,205,0,205,70,0,70
69,205,121,22,1408,50,7100,8508,205,0,205,70,0,70
69,205,121,22,1408,50,7100,8508,205,0,205,70,0,70
69,205,121,22,1408,50,7100,8508,205,0,205,70,0,70
69,90,56,12,768,20,2840,3608,90,0,90,70,0,70
69,90,56,12,768,20,2840,3608,90,0,90,70,0,70
69,90,56,12,768,20,2840,3608,90,0,90,70,0,70
84,90,56,12,768,20,2840,3608,90,0,90,85,0,85
84,90,56,12,768,20,2840,3608,90,0,90,85,0,85
84,90,56,12,768,20,2840,3608,90,0,90,85,0,85
84,90,56,12,768,20,2840,3608,90,0,90,85,0,85
84,90,56,12,768,20,2840,3608,90,0,90,85,0,85
84,90,56,12,768,20,2840,3608,90,0,90,85,0,85
84,90,56,12,768,20,2840,3608,90,0,90,85,0,85
84,90,56,12,768,20,2840,3608,90,0,90,85,0,85
84,90,56,12,768,20,2840,3608,90,0,90,85,0,85
84,90,56,12,768,20,2840,3608,90,0,90,85,0,85
89,90,56,12,768,20,2840,3608,90,0,90,90,0,90
89,90,56,12,768,20,2840,3608,90,0,90,90,0,90
89,90,56,12,768,20,2840,3608,90,0,90,90,0,90
89,90,56,12,768,20,2840,3608,90,0,90,90,0,90
89,90,56,12,768,20,2840,3608,90,0,90,90,0,90
89,90,56,12,768,20,2840,3608,90,0,90,90,0,90
89,90,56,12,768,20,2840,3608,90,0,90,90,0,90
89,90,56,12,768,20,2840,3608,90,0,90,90,0,90
89,90,56,12,768,20,2840,3608,90,0,90,90,0,90
89,90,56,12,768,20,2840,3608,90,0,90,90,0,90
102,90,56,12,768,20,2840,3608,90,0,90,90,0,90
102,117,63,14,896,30,4260,5156,117,0,117,104,0,104
102,117,63,14,896,30,4260,5156,117,0,117,104,0,104
102,117,63,14,896,30,4260,5156,117,0,117,104,0,104
102,117,63,14,896,30,4260,5156,117,0,117,104,0,104
102,117,63,14,896,30,4260,5156,117,0,117,104,0,104
102,117,63,14,896,30,4260,5156,117,0,117,104,0,104
102,117,63,14,896,30,4260,5156,117,0,117,104,0,104
102,117,63,14,896,30,4260,5156,117,0,117,104,0,104
102,117,63,14,896,30,4260,5156,117,0,117,104,0,104
82,117,63,14,896,30,4260,5156,117,0,117,83,0,83
82,117,63,14,896,30,4260,5156,117,0,117,83,0,83
82,117,63,14,896,30,4260,5156,117,0,117,83,0,83
82,117,63,14,896,30,4260,5156,117,0,117,83,0,83
82,117,63,14,896,30,4260,5156,117,0,117,83,0,83
82,117,63,14,896,30,4260,5156,117,0,117,83,0,83
82,90,56,12,768,20,2840,3608,90,0,90,83,0,83
82,90,56,12,768,20,2840,3608,90,0,90,83,0,83
82,90,56,12,768,20,2840,3608,90,0,90,83,0,83
82,90,56,12,768,20,2840,3608,90,0,90,83,0,83
73,90,56,12,768,20,2840,3608,90,0,90,74,0,74
73,90,56,12,768,20,2840,3608,90,0,90,74,0,74
73,90,56,12,768,20,2840,3608,90,0,90,74,0,74
73,90,56,12,768,20,2840,3608,90,0,90,74,0,74
73,90,56,12,768,20,2840,3608,90,0,90,74,0,74
73,90,56,12,768,20,2840,3608,90,0,90,74,0,74
73,90,56,12,768,20,2840,3608,90,0,90,74,0,74
73,90,56,12,768,20,2840,3608,90,0,90,74,0,74
73,90,56,12,768,20,2840,3608,90,0,90,74,0,74
73,90,56,12,768,20,2840,3608,90,0,90,74,0,74
63,90,56,12,768,20,2840,3608,90,0,90,64,0,64
63,90,56,12,768,20,2840,3608,90,0,90,64,0,64
63,90,56,12,768,20,2840,3608,90,0,90,64,0,64
63,90,56,12,768,20,2840,3608,90,0,90,64,0,64
63,90,56,12,768,20,2840,3608,90,0,90,64,0,64
63,90,56,12,768,20,2840,3608,90,0,90,64,0,64
63,90,56,12,768,20,2840,3608,90,0,90,64,0,64
63,90,56,12,768,20,2840,3608,90,0,90,64,0,64
63,90,56,12,768,20,2840,3608,90,0,90,64,0,64
63,90,56,12,768,20,2840,3608,90,0,90,64,0,64
82,90,56,12,768,20,2840,3608,90,0,90,83,0,83
82,90,56,12,768,20,2840,3608,90,0,90,83,0,83
82,90,56,12,768,20,2840,3608,90,0,90,83,0,83
82,90,56,12,768,20,2840,3608,90,0,90,83,0,83
82,90,56,12,768,20,2840,3608,90,0,90,83,0,83
82,90,56,12,768,20,2840,3608,90,0,90,83,0,83
82,90,56,12,768,20,2840,3608,90,0,90,83,0,83
82,90,56,12,768,20,2840,3608,90,0,90,83,0,83
82,90,56,12,768,20,2840,3608,90,0,90,83,0,83
82,90,56,12,768,20,2840,3608,90,0,90,83,0,83
97,90,56,12,768,20,2840,3608,90,0,90,90,0,90
97,90,56,12,768,20,2840,3608,90,0,90,90,0,90
97,117,63,14,896,30,4260,5156,117,0,117,98,0,98
97,117,63,14,896,30,4260,5156,117,0,117,98,0,98
97,117,63,14,896,30,4260,5156,117,0,117,98,0,98
97,117,63,14,896,30,4260,5156,117,0,117,98,0,98
97,117,63,14,896,30,4260,5156,117,0,117,98,0,98
97,117,63,14,896,30,4260,5156,117,0,117,98,0,98
97,117,63,14,896,30,4260,5156,117,0,117,98,0,98
97,117,63,14,896,30,4260,5156,117,0,117,98,0,98
117,117,63,14,896,30,4260,5156,117,0,117,117,0,117
117,117,63,14,896,30,4260,5156,117,0,117,117,0,117
117,117,63,14,896,30,4260,5156,117,0,117,117,0,117
117,117,63,14,896,30,4260,5156,117,0,117,117,0,117
117,117,63,14,896,30,4260,5156,117,0,117,117,0,117
117,117,63,14,896,30,4260,5156,117,0,117,117,0,117
117,117,63,14,896,30,4260,5156,117,0,117,117,0,117
117,117,63,14,896,30,4260,5156,117,0,117,117,0,117
117,117,63,14,896,30,4260,5156,117,0,117,117,0,117
117,117,63,14,896,30,4260,5156,117,0,117,117,0,117
121,117,63,14,896,30,4260,5156,117,0,117,117,0,117
121,117,63,14,896,30,4260,5156,117,0,117,117,0,117
121,117,63,14,896,30,4260,5156,117,0,117,117,0,117
121,133,64,16,1024,40,5680,6704,133,0,133,123,0,123
121,133,64,16,1024,40,5680,6704,133,0,133,123,0,123
121,133,64,16,1024,40,5680,6704,133,0,133,123,0,123
121,133,64,16,1024,40,5680,6704,133,0,133,123,0,123
121,133,64,16,1024,40,5680,6704,133,0,133,123,0,123
121,133,64,16,1024,40,5680,6704,133,0,133,123,0,123
121,133,64,16,1024,40,5680,6704,133,0,133,123,0,123
69,133,64,16,1024,40,5680,6704,133,0,133,71,0,71
69,133,64,16,1024,40,5680,6704,133,0,133,71,0,71
69,133,64,16,1024,40,5680,6704,133,0,133,71,0,71
69,133,64,16,1024,40,5680,6704,133,0,133,71,0,71
69,133,64,16,1024,40,5680,6704,133,0,133,71,0,71
69,93,49,12,768,30,4260,5028,93,0,93,70,0,70
69,93,49,12,768,30,4260,5028,93,0,93,70,0,70
69,93,49,12,768,30,4260,5028,93,0,93,70,0,70
69,93,49,12,768,30,4260,5028,93,0,93,70,0,70
69,93,49,12,768,30,4260,5028,93,0,93,70,0,70
63,93,49,12,768,30,4260,5028,93,0,93,64,0,64
63,77,48,10,640,20,2840,3480,77,0,77,64,0,64
63,77,48,10,640,20,2840,3480,77,0,77,64,0,64
63,77,48,10,640,20,2840,3480,77,0,77,64,0,64
63,77,48,10,640,20,2840,3480,77,0,77,64,0,64
63,77,48,10,640,20,2840,3480,77,0,77,64,0,64
63,77,48,10,640,20,2840,3480,77,0,77,64,0,64
63,77,48,10,640,20,2840,3480,77,0,77,64,0,64
63,77,48,10,640,20,2840,3480,77,0,77,64,0,64
63,77,48,10,640,20,2840,3480,77,0,77,64,0,64
80,77,48,10,640,20,2840,3480,77,0,77,77,0,77
80,77,48,10,640,20,2840,3480,77,0,77,77,0,77
80,77,48,10,640,20,2840,3480,77,0,77,77,0,77
80,93,49,12,768,30,4260,5028,93,0,93,82,0,82
80,93,49,12,768,30,4260,5028,93,0,93,82,0,82
80,93,49,12,768,30,4260,5028,93,0,93,82,0,82
80,93,49,12,768,30,4260,5028,93,0,93,82,0,82
80,93,49,12,768,30,4260,5028,93,0,93,82,0,82
80,93,49,12,768,30,4260,5028,93,0,93,82,0,82
80,93,49,12,768,30,4260,5028,93,0,93,82,0,82
73,93,49,12,768,30,4260,5028,93,0,93,74,0,74
73,93,49,12,768,30,4260,5028,93,0,93,74,0,74
73,93,49,12,768,30,4260,5028,93,0,93,74,0,74
73,93,49,12,768,30,4260,5028,93,0,93,74,0,74
73,93,49,12,768,30,4260,5028,93,0,93,74,0,74
73,77,48,10,640,20,2840,3480,77,0,77,74,0,74
73,77,48,10,640,20,2840,3480,77,0,77,74,0,74
73,77,48,10,640,20,2840,3480,77,0,77,74,0,74
73,77,48,10,640,20,2840,3480,77,0,77,74,0,74
73,77,48,10,640,20,2840,3480,77,0,77,74,0,74
54,77,48,10,640,20,2840,3480,77,0,77,55,0,55
54,77,48,10,640,20,2840,3480,77,0,77,55,0,55
54,77,48,10,640,20,2840,3480,77,0,77,55,0,55
54,77,48,10,640,20,2840,3480,77,0,77,55,0,55
54,77,48,10,640,20,2840,3480,77,0,77,55,0,55
54,77,48,10,640,20,2840,3480,77,0,77,55,0,55
54,77,48,10,640,20,2840,3480,77,0,77,55,0,55
54,77,48,10,640,20,2840,3480,77,0,77,55,0,55
54,77,48,10,640,20,2840,3480,77,0,77,55,0,55
54,77,48,10,640,20,2840,3480,77,0,77,55,0,55
43,77,48,10,640,20,2840,3480,77,0,77,43,0,43
43,77,48,10,640,20,2840,3480,77,0,77,43,0,43
43,77,48,10,640,20,2840,3480,77,0,77,43,0,43
43,77,48,10,640,20,2840,3480,77,0,77,43,0,43
43,77,48,10,640,20,2840,3480,77,0,77,43,0,43
43,77,48,10,640,20,2840,3480,77,0,77,43,0,43
43,50,41,8,512,10,1420,1932,50,0,50,43,0,43
43,50,41,8,512,10,1420,1932,50,0,50,43,0,43
43,50,41,8,512,10,1420,1932,50,0,50,43,0,43
43,50,41,8,512,10,1420,1932,50,0,50,43,0,43
32,50,41,8,512,10,1420,1932,50,0,50,32,0,32
32,50,41,8,512,10,1420,1932,50,0,50,32,0,32
32,50,41,8,512,10,1420,1932,50,0,50,32,0,32
32,50,41,8,512,10,1420,1932,50,0,50,32,0,32
32,50,41,8,512,10,1420,1932,50,0,50,32,0,32
32,50,41,8,512,10,1420,1932,50,0,50,32,0,32
32,50,41,8,512,10,1420,1932,50,0,50,32,0,32
32,50,41,8,512,10,1420,1932,50,0,50,32,0,32
32,50,41,8,512,10,1420,1932,50,0,50,32,0,32
32,50,41,8,512,10,1420,1932,50,0,50,32,0,32
45,50,41,8,512,10,1420,1932,50,0,50,45,0,45
45,50,41,8,512,10,1420,1932,50,0,50,45,0,45
45,50,41,8,512,10,1420,1932,50,0,50,45,0,45
45,50,41,8,512,10,1420,1932,50,0,50,45,0,45
45,50,41,8,512,10,1420,1932,50,0,50,45,0,45
45,50,41,8,512,10,1420,1932,50,0,50,45,0,45
45,50,41,8,512,10,1420,1932,50,0,50,45,0,45
45,50,41,8,512,10,1420,1932,50,0,50,45,0,45
45,50,41,8,512,10,1420,1932,50,0,50,45,0,45
45,50,41,8,512,10,1420,1932,50,0,50,45,0,45
47,50,41,8,512,10,1420,1932,50,0,50,47,0,47
47,50,41,8,512,10,1420,1932,50,0,50,47,0,47
47,50,41,8,512,10,1420,1932,50,0,50,47,0,47
47,50,41,8,512,10,1420,1932,50,0,50,47,0,47
47,50,41,8,512,10,1420,1932,50,0,50,47,0,47
47,50,41,8,512,10,1420,1932,50,0,50,47,0,47
47,50,41,8,512,10,1420,1932,50,0,50,47,0,47
47,50,41,8,512,10,1420,1932,50,0,50,47,0,47
47,50,41,8,512,10,1420,1932,50,0,50,47,0,47
47,50,41,8,512,10,1420,1932,50,0,50,47,0,47
63,50,41,8,512,10,1420,1932,50,0,50,50,0,50
63,50,41,8,512,10,1420,1932,50,0,50,50,0,50
63,77,48,10,640,20,2840,3480,77,0,77,64,0,64
63,77,48,10,640,20,2840,3480,77,0,77,64,0,64
63,77,48,10,640,20,2840,3480,77,0,77,64,0,64
63,77,48,10,640,20,2840,3480,77,0,77,64,0,64
63,77,48,10,640,20,2840,3480,77,0,77,64,0,64
63,77,48,10,640,20,2840,3480,77,0,77,64,0,64
63,77,48,10,640,20,2840,3480,77,0,77,64,0,64
63,77,48,10,640,20,2840,3480,77,0,77,64,0,64
65,77,48,10,640,20,2840,3480,77,0,77,66,0,66
65,77,48,10,640,20,2840,3480,77,0,77,66,0,66
65,77,48,10,640,20,2840,3480,77,0,77,66,0,66
65,77,48,10,640,20,2840,3480,77,0,77,66,0,66
65,77,48,10,640,20,2840,3480,77,0,77,66,0,66
65,77,48,10,640,20,2840,3480,77,0,77,66,0,66
65,77,48,10,640,20,2840,3480,77,0,77,66,0,66
65,77,48,10,640,20,2840,3480,77,0,77,66,0,66
65,77,48,10,640,20,2840,3480,77,0,77,66,0,66
65,77,48,10,640,20,2840,3480,77,0,77,66,0,66
65,77,48,10,640,20,2840,3480,77,0,77,66,0,66
65,77,48,10,640,20,2840,3480,77,0,77,66,0,66
65,77,48,10,640,20,2840,3480,77,0,77,66,0,66
65,77,48,10,640,20,2840,3480,77,0,77,66,0,66
65,77,48,10,640,20,2840,3480,77,0,77,66,0,66
65,77,48,10,640,20,2840,3480,77,0,77,66,0,66
65,77,48,10,640,20,2840,3480,77,0,77,66,0,66
65,77,48,10,640,20,2840,3480,77,0,77,66,0,66
65,77,48,10,640,20,2840,3480,77,0,77,66,0,66
65,77,48,10,640,20,2840,3480,77,0,77,66,0,66
45,77,48,10,640,20,2840,3480,77,0,77,45,0,45
45,77,48,10,640,20,2840,3480,77,0,77,45,0,45
45,77,48,10,640,20,2840,3480,77,0,77,45,0,45
45,77,48,10,640,20,2840,3480,77,0,77,45,0,45
45,77,48,10,640,20,2840,3480,77,0,77,45,0,45
45,50,41,8,512,10,1420,1932,50,0,50,45,0,45
45,50,41,8,512,10,1420,1932,50,0,50,45,0,45
45,50,41,8,512,10,1420,1932,50,0,50,45,0,45
45,50,41,8,512,10,1420,1932,50,0,50,45,0,45
45,50,41,8,512,10,1420,1932,50,0,50,45,0,45
39,50,41,8,512,10,1420,1932,50,0,50,39,0,39
39,50,41,8,512,10,1420,1932,50,0,50,39,0,39
39,50,41,8,512,10,1420,1932,50,0,50,39,0,39
39,50,41,8,512,10,1420,1932,50,0,50,39,0,39
39,50,41,8,512,10,1420,1932,50,0,50,39,0,39
39,50,41,8,512,10,1420,1932,50,0,50,39,0,39
39,50,41,8,512,10,1420,1932,50,0,50,39,0,39
39,50,41,8,512,10,1420,1932,50,0,50,39,0,39
39,50,41,8,512,10,1420,1932,50,0,50,39,0,39
39,50,41,8,512,10,1420,1932,50,0,50,39,0,39
52,50,41,8,512,10,1420,1932,50,0,50,50,0,50
52,50,41,8,512,10,1420,1932,50,0,50,50,0,50
52,50,41,8,512,10,1420,1932,50,0,50,50,0,50
52,66,42,10,640,20,2840,3480,66,0,66,53,0,53
52,66,42,10,640,20,2840,3480,66,0,66,53,0,53
52,66,42,10,640,20,2840,3480,66,0,66,53,0,53
52,66,42,10,640,20,2840,3480,66,0,66,53,0,53
52,66,42,10,640,20,2840,3480,66,0,66,53,0,53
52,66,42,10,640,20,2840,3480,66,0,66,53,0,53
52,66,42,10,640,20,2840,3480,66,0,66,53,0,53
50,66,42,10,640,20,2840,3480,66,0,66,50,0,50
50,66,42,10,640,20,2840,3480,66,0,66,50,0,50
50,66,42,10,640,20,2840,3480,66,0,66,50,0,50
50,66,42,10,640,20,2840,3480,66,0,66,50,0,50
50,66,42,10,640,20,2840,3480,66,0,66,50,0,50
50,50,41,8,512,10,1420,1932,50,0,50,50,0,50
50,50,41,8,512,10,1420,1932,50,0,50,50,0,50
50,50,41,8,512,10,1420,1932,50,0,50,50,0,50
50,50,41,8,512,10,1420,1932,50,0,50,50,0,50
50,50,41,8,512,10,1420,1932,50,0,50,50,0,50
39,50,41,8,512,10,1420,1932,50,0,50,39,0,39
39,50,41,8,512,10,1420,1932,50,0,50,39,0,39
39,50,41,8,512,10,1420,1932,50,0,50,39,0,39
39,50,41,8,512,10,1420,1932,50,0,50,39,0,39
39,50,41,8,512,10,1420,1932,50,0,50,39,0,39
39,50,41,8,512,10,1420,1932,50,0,50,39,0,39
39,50,41,8,512,10,1420,1932,50,0,50,39,0,39
39,50,41,8,512,10,1420,1932,50,0,50,39,0,39
39,50,41,8,512,10,1420,1932,50,0,50,39,0,39
39,50,41,8,512,10,1420,1932,50,0,50,39,0,39
26,50,41,8,512,10,1420,1932,50,0,50,26,0,26
26,50,41,8,512,10,1420,1932,50,0,50,26,0,26
26,50,41,8,512,10,1420,1932,50,0,50,26,0,26
26,50,41,8,512,10,1420,1932,50,0,50,26,0,26
26,50,41,8,512,10,1420,1932,50,0,50,26,0,26
26,50,41,8,512,10,1420,1932,50,0,50,26,0,26
26,50,41,8,512,10,1420,1932,50,0,50,26,0,26
26,50,41,8,512,10,1420,1932,50,0,50,26,0,26
26,50,41,8,512,10,1420,1932,50,0,50,26,0,26
26,50,41,8,512,10,1420,1932,50,0,50,26,0,26
15,50,41,8,512,10,1420,1932,50,0,50,15,0,15
15,50,41,8,512,10,1420,1932,50,0,50,15,0,15
15,50,41,8,512,10,1420,1932,50,0,50,15,0,15
15,50,41,8,512,10,1420,1932,50,0,50,15,0,15
15,50,41,8,512,10,1420,1932,50,0,50,15,0,15
15,50,41,8,512,10,1420,1932,50,0,50,15,0,15
15,50,41,8,512,10,1420,1932,50,0,50,15,0,15
15,50,41,8,512,10,1420,1932,50,0,50,15,0,15
15,50,41,8,512,10,1420,1932,50,0,50,15,0,15
15,50,41,8,512,10,1420,1932,50,0,50,15,0,15
13,50,41,8,512,10,1420,1932,50,0,50,13,0,13
13,50,41,8,512,10,1420,1932,50,0,50,13,0,13
13,50,41,8,512,10,1420,1932,50,0,50,13,0,13
13,50,41,8,512,10,1420,1932,50,0,50,13,0,13
13,50,41,8,512,10,1420,1932,50,0,50,13,0,13
13,50,41,8,512,10,1420,1932,50,0,50,13,0,13
13,50,41,8,512,10,1420,1932,50,0,50,13,0,13
13,50,41,8,512,10,1420,1932,50,0,50,13,0,13
13,50,41,8,512,10,1420,1932,50,0,50,13,0,13
13,50,41,8,512,10,1420,1932,50,0,50,13,0,13
13,50,41,8,512,10,1420,1932,50,0,50,0,0,0
0,50,41,8,512,10,1420,1932,50,0,50,0,0,0
0,50,41,8,512,10,1420,1932,50,0,50,0,0,0
0,50,41,8,512,10,1420,1932,50,0,50,0,0,0
0,50,41,8,512,10,1420,1932,50,0,50,0,0,0
0,50,41,8,512,10,1420,1932,50,0,50,0,0,0
0,6,1,2,128,0,0,128,6,6,0,0,0,0
4,6,1,2,128,0,0,128,6,6,0,4,4,0
4,6,1,2,128,0,0,128,6,6,0,4,4,0
4,6,1,2,128,0,0,128,6,6,0,4,4,0
4,6,1,2,128,0,0,128,6,6,0,4,4,0
4,6,1,2,128,0,0,128,6,6,0,4,4,0
4,6,1,2,128,0,0,128,6,6,0,4,4,0
4,6,1,2,128,0,0,128,6,6,0,4,4,0
4,6,1,2,128,0,0,128,6,6,0,4,4,0
4,6,1,2,128,0,0,128,6,6,0,4,4,0
4,6,1,2,128,0,0,128,6,6,0,4,4,0
4,6,1,2,128,0,0,128,6,6,0,4,4,0
4,6,1,2,128,0,0,128,6,6,0,4,4,0
4,6,1,2,128,0,0,128,6,6,0,4,4,0
4,6,1,2,128,0,0,128,6,6,0,4,4,0
4,6,1,2,128,0,0,128,6,6,0,4,4,0
4,6,1,2,128,0,0,128,6,6,0,4,4,0
4,6,1,2,128,0,0,128,6,6,0,4,4,0
4,6,1,2,128,0,0,128,6,6,0,4,4,0
4,6,1,2,128,0,0,128,6,6,0,4,4,0
6,6,1,2,128,0,0,128,6,6,0,6,6,0
6,6,1,2,128,0,0,128,6,6,0,6,6,0
6,6,1,2,128,0,0,128,6,6,0,6,6,0
6,6,1,2,128,0,0,128,6,6,0,6,6,0
6,6,1,2,128,0,0,128,6,6,0,6,6,0
6,6,1,2,128,0,0,128,6,6,0,6,6,0
6,6,1,2,128,0,0,128,6,6,0,6,6,0
6,6,1,2,128,0,0,128,6,6,0,6,6,0
6,6,1,2,128,0,0,128,6,6,0,6,6,0
6,6,1,2,128,0,0,128,6,6,0,6,6,0
6,6,1,2,128,0,0,128,6,6,0,0,0,0
0,6,1,2,128,0,0,128,6,6,0,0,0,0
0,6,1,2,128,0,0,128,6,6,0,0,0,0
2,16,1,2,128,10,1420,1548,16,0,16,2,0,2
2,16,1,2,128,10,1420,1548,16,0,16,2,0,2
2,16,1,2,128,10,1420,1548,16,0,16,2,0,2
2,16,1,2,128,10,1420,1548,16,0,16,2,0,2
2,16,1,2,128,10,1420,1548,16,0,16,2,0,2
2,16,1,2,128,10,1420,1548,16,0,16,2,0,2
2,16,1,2,128,10,1420,1548,16,0,16,2,0,2
2,16,1,2,128,10,1420,1548,16,0,16,2,0,2
2,16,1,2,128,10,1420,1548,16,0,16,2,0,2
2,16,1,2,128,10,1420,1548,16,0,16,2,0,2
2,16,1,2,128,10,1420,1548,16,0,16,2,0,2
2,16,1,2,128,10,1420,1548,16,0,16,2,0,2
2,16,1,2,128,10,1420,1548,16,0,16,2,0,2
2,16,1,2,128,10,1420,1548,16,0,16,2,0,2
2,16,1,2,128,10,1420,1548,16,0,16,2,0,2
2,16,1,2,128,10,1420,1548,16,0,16,2,0,2
2,16,1,2,128,10,1420,1548,16,0,16,2,0,2
2,16,1,2,128,10,1420,1548,16,0,16,2,0,2
2,16,1,2,128,10,1420,1548,16,0,16,2,0,2
2,16,1,2,128,10,1420,1548,16,0,16,2,0,2
2,16,1,2,128,10,1420,1548,16,0,16,2,0,2
2,16,1,2,128,10,1420,1548,16,0,16,2,0,2
2,16,1,2,128,10,1420,1548,16,0,16,2,0,2
2,16,1,2,128,10,1420,1548,16,0,16,2,0,2
2,16,1,2,128,10,1420,1548,16,0,16,2,0,2
2,16,1,2,128,10,1420,1548,16,0,16,2,0,2
2,16,1,2,128,10,1420,1548,16,0,16,2,0,2
2,16,1,2,128,10,1420,1548,16,0,16,2,0,2
2,16,1,2,128,10,1420,1548,16,0,16,2,0,2
2,16,1,2,128,10,1420,1548,16,0,16,2,0,2
2,16,1,2,128,10,1420,1548,16,0,16,2,0,2
2,16,1,2,128,10,1420,1548,16,0,16,2,0,2
2,16,1,2,128,10,1420,1548,16,0,16,2,0,2
2,16,1,2,128,10,1420,1548,16,0,16,2,0,2
2,16,1,2,128,10,1420,1548,16,0,16,2,0,2
2,16,1,2,128,10,1420,1548,16,0,16,2,0,2
2,16,1,2,128,10,1420,1548,16,0,16,2,0,2
2,16,1,2,128,10,1420,1548,16,0,16,2,0,2
2,16,1,2,128,10,1420,1548,16,0,16,2,0,2
2,16,1,2,128,10,1420,1548,16,0,16,2,0,2
2,16,1,2,128,10,1420,1548,16,0,16,2,0,2
2,16,1,2,128,10,1420,1548,16,0,16,2,0,2
2,16,1,2,128,10,1420,1548,16,0,16,2,0,2
2,16,1,2,128,10,1420,1548,16,0,16,2,0,2
2,16,1,2,128,10,1420,1548,16,0,16,2,0,2
2,16,1,2,128,10,1420,1548,16,0,16,2,0,2
2,16,1,2,128,10,1420,1548,16,0,16,2,0,2
2,16,1,2,128,10,1420,1548,16,0,16,2,0,2
2,16,1,2,128,10,1420,1548,16,0,16,2,0,2
2,16,1,2,128,10,1420,1548,16,0,16,2,0,2
2,16,1,2,128,10,1420,1548,16,0,16,2,0,2
2,16,1,2,128,10,1420,1548,16,0,16,2,0,2
2,16,1,2,128,10,1420,1548,16,0,16,2,0,2
2,16,1,2,128,10,1420,1548,16,0,16,2,0,2
2,16,1,2,128,10,1420,1548,16,0,16,2,0,2
2,16,1,2,128,10,1420,1548,16,0,16,2,0,2
2,16,1,2,128,10,1420,1548,16,0,16,2,0,2
2,16,1,2,128,10,1420,1548,16,0,16,2,0,2
2,16,1,2,128,10,1420,1548,16,0,16,2,0,2
2,16,1,2,128,10,1420,1548,16,0,16,2,0,2
2,16,1,2,128,10,1420,1548,16,0,16,2,0,2
2,16,1,2,128,10,1420,1548,16,0,16,2,0,2
2,16,1,2,128,10,1420,1548,16,0,16,2,0,2
2,16,1,2,128,10,1420,1548,16,0,16,2,0,2
2,16,1,2,128,10,1420,1548,16,0,16,2,0,2
2,16,1,2,128,10,1420,1548,16,0,16,2,0,2
2,16,1,2,128,10,1420,1548,16,0,16,2,0,2
2,16,1,2,128,10,1420,1548,16,0,16,2,0,2
2,16,1,2,128,10,1420,1548,16,0,16,2,0,2
2,16,1,2,128,10,1420,1548,16,0,16,2,0,2
2,16,1,2,128,10,1420,1548,16,0,16,2,0,2
2,16,1,2,128,10,1420,1548,16,0,16,2,0,2
2,16,1,2,128,10,1420,1548,16,0,16,2,0,2
2,16,1,2,128,10,1420,1548,16,0,16,2,0,2
2,16,1,2,128,10,1420,1548,16,0,16,2,0,2
2,16,1,2,128,10,1420,1548,16,0,16,2,0,2
2,16,1,2,128,10,1420,1548,16,0,16,2,0,2
2,16,1,2,128,10,1420,1548,16,0,16,2,0,2
2,16,1,2,128,10,1420,1548,16,0,16,2,0,2
2,16,1,2,128,10,1420,1548,16,0,16,2,0,2
2,16,1,2,128,10,1420,1548,16,0,16,2,0,2
2,16,1,2,128,10,1420,1548,16,0,16,2,0,2
2,16,1,2,128,10,1420,1548,16,0,16,2,0,2
2,16,1,2,128,10,1420,1548,16,0,16,2,0,2
2,16,1,2,128,10,1420,1548,16,0,16,2,0,2
2,16,1,2,128,10,1420,1548,16,0,16,2,0,2
2,16,1,2,128,10,1420,1548,16,0,16,2,0,2
2,16,1,2,128,10,1420,1548,16,0,16,2,0,2
2,16,1,2,128,10,1420,1548,16,0,16,2,0,2
2,16,1,2,128,10,1420,1548,16,0,16,2,0,2
2,16,1,2,128,10,1420,1548,16,0,16,2,0,2
2,16,1,2,128,10,1420,1548,16,0,16,2,0,2
2,16,1,2,128,10,1420,1548,16,0,16,2,0,2
2,16,1,2,128,10,1420,1548,16,0,16,2,0,2
2,16,1,2,128,10,1420,1548,16,0,16,2,0,2
2,16,1,2,128,10,1420,1548,16,0,16,2,0,2
2,16,1,2,128,10,1420,1548,16,0,16,2,0,2
2,16,1,2,128,10,1420,1548,16,0,16,2,0,2
2,16,1,2,128,10,1420,1548,16,0,16,2,0,2
2,16,1,2,128,10,1420,1548,16,0,16,2,0,2
2,16,1,2,128,10,1420,1548,16,0,16,2,0,2
2,16,1,2,128,10,1420,1548,16,0,16,2,0,2
2,16,1,2,128,10,1420,1548,16,0,16,2,0,2
2,16,1,2,128,10,1420,1548,16,0,16,2,0,2
2,16,1,2,128,10,1420,1548,16,0,16,2,0,2
2,16,1,2,128,10,1420,1548,16,0,16,2,0,2
2,16,1,2,128,10,1420,1548,16,0,16,2,0,2
2,16,1,2,128,10,1420,1548,16,0,16,2,0,2
2,16,1,2,128,10,1420,1548,16,0,16,2,0,2
2,16,1,2,128,10,1420,1548,16,0,16,2,0,2
2,16,1,2,128,10,1420,1548,16,0,16,2,0,2
2,16,1,2,128,10,1420,1548,16,0,16,2,0,2
2,16,1,2,128,10,1420,1548,16,0,16,2,0,2
2,16,1,2,128,10,1420,1548,16,0,16,2,0,2
2,16,1,2,128,10,1420,1548,16,0,16,2,0,2
2,16,1,2,128,10,1420,1548,16,0,16,2,0,2
2,16,1,2,128,10,1420,1548,16,0,16,2,0,2
2,16,1,2,128,10,1420,1548,16,0,16,2,0,2
2,16,1,2,128,10,1420,1548,16,0,16,2,0,2
2,16,1,2,128,10,1420,1548,16,0,16,2,0,2
2,16,1,2,128,10,1420,1548,16,0,16,2,0,2
2,16,1,2,128,10,1420,1548,16,0,16,2,0,2
2,16,1,2,128,10,1420,1548,16,0,16,2,0,2
2,16,1,2,128,10,1420,1548,16,0,16,2,0,2
2,16,1,2,128,10,1420,1548,16,0,16,2,0,2
2,16,1,2,128,10,1420,1548,16,0,16,2,0,2
2,16,1,2,128,10,1420,1548,16,0,16,2,0,2
2,16,1,2,128,10,1420,1548,16,0,16,2,0,2
2,16,1,2,128,10,1420,1548,16,0,16,2,0,2
2,16,1,2,128,10,1420,1548,16,0,16,2,0,2
2,16,1,2,128,10,1420,1548,16,0,16,2,0,2
2,16,1,2,128,10,1420,1548,16,0,16,2,0,2
2,16,1,2,128,10,1420,1548,16,0,16,2,0,2
2,16,1,2,128,10,1420,1548,16,0,16,2,0,2
2,16,1,2,128,10,1420,1548,16,0,16,2,0,2
2,16,1,2,128,10,1420,1548,16,0,16,2,0,2
2,16,1,2,128,10,1420,1548,16,0,16,2,0,2
2,16,1,2,128,10,1420,1548,16,0,16,2,0,2
2,16,1,2,128,10,1420,1548,16,0,16,2,0,2
2,16,1,2,128,10,1420,1548,16,0,16,2,0,2
2,16,1,2,128,10,1420,1548,16,0,16,2,0,2
2,16,1,2,128,10,1420,1548,16,0,16,2,0,2
2,16,1,2,128,10,1420,1548,16,0,16,2,0,2
2,16,1,2,128,10,1420,1548,16,0,16,2,0,2
2,16,1,2,128,10,1420,1548,16,0,16,2,0,2
2,16,1,2,128,10,1420,1548,16,0,16,2,0,2
2,16,1,2,128,10,1420,1548,16,0,16,2,0,2
2,16,1,2,128,10,1420,1548,16,0,16,2,0,2
2,16,1,2,128,10,1420,1548,16,0,16,2,0,2
2,16,1,2,128,10,1420,1548,16,0,16,2,0,2
2,16,1,2,128,10,1420,1548,16,0,16,2,0,2
2,16,1,2,128,10,1420,1548,16,0,16,2,0,2
2,16,1,2,128,10,1420,1548,16,0,16,2,0,2
2,16,1,2,128,10,1420,1548,16,0,16,2,0,2
2,16,1,2,128,10,1420,1548,16,0,16,2,0,2
2,16,1,2,128,10,1420,1548,16,0,16,2,0,2
2,16,1,2,128,10,1420,1548,16,0,16,2,0,2
2,16,1,2,128,10,1420,1548,16,0,16,2,0,2
2,16,1,2,128,10,1420,1548,16,0,16,2,0,2
2,16,1,2,128,10,1420,1548,16,0,16,2,0,2
2,16,1,2,128,10,1420,1548,16,0,16,2,0,2
2,16,1,2,128,10,1420,1548,16,0,16,2,0,2
2,16,1,2,128,10,1420,1548,16,0,16,2,0,2
2,16,1,2,128,10,1420,1548,16,0,16,2,0,2
2,16,1,2,128,10,1420,1548,16,0,16,2,0,2
2,16,1,2,128,10,1420,1548,16,0,16,2,0,2
2,16,1,2,128,10,1420,1548,16,0,16,2,0,2
2,16,1,2,128,10,1420,1548,16,0,16,2,0,2
2,16,1,2,128,10,1420,1548,16,0,16,2,0,2
2,16,1,2,128,10,1420,1548,16,0,16,2,0,2
2,16,1,2,128,10,1420,1548,16,0,16,2,0,2
2,16,1,2,128,10,1420,1548,16,0,16,2,0,2
2,16,1,2,128,10,1420,1548,16,0,16,2,0,2
2,16,1,2,128,10,1420,1548,16,0,16,2,0,2
2,16,1,2,128,10,1420,1548,16,0,16,2,0,2
2,16,1,2,128,10,1420,1548,16,0,16,2,0,2
2,16,1,2,128,10,1420,1548,16,0,16,2,0,2
2,16,1,2,128,10,1420,1548,16,0,16,2,0,2
2,16,1,2,128,10,1420,1548,16,0,16,2,0,2
2,16,1,2,128,10,1420,1548,16,0,16,2,0,2
2,16,1,2,128,10,1420,1548,16,0,16,2,0,2
2,16,1,2,128,10,1420,1548,16,0,16,2,0,2
2,16,1,2,128,10,1420,1548,16,0,16,2,0,2
2,16,1,2,128,10,1420,1548,16,0,16,2,0,2
2,16,1,2,128,10,1420,1548,16,0,16,2,0,2
2,16,1,2,128,10,1420,1548,16,0,16,2,0,2
2,16,1,2,128,10,1420,1548,16,0,16,2,0,2
2,16,1,2,128,10,1420,1548,16,0,16,2,0,2
2,16,1,2,128,10,1420,1548,16,0,16,2,0,2
2,16,1,2,128,10,1420,1548,16,0,16,2,0,2
2,16,1,2,128,10,1420,1548,16,0,16,2,0,2
2,16,1,2,128,10,1420,1548,16,0,16,2,0,2
2,16,1,2,128,10,1420,1548,16,0,16,2,0,2
2,16,1,2,128,10,1420,1548,16,0,16,2,0,2
2,16,1,2,128,10,1420,1548,16,0,16,2,0,2
2,16,1,2,128,10,1420,1548,16,0,16,2,0,2
2,16,1,2,128,10,1420,1548,16,0,16,2,0,2
2,16,1,2,128,10,1420,1548,16,0,16,2,0,2
2,16,1,2,128,10,1420,1548,16,0,16,2,0,2
2,16,1,2,128,10,1420,1548,16,0,16,2,0,2
2,16,1,2,128,10,1420,1548,16,0,16,2,0,2
2,16,1,2,128,10,1420,1548,16,0,16,2,0,2
2,16,1,2,128,10,1420,1548,16,0,16,2,0,2
2,16,1,2,128,10,1420,1548,16,0,16,2,0,2
2,16,1,2,128,10,1420,1548,16,0,16,2,0,2
2,16,1,2,128,10,1420,1548,16,0,16,2,0,2
2,16,1,2,128,10,1420,1548,16,0,16,2,0,2
2,16,1,2,128,10,1420,1548,16,0,16,2,0,2
2,16,1,2,128,10,1420,1548,16,0,16,2,0,2
2,16,1,2,128,10,1420,1548,16,0,16,2,0,2
2,16,1,2,128,10,1420,1548,16,0,16,2,0,2
2,16,1,2,128,10,1420,1548,16,0,16,2,0,2
2,16,1,2,128,10,1420,1548,16,0,16,2,0,2
2,16,1,2,128,10,1420,1548,16,0,16,2,0,2
2,16,1,2,128,10,1420,1548,16,0,16,2,0,2
2,16,1,2,128,10,1420,1548,16,0,16,2,0,2
2,16,1,2,128,10,1420,1548,16,0,16,2,0,2
2,16,1,2,128,10,1420,1548,16,0,16,2,0,2
2,16,1,2,128,10,1420,1548,16,0,16,2,0,2
2,16,1,2,128,10,1420,1548,16,0,16,2,0,2
2,16,1,2,128,10,1420,1548,16,0,16,2,0,2
2,16,1,2,128,10,1420,1548,16,0,16,2,0,2
2,16,1,2,128,10,1420,1548,16,0,16,2,0,2
2,16,1,2,128,10,1420,1548,16,0,16,2,0,2
2,16,1,2,128,10,1420,1548,16,0,16,2,0,2
2,16,1,2,128,10,1420,1548,16,0,16,2,0,2
2,16,1,2,128,10,1420,1548,16,0,16,2,0,2
2,16,1,2,128,10,1420,1548,16,0,16,2,0,2
2,16,1,2,128,10,1420,1548,16,0,16,2,0,2
2,16,1,2,128,10,1420,1548,16,0,16,2,0,2
2,16,1,2,128,10,1420,1548,16,0,16,2,0,2
2,16,1,2,128,10,1420,1548,16,0,16,2,0,2
2,16,1,2,128,10,1420,1548,16,0,16,2,0,2
2,16,1,2,128,10,1420,1548,16,0,16,2,0,2
2,16,1,2,128,10,1420,1548,16,0,16,2,0,2
2,16,1,2,128,10,1420,1548,16,0,16,2,0,2
2,16,1,2,128,10,1420,1548,16,0,16,2,0,2
2,16,1,2,128,10,1420,1548,16,0,16,2,0,2
2,16,1,2,128,10,1420,1548,16,0,16,2,0,2
2,16,1,2,128,10,1420,1548,16,0,16,2,0,2
2,16,1,2,128,10,1420,1548,16,0,16,2,0,2
2,16,1,2,128,10,1420,1548,16,0,16,2,0,2
2,16,1,2,128,10,1420,1548,16,0,16,2,0,2
2,16,1,2,128,10,1420,1548,16,0,16,2,0,2
2,16,1,2,128,10,1420,1548,16,0,16,2,0,2
2,16,1,2,128,10,1420,1548,16,0,16,2,0,2
2,16,1,2,128,10,1420,1548,16,0,16,2,0,2
2,16,1,2,128,10,1420,1548,16,0,16,2,0,2
2,16,1,2,128,10,1420,1548,16,0,16,2,0,2
2,16,1,2,128,10,1420,1548,16,0,16,2,0,2
2,16,1,2,128,10,1420,1548,16,0,16,2,0,2
2,16,1,2,128,10,1420,1548,16,0,16,2,0,2
2,16,1,2,128,10,1420,1548,16,0,16,2,0,2
2,16,1,2,128,10,1420,1548,16,0,16,2,0,2
2,16,1,2,128,10,1420,1548,16,0,16,2,0,2
2,16,1,2,128,10,1420,1548,16,0,16,2,0,2
2,16,1,2,128,10,1420,1548,16,0,16,2,0,2
2,16,1,2,128,10,1420,1548,16,0,16,2,0,2
2,16,1,2,128,10,1420,1548,16,0,16,2,0,2
2,16,1,2,128,10,1420,1548,16,0,16,2,0,2
2,16,1,2,128,10,1420,1548,16,0,16,2,0,2
2,16,1,2,128,10,1420,1548,16,0,16,2,0,2
2,16,1,2,128,10,1420,1548,16,0,16,2,0,2
2,16,1,2,128,10,1420,1548,16,0,16,2,0,2
2,16,1,2,128,10,1420,1548,16,0,16,2,0,2
2,16,1,2,128,10,1420,1548,16,0,16,2,0,2
2,16,1,2,128,10,1420,1548,16,0,16,2,0,2
2,16,1,2,128,10,1420,1548,16,0,16,2,0,2
2,16,1,2,128,10,1420,1548,16,0,16,2,0,2
2,16,1,2,128,10,1420,1548,16,0,16,2,0,2
2,16,1,2,128,10,1420,1548,16,0,16,2,0,2
2,16,1,2,128,10,1420,1548,16,0,16,2,0,2
2,16,1,2,128,10,1420,1548
