7,11,2,128,50,7100,7228,2,11,1
7,11,2,128,50,7100,7228,2,11,1
7,11,2,128,50,7100,7228,2,11,1
7,11,2,128,50,7100,7228,2,11,1
7,11,2,128,50,7100,7228,2,11,1
7,11,2,128,50,7100,7228,2,11,1
14,22,4,256,100,14200,14456,2,11,2
14,22,4,256,100,14200,14456,2,11,2
14,22,4,256,100,14200,14456,2,11,2
14,22,4,256,100,14200,14456,2,11,2
14,22,4,256,100,14200,14456,2,11,2
14,22,4,256,100,14200,14456,2,11,2
0,0,0,0,0,0,0,2,11,0
0,0,0,0,0,0,0,2,11,0
0,0,0,0,0,0,0,2,11,0
0,0,0,0,0,0,0,2,11,0
0,0,0,0,0,0,0,2,11,0
0,0,0,0,0,0,0,2,11,0
14,22,4,256,100,14200,14456,2,11,2
14,22,4,256,100,14200,14456,2,11,2
14,22,4,256,100,14200,14456,2,11,2
14,22,4,256,100,14200,14456,2,11,2
14,22,4,256,100,14200,14456,2,11,2
14,22,4,256,100,14200,14456,2,11,2
43,44,8,512,200,28400,28912,2,11,4
43,44,8,512,200,28400,28912,2,11,4
43,44,8,512,200,28400,28912,2,11,4
43,44,8,512,200,28400,28912,2,11,4
43,44,8,512,200,28400,28912,2,11,4
43,44,8,512,200,28400,28912,2,11,4
0,0,0,0,0,0,0,2,11,0
0,0,0,0,0,0,0,2,11,0
0,0,0,0,0,0,0,2,11,0
0,0,0,0,0,0,0,2,11,0
0,0,0,0,0,0,0,2,11,0
0,0,0,0,0,0,0,2,11,0
0,0,0,0,0,0,0,2,11,0
0,0,0,0,0,0,0,2,11,0
0,0,0,0,0,0,0,2,11,0
0,0,0,0,0,0,0,2,11,0
0,0,0,0,0,0,0,2,11,0
0,0,0,0,0,0,0,2,11,0
7,11,2,128,50,7100,7228,2,11,1
7,11,2,128,50,7100,7228,2,11,1
7,11,2,128,50,7100,7228,2,11,1
7,11,2,128,50,7100,7228,2,11,1
7,11,2,128,50,7100,7228,2,11,1
7,11,2,128,50,7100,7228,2,11,1
0,0,0,0,0,0,0,2,11,0
0,0,0,0,0,0,0,2,11,0
0,0,0,0,0,0,0,2,11,0
0,0,0,0,0,0,0,2,11,0
0,0,0,0,0,0,0,2,11,0
0,0,0,0,0,0,0,2,11,0
14,22,4,256,100,14200,14456,2,11,2
14,22,4,256,100,14200,14456,2,11,2
14,22,4,256,100,14200,14456,2,11,2
14,22,4,256,100,14200,14456,2,11,2
14,22,4,256,100,14200,14456,2,11,2
14,22,4,256,100,14200,14456,2,11,2
0,0,0,0,0,0,0,2,11,0
0,0,0,0,0,0,0,2,11,0
0,0,0,0,0,0,0,2,11,0
0,0,0,0,0,0,0,2,11,0
0,0,0,0,0,0,0,2,11,0
0,0,0,0,0,0,0,2,11,0
0,0,0,0,0,0,0,2,11,0
0,0,0,0,0,0,0,2,11,0
0,0,0,0,0,0,0,2,11,0
0,0,0,0,0,0,0,2,11,0
0,0,0,0,0,0,0,2,11,0
0,0,0,0,0,0,0,2,11,0
43,44,8,512,200,28400,28912,2,11,4
43,44,8,512,200,28400,28912,2,11,4
43,44,8,512,200,28400,28912,2,11,4
43,44,8,512,200,28400,28912,2,11,4
43,44,8,512,200,28400,28912,2,11,4
43,44,8,512,200,28400,28912,2,11,4
0,0,0,0,0,0,0,2,11,0
0,0,0,0,0,0,0,2,11,0
0,0,0,0,0,0,0,2,11,0
0,0,0,0,0,0,0,2,11,0
0,0,0,0,0,0,0,2,11,0
0,0,0,0,0,0,0,2,11,0
51,55,10,640,250,35500,36140,2,11,5
51,55,10,640,250,35500,36140,2,11,5
51,55,10,640,250,35500,36140,2,11,5
51,55,10,640,250,35500,36140,2,11,5
51,55,10,640,250,35500,36140,2,11,5
51,55,10,640,250,35500,36140,2,11,5
73,77,14,896,350,49700,50596,2,11,7
73,77,14,896,350,49700,50596,2,11,7
73,77,14,896,350,49700,50596,2,11,7
73,77,14,896,350,49700,50596,2,11,7
73,77,14,896,350,49700,50596,2,11,7
73,77,14,896,350,49700,50596,2,11,7
0,0,0,0,0,0,0,2,11,0
0,0,0,0,0,0,0,2,11,0
0,0,0,0,0,0,0,2,11,0
0,0,0,0,0,0,0,2,11,0
0,0,0,0,0,0,0,2,11,0
0,0,0,0,0,0,0,2,11,0
0,0,0,0,0,0,0,2,11,0
0,0,0,0,0,0,0,2,11,0
0,0,0,0,0,0,0,2,11,0
0,0,0,0,0,0,0,2,11,0
0,0,0,0,0,0,0,2,11,0
0,0,0,0,0,0,0,2,11,0
0,0,0,0,0,0,0,2,11,0
0,0,0,0,0,0,0,2,11,0
0,0,0,0,0,0,0,2,11,0
0,0,0,0,0,0,0,2,11,0
0,0,0,0,0,0,0,2,11,0
0,0,0,0,0,0,0,2,11,0
0,0,0,0,0,0,0,2,11,0
0,0,0,0,0,0,0,2,11,0
0,0,0,0,0,0,0,2,11,0
0,0,0,0,0,0,0,2,11,0
0,0,0,0,0,0,0,2,11,0
0,0,0,0,0,0,0,2,11,0
0,0,0,0,0,0,0,1,7,0
0,0,0,0,0,0,0,1,7,0
0,0,0,0,0,0,0,1,7,0
0,0,0,0,0,0,0,1,7,0
0,0,0,0,0,0,0,1,7,0
0,0,0,0,0,0,0,1,7,0
7,7,2,128,40,5680,5808,1,7,1
7,7,2,128,40,5680,5808,1,7,1
7,7,2,128,40,5680,5808,1,7,1
7,7,2,128,40,5680,5808,1,7,1
7,7,2,128,40,5680,5808,1,7,1
7,7,2,128,40,5680,5808,1,7,1
14,14,4,256,80,11360,11616,1,7,2
14,14,4,256,80,11360,11616,1,7,2
14,14,4,256,80,11360,11616,1,7,2
14,14,4,256,80,11360,11616,1,7,2
14,14,4,256,80,11360,11616,1,7,2
14,14,4,256,80,11360,11616,1,7,2
0,0,0,0,0,0,0,1,7,0
0,0,0,0,0,0,0,1,7,0
0,0,0,0,0,0,0,1,7,0
0,0,0,0,0,0,0,1,7,0
0,0,0,0,0,0,0,1,7,0
0,0,0,0,0,0,0,1,7,0
0,0,0,0,0,0,0,1,7,0
0,0,0,0,0,0,0,1,7,0
0,0,0,0,0,0,0,1,7,0
0,0,0,0,0,0,0,1,7,0
0,0,0,0,0,0,0,1,7,0
0,0,0,0,0,0,0,1,7,0
0,0,0,0,0,0,0,1,7,0
0,0,0,0,0,0,0,1,7,0
0,0,0,0,0,0,0,1,7,0
0,0,0,0,0,0,0,1,7,0
0,0,0,0,0,0,0,1,7,0
0,0,0,0,0,0,0,1,7,0
0,0,0,0,0,0,0,1,7,0
0,0,0,0,0,0,0,1,7,0
0,0,0,0,0,0,0,1,7,0
0,0,0,0,0,0,0,1,7,0
0,0,0,0,0,0,0,1,7,0
0,0,0,0,0,0,0,1,7,0
0,0,0,0,0,0,0,1,7,0
0,0,0,0,0,0,0,1,7,0
0,0,0,0,0,0,0,1,7,0
0,0,0,0,0,0,0,1,7,0
0,0,0,0,0,0,0,1,7,0
0,0,0,0,0,0,0,1,7,0
65,70,20,1280,400,56800,58080,1,7,10
65,70,20,1280,400,56800,58080,1,7,10
65,70,20,1280,400,56800,58080,1,7,10
65,70,20,1280,400,56800,58080,1,7,10
65,70,20,1280,400,56800,58080,1,7,10
65,70,20,1280,400,56800,58080,1,7,10
29,35,10,640,200,28400,29040,1,7,5
29,35,10,640,200,28400,29040,1,7,5
29,35,10,640,200,28400,29040,1,7,5
29,35,10,640,200,28400,29040,1,7,5
29,35,10,640,200,28400,29040,1,7,5
29,35,10,640,200,28400,29040,1,7,5
29,35,10,640,200,28400,29040,1,7,5
29,35,10,640,200,28400,29040,1,7,5
29,35,10,640,200,28400,29040,1,7,5
29,35,10,640,200,28400,29040,1,7,5
29,35,10,640,200,28400,29040,1,7,5
29,35,10,640,200,28400,29040,1,7,5
14,14,4,256,80,11360,11616,1,7,2
14,14,4,256,80,11360,11616,1,7,2
14,14,4,256,80,11360,11616,1,7,2
14,14,4,256,80,11360,11616,1,7,2
14,14,4,256,80,11360,11616,1,7,2
14,14,4,256,80,11360,11616,1,7,2
29,35,10,640,200,28400,29040,1,7,5
29,35,10,640,200,28400,29040,1,7,5
29,35,10,640,200,28400,29040,1,7,5
29,35,10,640,200,28400,29040,1,7,5
29,35,10,640,200,28400,29040,1,7,5
29,35,10,640,200,28400,29040,1,7,5
58,63,18,1152,360,51120,52272,1,7,9
58,63,18,1152,360,51120,52272,1,7,9
58,63,18,1152,360,51120,52272,1,7,9
58,63,18,1152,360,51120,52272,1,7,9
58,63,18,1152,360,51120,52272,1,7,9
58,63,18,1152,360,51120,52272,1,7,9
36,42,12,768,240,34080,34848,1,7,6
36,42,12,768,240,34080,34848,1,7,6
36,42,12,768,240,34080,34848,1,7,6
36,42,12,768,240,34080,34848,1,7,6
36,42,12,768,240,34080,34848,1,7,6
36,42,12,768,240,34080,34848,1,7,6
21,21,6,384,120,17040,17424,1,7,3
21,21,6,384,120,17040,17424,1,7,3
21,21,6,384,120,17040,17424,1,7,3
21,21,6,384,120,17040,17424,1,7,3
21,21,6,384,120,17040,17424,1,7,3
21,21,6,384,120,17040,17424,1,7,3
43,49,14,896,280,39760,40656,1,7,7
43,49,14,896,280,39760,40656,1,7,7
43,49,14,896,280,39760,40656,1,7,7
43,49,14,896,280,39760,40656,1,7,7
43,49,14,896,280,39760,40656,1,7,7
43,49,14,896,280,39760,40656,1,7,7
29,35,10,640,200,28400,29040,1,7,5
29,35,10,640,200,28400,29040,1,7,5
29,35,10,640,200,28400,29040,1,7,5
29,35,10,640,200,28400,29040,1,7,5
29,35,10,640,200,28400,29040,1,7,5
29,35,10,640,200,28400,29040,1,7,5
0,0,0,0,0,0,0,1,7,0
0,0,0,0,0,0,0,1,7,0
0,0,0,0,0,0,0,1,7,0
0,0,0,0,0,0,0,1,7,0
0,0,0,0,0,0,0,1,7,0
0,0,0,0,0,0,0,1,7,0
0,0,0,0,0,0,0,1,7,0
0,0,0,0,0,0,0,1,7,0
0,0,0,0,0,0,0,1,7,0
0,0,0,0,0,0,0,1,7,0
0,0,0,0,0,0,0,1,7,0
0,0,0,0,0,0,0,1,7,0
0,0,0,0,0,0,0,1,7,0
0,0,0,0,0,0,0,1,7,0
0,0,0,0,0,0,0,1,7,0
0,0,0,0,0,0,0,1,7,0
0,0,0,0,0,0,0,1,7,0
0,0,0,0,0,0,0,1,7,0
0,0,0,0,0,0,0,1,7,0
0,0,0,0,0,0,0,1,7,0
0,0,0,0,0,0,0,1,7,0
0,0,0,0,0,0,0,1,7,0
0,0,0,0,0,0,0,1,7,0
0,0,0,0,0,0,0,1,7,0
51,56,16,1024,320,45440,46464,1,7,8
51,56,16,1024,320,45440,46464,1,7,8
51,56,16,1024,320,45440,46464,1,7,8
51,56,16,1024,320,45440,46464,1,7,8
51,56,16,1024,320,45440,46464,1,7,8
51,56,16,1024,320,45440,46464,1,7,8
0,0,0,0,0,0,0,1,7,0
0,0,0,0,0,0,0,1,7,0
0,0,0,0,0,0,0,1,7,0
0,0,0,0,0,0,0,1,7,0
0,0,0,0,0,0,0,1,7,0
0,0,0,0,0,0,0,1,7,0
51,56,16,1024,320,45440,46464,1,7,8
51,56,16,1024,320,45440,46464,1,7,8
51,56,16,1024,320,45440,46464,1,7,8
51,56,16,1024,320,45440,46464,1,7,8
51,56,16,1024,320,45440,46464,1,7,8
51,56,16,1024,320,45440,46464,1,7,8
14,14,4,256,80,11360,11616,1,7,2
14,14,4,256,80,11360,11616,1,7,2
14,14,4,256,80,11360,11616,1,7,2
14,14,4,256,80,11360,11616,1,7,2
14,14,4,256,80,11360,11616,1,7,2
14,14,4,256,80,11360,11616,1,7,2
0,0,0,0,0,0,0,1,7,0
0,0,0,0,0,0,0,1,7,0
0,0,0,0,0,0,0,1,7,0
0,0,0,0,0,0,0,1,7,0
0,0,0,0,0,0,0,1,7,0
0,0,0,0,0,0,0,1,7,0
0,0,0,0,0,0,0,1,7,0
0,0,0,0,0,0,0,1,7,0
0,0,0,0,0,0,0,1,7,0
0,0,0,0,0,0,0,1,7,0
0,0,0,0,0,0,0,1,7,0
0,0,0,0,0,0,0,1,7,0
0,0,0,0,0,0,0,1,7,0
0,0,0,0,0,0,0,1,7,0
0,0,0,0,0,0,0,1,7,0
0,0,0,0,0,0,0,1,7,0
0,0,0,0,0,0,0,1,7,0
0,0,0,0,0,0,0,1,7,0
29,35,10,640,200,28400,29040,1,7,5
29,35,10,640,200,28400,29040,1,7,5
29,35,10,640,200,28400,29040,1,7,5
29,35,10,640,200,28400,29040,1,7,5
29,35,10,640,200,28400,29040,1,7,5
29,35,10,640,200,28400,29040,1,7,5
0,0,0,0,0,0,0,1,7,0
0,0,0,0,0,0,0,1,7,0
0,0,0,0,0,0,0,1,7,0
0,0,0,0,0,0,0,1,7,0
0,0,0,0,0,0,0,1,7,0
0,0,0,0,0,0,0,1,7,0
7,7,2,128,40,5680,5808,1,7,1
7,7,2,128,40,5680,5808,1,7,1
7,7,2,128,40,5680,5808,1,7,1
7,7,2,128,40,5680,5808,1,7,1
7,7,2,128,40,5680,5808,1,7,1
7,7,2,128,40,5680,5808,1,7,1
0,0,0,0,0,0,0,1,7,0
0,0,0,0,0,0,0,1,7,0
0,0,0,0,0,0,0,1,7,0
0,0,0,0,0,0,0,1,7,0
0,0,0,0,0,0,0,1,7,0
0,0,0,0,0,0,0,1,7,0
14,14,4,256,80,11360,11616,1,7,2
14,14,4,256,80,11360,11616,1,7,2
14,14,4,256,80,11360,11616,1,7,2
14,14,4,256,80,11360,11616,1,7,2
14,14,4,256,80,11360,11616,1,7,2
14,14,4,256,80,11360,11616,1,7,2
73,77,22,1408,440,62480,63888,1,7,11
73,77,22,1408,440,62480,63888,1,7,11
73,77,22,1408,440,62480,63888,1,7,11
73,77,22,1408,440,62480,63888,1,7,11
73,77,22,1408,440,62480,63888,1,7,11
73,77,22,1408,440,62480,63888,1,7,11
0,0,0,0,0,0,0,1,7,0
0,0,0,0,0,0,0,1,7,0
0,0,0,0,0,0,0,1,7,0
0,0,0,0,0,0,0,1,7,0
0,0,0,0,0,0,0,1,7,0
0,0,0,0,0,0,0,1,7,0
0,0,0,0,0,0,0,1,7,0
0,0,0,0,0,0,0,1,7,0
0,0,0,0,0,0,0,1,7,0
0,0,0,0,0,0,0,1,7,0
0,0,0,0,0,0,0,1,7,0
0,0,0,0,0,0,0,1,7,0
0,0,0,0,0,0,0,1,7,0
0,0,0,0,0,0,0,1,7,0
0,0,0,0,0,0,0,1,7,0
0,0,0,0,0,0,0,1,7,0
0,0,0,0,0,0,0,1,7,0
0,0,0,0,0,0,0,1,7,0
0,0,0,0,0,0,0,1,7,0
0,0,0,0,0,0,0,1,7,0
0,0,0,0,0,0,0,1,7,0
0,0,0,0,0,0,0,1,7,0
0,0,0,0,0,0,0,1,7,0
0,0,0,0,0,0,0,1,7,0
14,14,4,256,80,11360,11616,1,7,2
14,14,4,256,80,11360,11616,1,7,2
14,14,4,256,80,11360,11616,1,7,2
14,14,4,256,80,11360,11616,1,7,2
14,14,4,256,80,11360,11616,1,7,2
14,14,4,256,80,11360,11616,1,7,2
7,11,2,128,50,7100,7228,2,11,1
7,11,2,128,50,7100,7228,2,11,1
7,11,2,128,50,7100,7228,2,11,1
7,11,2,128,50,7100,7228,2,11,1
7,11,2,128,50,7100,7228,2,11,1
7,11,2,128,50,7100,7228,2,11,1
0,0,0,0,0,0,0,2,11,0
0,0,0,0,0,0,0,2,11,0
0,0,0,0,0,0,0,2,11,0
0,0,0,0,0,0,0,2,11,0
0,0,0,0,0,0,0,2,11,0
0,0,0,0,0,0,0,2,11,0
0,0,0,0,0,0,0,2,11,0
0,0,0,0,0,0,0,2,11,0
0,0,0,0,0,0,0,2,11,0
0,0,0,0,0,0,0,2,11,0
0,0,0,0,0,0,0,2,11,0
0,0,0,0,0,0,0,2,11,0
7,11,2,128,50,7100,7228,2,11,1
7,11,2,128,50,7100,7228,2,11,1
7,11,2,128,50,7100,7228,2,11,1
7,11,2,128,50,7100,7228,2,11,1
7,11,2,128,50,7100,7228,2,11,1
7,11,2,128,50,7100,7228,2,11,1
0,0,0,0,0,0,0,2,11,0
0,0,0,0,0,0,0,2,11,0
0,0,0,0,0,0,0,2,11,0
0,0,0,0,0,0,0,2,11,0
0,0,0,0,0,0,0,2,11,0
0,0,0,0,0,0,0,2,11,0
7,11,2,128,50,7100,7228,2,11,1
7,11,2,128,50,7100,7228,2,11,1
7,11,2,128,50,7100,7228,2,11,1
7,11,2,128,50,7100,7228,2,11,1
7,11,2,128,50,7100,7228,2,11,1
7,11,2,128,50,7100,7228,2,11,1
0,0,0,0,0,0,0,2,11,0
0,0,0,0,0,0,0,2,11,0
0,0,0,0,0,0,0,2,11,0
0,0,0,0,0,0,0,2,11,0
0,0,0,0,0,0,0,2,11,0
0,0,0,0,0,0,0,2,11,0
0,0,0,0,0,0,0,2,11,0
0,0,0,0,0,0,0,2,11,0
0,0,0,0,0,0,0,2,11,0
0,0,0,0,0,0,0,2,11,0
0,0,0,0,0,0,0,2,11,0
0,0,0,0,0,0,0,2,11,0
0,0,0,0,0,0,0,2,11,0
0,0,0,0,0,0,0,2,11,0
0,0,0,0,0,0,0,2,11,0
0,0,0,0,0,0,0,2,11,0
0,0,0,0,0,0,0,2,11,0
0,0,0,0,0,0,0,2,11,0
0,0,0,0,0,0,0,2,11,0
0,0,0,0,0,0,0,2,11,0
0,0,0,0,0,0,0,2,11,0
0,0,0,0,0,0,0,2,11,0
0,0,0,0,0,0,0,2,11,0
0,0,0,0,0,0,0,2,11,0
14,22,4,256,100,14200,14456,2,11,2
14,22,4,256,100,14200,14456,2,11,2
14,22,4,256,100,14200,14456,2,11,2
14,22,4,256,100,14200,14456,2,11,2
14,22,4,256,100,14200,14456,2,11,2
14,22,4,256,100,14200,14456,2,11,2
0,0,0,0,0,0,0,2,11,0
0,0,0,0,0,0,0,2,11,0
0,0,0,0,0,0,0,2,11,0
0,0,0,0,0,0,0,2,11,0
0,0,0,0,0,0,0,2,11,0
0,0,0,0,0,0,0,2,11,0
14,22,4,256,100,14200,14456,2,11,2
14,22,4,256,100,14200,14456,2,11,2
14,22,4,256,100,14200,14456,2,11,2
14,22,4,256,100,14200,14456,2,11,2
14,22,4,256,100,14200,14456,2,11,2
14,22,4,256,100,14200,14456,2,11,2
0,0,0,0,0,0,0,2,11,0
0,0,0,0,0,0,0,2,11,0
0,0,0,0,0,0,0,2,11,0
0,0,0,0,0,0,0,2,11,0
0,0,0,0,0,0,0,2,11,0
0,0,0,0,0,0,0,2,11,0
21,22,4,256,100,14200,14456,2,11,2
21,22,4,256,100,14200,14456,2,11,2
21,22,4,256,100,14200,14456,2,11,2
21,22,4,256,100,14200,14456,2,11,2
21,22,4,256,100,14200,14456,2,11,2
21,22,4,256,100,14200,14456,2,11,2
14,22,4,256,100,14200,14456,2,11,2
14,22,4,256,100,14200,14456,2,11,2
14,22,4,256,100,14200,14456,2,11,2
14,22,4,256,100,14200,14456,2,11,2
14,22,4,256,100,14200,14456,2,11,2
14,22,4,256,100,14200,14456,2,11,2
7,11,2,128,50,7100,7228,2,11,1
7,11,2,128,50,7100,7228,2,11,1
7,11,2,128,50,7100,7228,2,11,1
7,11,2,128,50,7100,7228,2,11,1
7,11,2,128,50,7100,7228,2,11,1
7,11,2,128,50,7100,7228,2,11,1
0,0,0,0,0,0,0,2,11,0
0,0,0,0,0,0,0,2,11,0
0,0,0,0,0,0,0,2,11,0
0,0,0,0,0,0,0,2,11,0
0,0,0,0,0,0,0,2,11,0
0,0,0,0,0,0,0,2,11,0
7,11,2,128,50,7100,7228,2,11,1
7,11,2,128,50,7100,7228,2,11,1
7,11,2,128,50,7100,7228,2,11,1
7,11,2,128,50,7100,7228,2,11,1
7,11,2,128,50,7100,7228,2,11,1
7,11,2,128,50,7100,7228,2,11,1
0,0,0,0,0,0,0,2,11,0
0,0,0,0,0,0,0,2,11,0
0,0,0,0,0,0,0,2,11,0
0,0,0,0,0,0,0,2,11,0
0,0,0,0,0,0,0,2,11,0
0,0,0,0,0,0,0,2,11,0
7,11,2,128,50,7100,7228,2,11,1
7,11,2,128,50,7100,7228,2,11,1
7,11,2,128,50,7100,7228,2,11,1
7,11,2,128,50,7100,7228,2,11,1
7,11,2,128,50,7100,7228,2,11,1
7,11,2,128,50,7100,7228,2,11,1
0,0,0,0,0,0,0,2,11,0
0,0,0,0,0,0,0,2,11,0
0,0,0,0,0,0,0,2,11,0
0,0,0,0,0,0,0,2,11,0
0,0,0,0,0,0,0,2,11,0
0,0,0,0,0,0,0,2,11,0
0,0,0,0,0,0,0,2,11,0
0,0,0,0,0,0,0,2,11,0
0,0,0,0,0,0,0,2,11,0
0,0,0,0,0,0,0,2,11,0
0,0,0,0,0,0,0,2,11,0
0,0,0,0,0,0,0,2,11,0
36,44,8,512,200,28400,28912,2,11,4
36,44,8,512,200,28400,28912,2,11,4
36,44,8,512,200,28400,28912,2,11,4
36,44,8,512,200,28400,28912,2,11,4
36,44,8,512,200,28400,28912,2,11,4
36,44,8,512,200,28400,28912,2,11,4
7,11,2,128,50,7100,7228,2,11,1
7,11,2,128,50,7100,7228,2,11,1
7,11,2,128,50,7100,7228,2,11,1
7,11,2,128,50,7100,7228,2,11,1
7,11,2,128,50,7100,7228,2,11,1
7,11,2,128,50,7100,7228,2,11,1
0,0,0,0,0,0,0,2,11,0
0,0,0,0,0,0,0,2,11,0
0,0,0,0,0,0,0,2,11,0
0,0,0,0,0,0,0,2,11,0
0,0,0,0,0,0,0,2,11,0
0,0,0,0,0,0,0,2,11,0
0,0,0,0,0,0,0,2,11,0
0,0,0,0,0,0,0,2,11,0
0,0,0,0,0,0,0,2,11,0
0,0,0,0,0,0,0,2,11,0
0,0,0,0,0,0,0,2,11,0
0,0,0,0,0,0,0,2,11,0
0,0,0,0,0,0,0,2,11,0
0,0,0,0,0,0,0,2,11,0
0,0,0,0,0,0,0,2,11,0
0,0,0,0,0,0,0,2,11,0
0,0,0,0,0,0,0,2,11,0
0,0,0,0,0,0,0,2,11,0
36,44,8,512,200,28400,28912,2,11,4
36,44,8,512,200,28400,28912,2,11,4
36,44,8,512,200,28400,28912,2,11,4
36,44,8,512,200,28400,28912,2,11,4
36,44,8,512,200,28400,28912,2,11,4
36,44,8,512,200,28400,28912,2,11,4
0,0,0,0,0,0,0,2,11,0
0,0,0,0,0,0,0,2,11,0
0,0,0,0,0,0,0,2,11,0
0,0,0,0,0,0,0,2,11,0
0,0,0,0,0,0,0,2,11,0
0,0,0,0,0,0,0,2,11,0
0,0,0,0,0,0,0,1,7,0
0,0,0,0,0,0,0,1,7,0
0,0,0,0,0,0,0,1,7,0
0,0,0,0,0,0,0,1,7,0
0,0,0,0,0,0,0,1,7,0
0,0,0,0,0,0,0,1,7,0
7,7,2,128,40,5680,5808,1,7,1
7,7,2,128,40,5680,5808,1,7,1
7,7,2,128,40,5680,5808,1,7,1
7,7,2,128,40,5680,5808,1,7,1
7,7,2,128,40,5680,5808,1,7,1
7,7,2,128,40,5680,5808,1,7,1
0,0,0,0,0,0,0,1,7,0
0,0,0,0,0,0,0,1,7,0
0,0,0,0,0,0,0,1,7,0
0,0,0,0,0,0,0,1,7,0
0,0,0,0,0,0,0,1,7,0
0,0,0,0,0,0,0,1,7,0
21,21,6,384,120,17040,17424,1,7,3
21,21,6,384,120,17040,17424,1,7,3
21,21,6,384,120,17040,17424,1,7,3
21,21,6,384,120,17040,17424,1,7,3
21,21,6,384,120,17040,17424,1,7,3
21,21,6,384,120,17040,17424,1,7,3
0,0,0,0,0,0,0,1,7,0
0,0,0,0,0,0,0,1,7,0
0,0,0,0,0,0,0,1,7,0
0,0,0,0,0,0,0,1,7,0
0,0,0,0,0,0,0,1,7,0
0,0,0,0,0,0,0,1,7,0
0,0,0,0,0,0,0,1,7,0
0,0,0,0,0,0,0,1,7,0
0,0,0,0,0,0,0,1,7,0
0,0,0,0,0,0,0,1,7,0
0,0,0,0,0,0,0,1,7,0
0,0,0,0,0,0,0,1,7,0
0,0,0,0,0,0,0,1,7,0
0,0,0,0,0,0,0,1,7,0
0,0,0,0,0,0,0,1,7,0
0,0,0,0,0,0,0,1,7,0
0,0,0,0,0,0,0,1,7,0
0,0,0,0,0,0,0,1,7,0
0,0,0,0,0,0,0,1,7,0
0,0,0,0,0,0,0,1,7,0
0,0,0,0,0,0,0,1,7,0
0,0,0,0,0,0,0,1,7,0
0,0,0,0,0,0,0,1,7,0
0,0,0,0,0,0,0,1,7,0
0,0,0,0,0,0,0,1,7,0
0,0,0,0,0,0,0,1,7,0
0,0,0,0,0,0,0,1,7,0
0,0,0,0,0,0,0,1,7,0
0,0,0,0,0,0,0,1,7,0
0,0,0,0,0,0,0,1,7,0
0,0,0,0,0,0,0,1,7,0
0,0,0,0,0,0,0,1,7,0
0,0,0,0,0,0,0,1,7,0
0,0,0,0,0,0,0,1,7,0
0,0,0,0,0,0,0,1,7,0
0,0,0,0,0,0,0,1,7,0
14,14,4,256,80,11360,11616,1,7,2
14,14,4,256,80,11360,11616,1,7,2
14,14,4,256,80,11360,11616,1,7,2
14,14,4,256,80,11360,11616,1,7,2
14,14,4,256,80,11360,11616,1,7,2
14,14,4,256,80,11360,11616,1,7,2
0,0,0,0,0,0,0,1,7,0
0,0,0,0,0,0,0,1,7,0
0,0,0,0,0,0,0,1,7,0
0,0,0,0,0,0,0,1,7,0
0,0,0,0,0,0,0,1,7,0
0,0,0,0,0,0,0,1,7,0
0,0,0,0,0,0,0,1,7,0
0,0,0,0,0,0,0,1,7,0
0,0,0,0,0,0,0,1,7,0
0,0,0,0,0,0,0,1,7,0
0,0,0,0,0,0,0,1,7,0
0,0,0,0,0,0,0,1,7,0
0,0,0,0,0,0,0,1,7,0
0,0,0,0,0,0,0,1,7,0
0,0,0,0,0,0,0,1,7,0
0,0,0,0,0,0,0,1,7,0
0,0,0,0,0,0,0,1,7,0
0,0,0,0,0,0,0,1,7,0
0,0,0,0,0,0,0,1,7,0
0,0,0,0,0,0,0,1,7,0
0,0,0,0,0,0,0,1,7,0
0,0,0,0,0,0,0,1,7,0
0,0,0,0,0,0,0,1,7,0
0,0,0,0,0,0,0,1,7,0
0,0,0,0,0,0,0,1,7,0
0,0,0,0,0,0,0,1,7,0
0,0,0,0,0,0,0,1,7,0
0,0,0,0,0,0,0,1,7,0
0,0,0,0,0,0,0,1,7,0
0,0,0,0,0,0,0,1,7,0
0,0,0,0,0,0,0,1,7,0
0,0,0,0,0,0,0,1,7,0
0,0,0,0,0,0,0,1,7,0
0,0,0,0,0,0,0,1,7,0
0,0,0,0,0,0,0,1,7,0
0,0,0,0,0,0,0,1,7,0
7,7,2,128,40,5680,5808,1,7,1
7,7,2,128,40,5680,5808,1,7,1
7,7,2,128,40,5680,5808,1,7,1
7,7,2,128,40,5680,5808,1,7,1
7,7,2,128,40,5680,5808,1,7,1
7,7,2,128,40,5680,5808,1,7,1
29,35,10,640,200,28400,29040,1,7,5
29,35,10,640,200,28400,29040,1,7,5
29,35,10,640,200,28400,29040,1,7,5
29,35,10,640,200,28400,29040,1,7,5
29,35,10,640,200,28400,29040,1,7,5
29,35,10,640,200,28400,29040,1,7,5
7,7,2,128,40,5680,5808,1,7,1
7,7,2,128,40,5680,5808,1,7,1
7,7,2,128,40,5680,5808,1,7,1
7,7,2,128,40,5680,5808,1,7,1
7,7,2,128,40,5680,5808,1,7,1
7,7,2,128,40,5680,5808,1,7,1
14,14,4,256,80,11360,11616,1,7,2
14,14,4,256,80,11360,11616,1,7,2
14,14,4,256,80,11360,11616,1,7,2
14,14,4,256,80,11360,11616,1,7,2
14,14,4,256,80,11360,11616,1,7,2
14,14,4,256,80,11360,11616,1,7,2
14,14,4,256,80,11360,11616,1,7,2
14,14,4,256,80,11360,11616,1,7,2
14,14,4,256,80,11360,11616,1,7,2
14,14,4,256,80,11360,11616,1,7,2
14,14,4,256,80,11360,11616,1,7,2
14,14,4,256,80,11360,11616,1,7,2
29,35,10,640,200,28400,29040,1,7,5
29,35,10,640,200,28400,29040,1,7,5
29,35,10,640,200,28400,29040,1,7,5
29,35,10,640,200,28400,29040,1,7,5
29,35,10,640,200,28400,29040,1,7,5
29,35,10,640,200,28400,29040,1,7,5
7,7,2,128,40,5680,5808,1,7,1
7,7,2,128,40,5680,5808,1,7,1
7,7,2,128,40,5680,5808,1,7,1
7,7,2,128,40,5680,5808,1,7,1
7,7,2,128,40,5680,5808,1,7,1
7,7,2,128,40,5680,5808,1,7,1
0,0,0,0,0,0,0,1,7,0
0,0,0,0,0,0,0,1,7,0
0,0,0,0,0,0,0,1,7,0
0,0,0,0,0,0,0,1,7,0
0,0,0,0,0,0,0,1,7,0
0,0,0,0,0,0,0,1,7,0
0,0,0,0,0,0,0,1,7,0
0,0,0,0,0,0,0,1,7,0
0,0,0,0,0,0,0,1,7,0
0,0,0,0,0,0,0,1,7,0
0,0,0,0,0,0,0,1,7,0
0,0,0,0,0,0,0,1,7,0
0,0,0,0,0,0,0,1,7,0
0,0,0,0,0,0,0,1,7,0
0,0,0,0,0,0,0,1,7,0
0,0,0,0,0,0,0,1,7,0
0,0,0,0,0,0,0,1,7,0
0,0,0,0,0,0,0,1,7,0
14,14,4,256,80,11360,11616,1,7,2
14,14,4,256,80,11360,11616,1,7,2
14,14,4,256,80,11360,11616,1,7,2
14,14,4,256,80,11360,11616,1,7,2
14,14,4,256,80,11360,11616,1,7,2
14,14,4,256,80,11360,11616,1,7,2
73,77,22,1408,440,62480,63888,1,7,11
73,77,22,1408,440,62480,63888,1,7,11
73,77,22,1408,440,62480,63888,1,7,11
73,77,22,1408,440,62480,63888,1,7,11
73,77,22,1408,440,62480,63888,1,7,11
73,77,22,1408,440,62480,63888,1,7,11
109,112,32,2048,640,90880,92928,1,7,16
109,112,32,2048,640,90880,92928,1,7,16
109,112,32,2048,640,90880,92928,1,7,16
109,112,32,2048,640,90880,92928,1,7,16
109,112,32,2048,640,90880,92928,1,7,16
109,112,32,2048,640,90880,92928,1,7,16
109,112,32,2048,640,90880,92928,1,7,16
109,112,32,2048,640,90880,92928,1,7,16
109,112,32,2048,640,90880,92928,1,7,16
109,112,32,2048,640,90880,92928,1,7,16
109,112,32,2048,640,90880,92928,1,7,16
109,112,32,2048,640,90880,92928,1,7,16
87,91,26,1664,520,73840,75504,1,7,13
87,91,26,1664,520,73840,75504,1,7,13
87,91,26,1664,520,73840,75504,1,7,13
87,91,26,1664,520,73840,75504,1,7,13
87,91,26,1664,520,73840,75504,1,7,13
87,91,26,1664,520,73840,75504,1,7,13
14,14,4,256,80,11360,11616,1,7,2
14,14,4,256,80,11360,11616,1,7,2
14,14,4,256,80,11360,11616,1,7,2
14,14,4,256,80,11360,11616,1,7,2
14,14,4,256,80,11360,11616,1,7,2
14,14,4,256,80,11360,11616,1,7,2
21,21,6,384,120,17040,17424,1,7,3
21,21,6,384,120,17040,17424,1,7,3
21,21,6,384,120,17040,17424,1,7,3
21,21,6,384,120,17040,17424,1,7,3
21,21,6,384,120,17040,17424,1,7,3
21,21,6,384,120,17040,17424,1,7,3
0,0,0,0,0,0,0,1,7,0
0,0,0,0,0,0,0,1,7,0
0,0,0,0,0,0,0,1,7,0
0,0,0,0,0,0,0,1,7,0
0,0,0,0,0,0,0,1,7,0
0,0,0,0,0,0,0,1,7,0
0,0,0,0,0,0,0,1,7,0
0,0,0,0,0,0,0,1,7,0
0,0,0,0,0,0,0,1,7,0
0,0,0,0,0,0,0,1,7,0
0,0,0,0,0,0,0,1,7,0
0,0,0,0,0,0,0,1,7,0
0,0,0,0,0,0,0,1,7,0
0,0,0,0,0,0,0,1,7,0
0,0,0,0,0,0,0,1,7,0
0,0,0,0,0,0,0,1,7,0
0,0,0,0,0,0,0,1,7,0
0,0,0,0,0,0,0,1,7,0
0,0,0,0,0,0,0,1,7,0
0,0,0,0,0,0,0,1,7,0
0,0,0,0,0,0,0,1,7,0
0,0,0,0,0,0,0,1,7,0
0,0,0,0,0,0,0,1,7,0
0,0,0,0,0,0,0,1,7,0
0,0,0,0,0,0,0,1,7,0
0,0,0,0,0,0,0,1,7,0
0,0,0,0,0,0,0,1,7,0
0,0,0,0,0,0,0,1,7,0
0,0,0,0,0,0,0,1,7,0
0,0,0,0,0,0,0,1,7,0
0,0,0,0,0,0,0,1,7,0
0,0,0,0,0,0,0,1,7,0
0,0,0,0,0,0,0,1,7,0
0,0,0,0,0,0,0,1,7,0
0,0,0,0,0,0,0,1,7,0
0,0,0,0,0,0,0,1,7,0
0,0,0,0,0,0,0,2,11,0
0,0,0,0,0,0,0,2,11,0
0,0,0,0,0,0,0,2,11,0
0,0,0,0,0,0,0,2,11,0
0,0,0,0,0,0,0,2,11,0
0,0,0,0,0,0,0,2,11,0
0,0,0,0,0,0,0,2,11,0
0,0,0,0,0,0,0,2,11,0
0,0,0,0,0,0,0,2,11,0
0,0,0,0,0,0,0,2,11,0
0,0,0,0,0,0,0,2,11,0
0,0,0,0,0,0,0,2,11,0
0,0,0,0,0,0,0,2,11,0
0,0,0,0,0,0,0,2,11,0
0,0,0,0,0,0,0,2,11,0
0,0,0,0,0,0,0,2,11,0
0,0,0,0,0,0,0,2,11,0
0,0,0,0,0,0,0,2,11,0
14,22,4,256,100,14200,14456,2,11,2
14,22,4,256,100,14200,14456,2,11,2
14,22,4,256,100,14200,14456,2,11,2
14,22,4,256,100,14200,14456,2,11,2
14,22,4,256,100,14200,14456,2,11,2
14,22,4,256,100,14200,14456,2,11,2
0,0,0,0,0,0,0,2,11,0
0,0,0,0,0,0,0,2,11,0
0,0,0,0,0,0,0,2,11,0
0,0,0,0,0,0,0,2,11,0
0,0,0,0,0,0,0,2,11,0
0,0,0,0,0,0,0,2,11,0
0,0,0,0,0,0,0,2,11,0
0,0,0,0,0,0,0,2,11,0
0,0,0,0,0,0,0,2,11,0
0,0,0,0,0,0,0,2,11,0
0,0,0,0,0,0,0,2,11,0
0,0,0,0,0,0,0,2,11,0
0,0,0,0,0,0,0,2,11,0
0,0,0,0,0,0,0,2,11,0
0,0,0,0,0,0,0,2,11,0
0,0,0,0,0,0,0,2,11,0
0,0,0,0,0,0,0,2,11,0
0,0,0,0,0,0,0,2,11,0
0,0,0,0,0,0,0,2,11,0
0,0,0,0,0,0,0,2,11,0
0,0,0,0,0,0,0,2,11,0
0,0,0,0,0,0,0,2,11,0
0,0,0,0,0,0,0,2,11,0
0,0,0,0,0,0,0,2,11,0
0,0,0,0,0,0,0,2,11,0
0,0,0,0,0,0,0,2,11,0
0,0,0,0,0,0,0,2,11,0
0,0,0,0,0,0,0,2,11,0
0,0,0,0,0,0,0,2,11,0
0,0,0,0,0,0,0,2,11,0
0,0,0,0,0,0,0,2,11,0
0,0,0,0,0,0,0,2,11,0
0,0,0,0,0,0,0,2,11,0
0,0,0,0,0,0,0,2,11,0
0,0,0,0,0,0,0,2,11,0
0,0,0,0,0,0,0,2,11,0
51,55,10,640,250,35500,36140,2,11,5
51,55,10,640,250,35500,36140,2,11,5
51,55,10,640,250,35500,36140,2,11,5
51,55,10,640,250,35500,36140,2,11,5
51,55,10,640,250,35500,36140,2,11,5
51,55,10,640,250,35500,36140,2,11,5
0,0,0,0,0,0,0,2,11,0
0,0,0,0,0,0,0,2,11,0
0,0,0,0,0,0,0,2,11,0
0,0,0,0,0,0,0,2,11,0
0,0,0,0,0,0,0,2,11,0
0,0,0,0,0,0,0,2,11,0
0,0,0,0,0,0,0,2,11,0
0,0,0,0,0,0,0,2,11,0
0,0,0,0,0,0,0,2,11,0
0,0,0,0,0,0,0,2,11,0
0,0,0,0,0,0,0,2,11,0
0,0,0,0,0,0,0,2,11,0
0,0,0,0,0,0,0,2,11,0
0,0,0,0,0,0,0,2,11,0
0,0,0,0,0,0,0,2,11,0
0,0,0,0,0,0,0,2,11,0
0,0,0,0,0,0,0,2,11,0
0,0,0,0,0,0,0,2,11,0
0,0,0,0,0,0,0,2,11,0
0,0,0,0,0,0,0,2,11,0
0,0,0,0,0,0,0,2,11,0
0,0,0,0,0,0,0,2,11,0
0,0,0,0,0,0,0,2,11,0
0,0,0,0,0,0,0,2,11,0
0,0,0,0,0,0,0,2,11,0
0,0,0,0,0,0,0,2,11,0
0,0,0,0,0,0,0,2,11,0
0,0,0,0,0,0,0,2,11,0
0,0,0,0,0,0,0,2,11,0
0,0,0,0,0,0,0,2,11,0
0,0,0,0,0,0,0,2,11,0
0,0,0,0,0,0,0,2,11,0
0,0,0,0,0,0,0,2,11,0
0,0,0,0,0,0,0,2,11,0
0,0,0,0,0,0,0,2,11,0
0,0,0,0,0,0,0,2,11,0
0,0,0,0,0,0,0,2,11,0
0,0,0,0,0,0,0,2,11,0
0,0,0,0,0,0,0,2,11,0
0,0,0,0,0,0,0,2,11,0
0,0,0,0,0,0,0,2,11,0
0,0,0,0,0,0,0,2,11,0
14,22,4,256,100,14200,14456,2,11,2
14,22,4,256,100,14200,14456,2,11,2
14,22,4,256,100,14200,14456,2,11,2
14,22,4,256,100,14200,14456,2,11,2
14,22,4,256,100,14200,14456,2,11,2
14,22,4,256,100,14200,14456,2,11,2
7,11,2,128,50,7100,7228,2,11,1
7,11,2,128,50,7100,7228,2,11,1
7,11,2,128,50,7100,7228,2,11,1
7,11,2,128,50,7100,7228,2,11,1
7,11,2,128,50,7100,7228,2,11,1
7,11,2,128,50,7100,7228,2,11,1
14,22,4,256,100,14200,14456,2,11,2
14,22,4,256,100,14200,14456,2,11,2
14,22,4,256,100,14200,14456,2,11,2
14,22,4,256,100,14200,14456,2,11,2
14,22,4,256,100,14200,14456,2,11,2
14,22,4,256,100,14200,14456,2,11,2
0,0,0,0,0,0,0,2,11,0
0,0,0,0,0,0,0,2,11,0
0,0,0,0,0,0,0,2,11,0
0,0,0,0,0,0,0,2,11,0
0,0,0,0,0,0,0,2,11,0
0,0,0,0,0,0,0,2,11,0
0,0,0,0,0,0,0,2,11,0
0,0,0,0,0,0,0,2,11,0
0,0,0,0,0,0,0,2,11,0
0,0,0,0,0,0,0,2,11,0
0,0,0,0,0,0,0,2,11,0
0,0,0,0,0,0,0,2,11,0
7,11,2,128,50,7100,7228,2,11,1
7,11,2,128,50,7100,7228,2,11,1
7,11,2,128,50,7100,7228,2,11,1
7,11,2,128,50,7100,7228,2,11,1
7,11,2,128,50,7100,7228,2,11,1
7,11,2,128,50,7100,7228,2,11,1
0,0,0,0,0,0,0,2,11,0
0,0,0,0,0,0,0,2,11,0
0,0,0,0,0,0,0,2,11,0
0,0,0,0,0,0,0,2,11,0
0,0,0,0,0,0,0,2,11,0
0,0,0,0,0,0,0,2,11,0
0,0,0,0,0,0,0,2,11,0
0,0,0,0,0,0,0,2,11,0
0,0,0,0,0,0,0,2,11,0
0,0,0,0,0,0,0,2,11,0
0,0,0,0,0,0,0,2,11,0
0,0,0,0,0,0,0,2,11,0
0,0,0,0,0,0,0,2,11,0
0,0,0,0,0,0,0,2,11,0
0,0,0,0,0,0,0,2,11,0
0,0,0,0,0,0,0,2,11,0
0,0,0,0,0,0,0,2,11,0
0,0,0,0,0,0,0,2,11,0
0,0,0,0,0,0,0,2,11,0
0,0,0,0,0,0,0,2,11,0
0,0,0,0,0,0,0,2,11,0
0,0,0,0,0,0,0,2,11,0
0,0,0,0,0,0,0,2,11,0
0,0,0,0,0,0,0,2,11,0
0,0,0,0,0,0,0,2,11,0
0,0,0,0,0,0,0,2,11,0
0,0,0,0,0,0,0,2,11,0
0,0,0,0,0,0,0,2,11,0
0,0,0,0,0,0,0,2,11,0
0,0,0,0,0,0,0,2,11,0
0,0,0,0,0,0,0,2,11,0
0,0,0,0,0,0,0,2,11,0
0,0,0,0,0,0,0,2,11,0
0,0,0,0,0,0,0,2,11,0
0,0,0,0,0,0,0,2,11,0
0,0,0,0,0,0,0,2,11,0
0,0,0,0,0,0,0,2,11,0
0,0,0,0,0,0,0,2,11,0
0,0,0,0,0,0,0,2,11,0
0,0,0,0,0,0,0,2,11,0
0,0,0,0,0,0,0,2,11,0
0,0,0,0,0,0,0,2,11,0
0,0,0,0,0,0,0,2,11,0
0,0,0,0,0,0,0,2,11,0
0,0,0,0,0,0,0,2,11,0
0,0,0,0,0,0,0,2,11,0
0,0,0,0,0,0,0,2,11,0
0,0,0,0,0,0,0,2,11,0
0,0,0,0,0,0,0,2,11,0
0,0,0,0,0,0,0,2,11,0
0,0,0,0,0,0,0,2,11,0
0,0,0,0,0,0,0,2,11,0
0,0,0,0,0,0,0,2,11,0
0,0,0,0,0,0,0,2,11,0
0,0,0,0,0,0,0,2,11,0
0,0,0,0,0,0,0,2,11,0
0,0,0,0,0,0,0,2,11,0
0,0,0,0,0,0,0,2,11,0
0,0,0,0,0,0,0,2,11,0
0,0,0,0,0,0,0,2,11,0
0,0,0,0,0,0,0,2,11,0
0,0,0,0,0,0,0,2,11,0
0,0,0,0,0,0,0,2,11,0
0,0,0,0,0,0,0,2,11,0
0,0,0,0,0,0,0,2,11,0
0,0,0,0,0,0,0,2,11,0
0,0,0,0,0,0,0,2,11,0
0,0,0,0,0,0,0,2,11,0
0,0,0,0,0,0,0,2,11,0
0,0,0,0,0,0,0,2,11,0
0,0,0,0,0,0,0,2,11,0
0,0,0,0,0,0,0,2,11,0
36,44,8,512,200,28400,28912,2,11,4
36,44,8,512,200,28400,28912,2,11,4
36,44,8,512,200,28400,28912,2,11,4
36,44,8,512,200,28400,28912,2,11,4
36,44,8,512,200,28400,28912,2,11,4
36,44,8,512,200,28400,28912,2,11,4
14,22,4,256,100,14200,14456,2,11,2
14,22,4,256,100,14200,14456,2,11,2
14,22,4,256,100,14200,14456,2,11,2
14,22,4,256,100,14200,14456,2,11,2
14,22,4,256,100,14200,14456,2,11,2
14,22,4,256,100,14200,14456,2,11,2
0,0,0,0,0,0,0,2,11,0
0,0,0,0,0,0,0,2,11,0
0,0,0,0,0,0,0,2,11,0
0,0,0,0,0,0,0,2,11,0
0,0,0,0,0,0,0,2,11,0
0,0,0,0,0,0,0,2,11,0
0,0,0,0,0,0,0,2,11,0
0,0,0,0,0,0,0,2,11,0
0,0,0,0,0,0,0,2,11,0
0,0,0,0,0,0,0,2,11,0
0,0,0,0,0,0,0,2,11,0
0,0,0,0,0,0,0,2,11,0
0,0,0,0,0,0,0,2,11,0
0,0,0,0,0,0,0,2,11,0
0,0,0,0,0,0,0,2,11,0
0,0,0,0,0,0,0,2,11,0
0,0,0,0,0,0,0,2,11,0
0,0,0,0,0,0,0,2,11,0
7,11,2,128,40,5680,5808,2,11,1
7,11,2,128,40,5680,5808,2,11,1
7,11,2,128,40,5680,5808,2,11,1
7,11,2,128,40,5680,5808,2,11,1
7,11,2,128,40,5680,5808,2,11,1
7,11,2,128,40,5680,5808,2,11,1
7,11,2,128,40,5680,5808,2,11,1
7,11,2,128,40,5680,5808,2,11,1
7,11,2,128,40,5680,5808,2,11,1
7,11,2,128,40,5680,5808,2,11,1
7,11,2,128,40,5680,5808,2,11,1
7,11,2,128,40,5680,5808,2,11,1
0,0,0,0,0,0,0,2,11,0
0,0,0,0,0,0,0,2,11,0
0,0,0,0,0,0,0,2,11,0
0,0,0,0,0,0,0,2,11,0
0,0,0,0,0,0,0,2,11,0
0,0,0,0,0,0,0,2,11,0
0,0,0,0,0,0,0,2,11,0
0,0,0,0,0,0,0,2,11,0
0,0,0,0,0,0,0,2,11,0
0,0,0,0,0,0,0,2,11,0
0,0,0,0,0,0,0,2,11,0
0,0,0,0,0,0,0,2,11,0
0,0,0,0,0,0,0,2,11,0
0,0,0,0,0,0,0,2,11,0
0,0,0,0,0,0,0,2,11,0
0,0,0,0,0,0,0,2,11,0
0,0,0,0,0,0,0,2,11,0
0,0,0,0,0,0,0,2,11,0
7,11,2,128,40,5680,5808,2,11,1
7,11,2,128,40,5680,5808,2,11,1
7,11,2,128,40,5680,5808,2,11,1
7,11,2,128,40,5680,5808,2,11,1
7,11,2,128,40,5680,5808,2,11,1
7,11,2,128,40,5680,5808,2,11,1
0,0,0,0,0,0,0,2,11,0
0,0,0,0,0,0,0,2,11,0
0,0,0,0,0,0,0,2,11,0
0,0,0,0,0,0,0,2,11,0
0,0,0,0,0,0,0,2,11,0
0,0,0,0,0,0,0,2,11,0
0,0,0,0,0,0,0,2,11,0
0,0,0,0,0,0,0,2,11,0
0,0,0,0,0,0,0,2,11,0
0,0,0,0,0,0,0,2,11,0
0,0,0,0,0,0,0,2,11,0
0,0,0,0,0,0,0,2,11,0
0,0,0,0,0,0,0,2,11,0
0,0,0,0,0,0,0,2,11,0
0,0,0,0,0,0,0,2,11,0
0,0,0,0,0,0,0,2,11,0
0,0,0,0,0,0,0,2,11,0
0,0,0,0,0,0,0,2,11,0
0,0,0,0,0,0,0,2,11,0
0,0,0,0,0,0,0,2,11,0
0,0,0,0,0,0,0,2,11,0
0,0,0,0,0,0,0,2,11,0
0,0,0,0,0,0,0,2,11,0
0,0,0,0,0,0,0,2,11,0
0,0,0,0,0,0,0,2,11,0
0,0,0,0,0,0,0,2,11,0
0,0,0,0,0,0,0,2,11,0
0,0,0,0,0,0,0,2,11,0
0,0,0,0,0,0,0,2,11,0
0,0,0,0,0,0,0,2,11,0
0,0,0,0,0,0,0,2,11,0
0,0,0,0,0,0,0,2,11,0
0,0,0,0,0,0,0,2,11,0
0,0,0,0,0,0,0,2,11,0
0,0,0,0,0,0,0,2,11,0
0,0,0,0,0,0,0,2,11,0
0,0,0,0,0,0,0,2,11,0
0,0,0,0,0,0,0,2,11,0
0,0,0,0,0,0,0,2,11,0
0,0,0,0,0,0,0,2,11,0
0,0,0,0,0,0,0,2,11,0
0,0,0,0,0,0,0,2,11,0
0,0,0,0,0,0,0,2,11,0
0,0,0,0,0,0,0,2,11,0
0,0,0,0,0,0,0,2,11,0
0,0,0,0,0,0,0,2,11,0
0,0,0,0,0,0,0,2,11,0
0,0,0,0,0,0,0,2,11,0
0,0,0,0,0,0,0,2,11,0
0,0,0,0,0,0,0,2,11,0
0,0,0,0,0,0,0,2,11,0
0,0,0,0,0,0,0,2,11,0
0,0,0,0,0,0,0,2,11,0
0,0,0,0,0,0,0,2,11,0
7,11,2,128,40,5680,5808,2,11,1
7,11,2,128,40,5680,5808,2,11,1
7,11,2,128,40,5680,5808,2,11,1
7,11,2,128,40,5680,5808,2,11,1
7,11,2,128,40,5680,5808,2,11,1
7,11,2,128,40,5680,5808,2,11,1
29,33,6,384,120,17040,17424,2,11,3
29,33,6,384,120,17040,17424,2,11,3
29,33,6,384,120,17040,17424,2,11,3
29,33,6,384,120,17040,17424,2,11,3
29,33,6,384,120,17040,17424,2,11,3
29,33,6,384,120,17040,17424,2,11,3
7,11,2,128,40,5680,5808,2,11,1
7,11,2,128,40,5680,5808,2,11,1
7,11,2,128,40,5680,5808,2,11,1
7,11,2,128,40,5680,5808,2,11,1
7,11,2,128,40,5680,5808,2,11,1
7,11,2,128,40,5680,5808,2,11,1
14,22,4,256,80,11360,11616,2,11,2
14,22,4,256,80,11360,11616,2,11,2
14,22,4,256,80,11360,11616,2,11,2
14,22,4,256,80,11360,11616,2,11,2
14,22,4,256,80,11360,11616,2,11,2
14,22,4,256,80,11360,11616,2,11,2
36,44,8,512,160,22720,23232,2,11,4
36,44,8,512,160,22720,23232,2,11,4
36,44,8,512,160,22720,23232,2,11,4
36,44,8,512,160,22720,23232,2,11,4
36,44,8,512,160,22720,23232,2,11,4
36,44,8,512,160,22720,23232,2,11,4
0,0,0,0,0,0,0,2,11,0
0,0,0,0,0,0,0,2,11,0
0,0,0,0,0,0,0,2,11,0
0,0,0,0,0,0,0,2,11,0
0,0,0,0,0,0,0,2,11,0
0,0,0,0,0,0,0,2,11,0
0,0,0,0,0,0,0,2,11,0
0,0,0,0,0,0,0,2,11,0
0,0,0,0,0,0,0,2,11,0
0,0,0,0,0,0,0,2,11,0
0,0,0,0,0,0,0,2,11,0
0,0,0,0,0,0,0,2,11,0
14,22,4,256,80,11360,11616,2,11,2
14,22,4,256,80,11360,11616,2,11,2
14,22,4,256,80,11360,11616,2,11,2
14,22,4,256,80,11360,11616,2,11,2
14,22,4,256,80,11360,11616,2,11,2
14,22,4,256,80,11360,11616,2,11,2
14,22,4,256,80,11360,11616,2,11,2
14,22,4,256,80,11360,11616,2,11,2
14,22,4,256,80,11360,11616,2,11,2
14,22,4,256,80,11360,11616,2,11,2
14,22,4,256,80,11360,11616,2,11,2
14,22,4,256,80,11360,11616,2,11,2
43,44,8,512,160,22720,23232,2,11,4
43,44,8,512,160,22720,23232,2,11,4
43,44,8,512,160,22720,23232,2,11,4
43,44,8,512,160,22720,23232,2,11,4
43,44,8,512,160,22720,23232,2,11,4
43,44,8,512,160,22720,23232,2,11,4
7,11,2,128,40,5680,5808,2,11,1
7,11,2,128,40,5680,5808,2,11,1
7,11,2,128,40,5680,5808,2,11,1
7,11,2,128,40,5680,5808,2,11,1
7,11,2,128,40,5680,5808,2,11,1
7,11,2,128,40,5680,5808,2,11,1
0,0,0,0,0,0,0,2,11,0
0,0,0,0,0,0,0,2,11,0
0,0,0,0,0,0,0,2,11,0
0,0,0,0,0,0,0,2,11,0
0,0,0,0,0,0,0,2,11,0
0,0,0,0,0,0,0,2,11,0
0,0,0,0,0,0,0,2,11,0
0,0,0,0,0,0,0,2,11,0
0,0,0,0,0,0,0,2,11,0
0,0,0,0,0,0,0,2,11,0
0,0,0,0,0,0,0,2,11,0
0,0,0,0,0,0,0,2,11,0
14,22,4,256,80,11360,11616,2,11,2
14,22,4,256,80,11360,11616,2,11,2
14,22,4,256,80,11360,11616,2,11,2
14,22,4,256,80,11360,11616,2,11,2
14,22,4,256,80,11360,11616,2,11,2
14,22,4,256,80,11360,11616,2,11,2
14,22,4,256,80,11360,11616,2,11,2
14,22,4,256,80,11360,11616,2,11,2
14,22,4,256,80,11360,11616,2,11,2
14,22,4,256,80,11360,11616,2,11,2
14,22,4,256,80,11360,11616,2,11,2
14,22,4,256,80,11360,11616,2,11,2
21,22,4,256,80,11360,11616,2,11,2
21,22,4,256,80,11360,11616,2,11,2
21,22,4,256,80,11360,11616,2,11,2
21,22,4,256,80,11360,11616,2,11,2
21,22,4,256,80,11360,11616,2,11,2
21,22,4,256,80,11360,11616,2,11,2
21,22,4,256,80,11360,11616,2,11,2
21,22,4,256,80,11360,11616,2,11,2
21,22,4,256,80,11360,11616,2,11,2
21,22,4,256,80,11360,11616,2,11,2
21,22,4,256,80,11360,11616,2,11,2
21,22,4,256,80,11360,11616,2,11,2
0,0,0,0,0,0,0,2,11,0
0,0,0,0,0,0,0,2,11,0
0,0,0,0,0,0,0,2,11,0
0,0,0,0,0,0,0,2,11,0
0,0,0,0,0,0,0,2,11,0
0,0,0,0,0,0,0,2,11,0
14,22,4,256,80,11360,11616,2,11,2
14,22,4,256,80,11360,11616,2,11,2
14,22,4,256,80,11360,11616,2,11,2
14,22,4,256,80,11360,11616,2,11,2
14,22,4,256,80,11360,11616,2,11,2
14,22,4,256,80,11360,11616,2,11,2
14,22,4,256,80,11360,11616,2,11,2
14,22,4,256,80,11360,11616,2,11,2
14,22,4,256,80,11360,11616,2,11,2
14,22,4,256,80,11360,11616,2,11,2
14,22,4,256,80,11360,11616,2,11,2
14,22,4,256,80,11360,11616,2,11,2
0,0,0,0,0,0,0,2,11,0
0,0,0,0,0,0,0,2,11,0
0,0,0,0,0,0,0,2,11,0
0,0,0,0,0,0,0,2,11,0
0,0,0,0,0,0,0,2,11,0
0,0,0,0,0,0,0,2,11,0
0,0,0,0,0,0,0,2,11,0
0,0,0,0,0,0,0,2,11,0
0,0,0,0,0,0,0,2,11,0
0,0,0,0,0,0,0,2,11,0
0,0,0,0,0,0,0,2,11,0
0,0,0,0,0,0,0,2,11,0
0,0,0,0,0,0,0,2,11,0
0,0,0,0,0,0,0,2,11,0
0,0,0,0,0,0,0,2,11,0
0,0,0,0,0,0,0,2,11,0
0,0,0,0,0,0,0,2,11,0
0,0,0,0,0,0,0,2,11,0
0,0,0,0,0,0,0,2,11,0
0,0,0,0,0,0,0,2,11,0
0,0,0,0,0,0,0,2,11,0
0,0,0,0,0,0,0,2,11,0
0,0,0,0,0,0,0,2,11,0
0,0,0,0,0,0,0,2,11,0
7,11,2,128,40,5680,5808,2,11,1
7,11,2,128,40,5680,5808,2,11,1
7,11,2,128,40,5680,5808,2,11,1
7,11,2,128,40,5680,5808,2,11,1
7,11,2,128,40,5680,5808,2,11,1
7,11,2,128,40,5680,5808,2,11,1
160,165,30,1920,600,85200,87120,2,11,15
160,165,30,1920,600,85200,87120,2,11,15
160,165,30,1920,600,85200,87120,2,11,15
160,165,30,1920,600,85200,87120,2,11,15
160,165,30,1920,600,85200,87120,2,11,15
160,165,30,1920,600,85200,87120,2,11,15
0,0,0,0,0,0,0,2,11,0
0,0,0,0,0,0,0,2,11,0
0,0,0,0,0,0,0,2,11,0
0,0,0,0,0,0,0,2,11,0
0,0,0,0,0,0,0,2,11,0
0,0,0,0,0,0,0,2,11,0
0,0,0,0,0,0,0,2,11,0
0,0,0,0,0,0,0,2,11,0
0,0,0,0,0,0,0,2,11,0
0,0,0,0,0,0,0,2,11,0
0,0,0,0,0,0,0,2,11,0
0,0,0,0,0,0,0,2,11,0
0,0,0,0,0,0,0,2,11,0
0,0,0,0,0,0,0,2,11,0
0,0,0,0,0,0,0,2,11,0
0,0,0,0,0,0,0,2,11,0
0,0,0,0,0,0,0,2,11,0
0,0,0,0,0,0,0,2,11,0
0,0,0,0,0,0,0,2,11,0
0,0,0,0,0,0,0,2,11,0
0,0,0,0,0,0,0,2,11,0
0,0,0,0,0,0,0,2,11,0
0,0,0,0,0,0,0,2,11,0
0,0,0,0,0,0,0,2,11,0
29,33,6,384,120,17040,17424,2,11,3
29,33,6,384,120,17040,17424,2,11,3
29,33,6,384,120,17040,17424,2,11,3
29,33,6,384,120,17040,17424,2,11,3
29,33,6,384,120,17040,17424,2,11,3
29,33,6,384,120,17040,17424,2,11,3
0,0,0,0,0,0,0,2,11,0
0,0,0,0,0,0,0,2,11,0
0,0,0,0,0,0,0,2,11,0
0,0,0,0,0,0,0,2,11,0
0,0,0,0,0,0,0,2,11,0
0,0,0,0,0,0,0,2,11,0
0,0,0,0,0,0,0,2,11,0
0,0,0,0,0,0,0,2,11,0
0,0,0,0,0,0,0,2,11,0
0,0,0,0,0,0,0,2,11,0
0,0,0,0,0,0,0,2,11,0
0,0,0,0,0,0,0,2,11,0
0,0,0,0,0,0,0,2,11,0
0,0,0,0,0,0,0,2,11,0
0,0,0,0,0,0,0,2,11,0
0,0,0,0,0,0,0,2,11,0
0,0,0,0,0,0,0,2,11,0
0,0,0,0,0,0,0,2,11,0
0,0,0,0,0,0,0,1,7,0
0,0,0,0,0,0,0,1,7,0
0,0,0,0,0,0,0,1,7,0
0,0,0,0,0,0,0,1,7,0
0,0,0,0,0,0,0,1,7,0
0,0,0,0,0,0,0,1,7,0
0,0,0,0,0,0,0,1,7,0
0,0,0,0,0,0,0,1,7,0
0,0,0,0,0,0,0,1,7,0
0,0,0,0,0,0,0,1,7,0
0,0,0,0,0,0,0,1,7,0
0,0,0,0,0,0,0,1,7,0
0,0,0,0,0,0,0,1,7,0
0,0,0,0,0,0,0,1,7,0
0,0,0,0,0,0,0,1,7,0
0,0,0,0,0,0,0,1,7,0
0,0,0,0,0,0,0,1,7,0
0,0,0,0,0,0,0,1,7,0
0,0,0,0,0,0,0,1,7,0
0,0,0,0,0,0,0,1,7,0
0,0,0,0,0,0,0,1,7,0
0,0,0,0,0,0,0,1,7,0
0,0,0,0,0,0,0,1,7,0
0,0,0,0,0,0,0,1,7,0
51,56,16,1024,320,45440,46464,1,7,8
51,56,16,1024,320,45440,46464,1,7,8
51,56,16,1024,320,45440,46464,1,7,8
51,56,16,1024,320,45440,46464,1,7,8
51,56,16,1024,320,45440,46464,1,7,8
51,56,16,1024,320,45440,46464,1,7,8
51,56,16,1024,320,45440,46464,1,7,8
51,56,16,1024,320,45440,46464,1,7,8
51,56,16,1024,320,45440,46464,1,7,8
51,56,16,1024,320,45440,46464,1,7,8
51,56,16,1024,320,45440,46464,1,7,8
51,56,16,1024,320,45440,46464,1,7,8
51,56,16,1024,320,45440,46464,1,7,8
51,56,16,1024,320,45440,46464,1,7,8
51,56,16,1024,320,45440,46464,1,7,8
51,56,16,1024,320,45440,46464,1,7,8
51,56,16,1024,320,45440,46464,1,7,8
51,56,16,1024,320,45440,46464,1,7,8
43,49,14,896,280,39760,40656,1,7,7
43,49,14,896,280,39760,40656,1,7,7
43,49,14,896,280,39760,40656,1,7,7
43,49,14,896,280,39760,40656,1,7,7
43,49,14,896,280,39760,40656,1,7,7
43,49,14,896,280,39760,40656,1,7,7
51,56,16,1024,320,45440,46464,1,7,8
51,56,16,1024,320,45440,46464,1,7,8
51,56,16,1024,320,45440,46464,1,7,8
51,56,16,1024,320,45440,46464,1,7,8
51,56,16,1024,320,45440,46464,1,7,8
51,56,16,1024,320,45440,46464,1,7,8
0,0,0,0,0,0,0,1,7,0
0,0,0,0,0,0,0,1,7,0
0,0,0,0,0,0,0,1,7,0
0,0,0,0,0,0,0,1,7,0
0,0,0,0,0,0,0,1,7,0
0,0,0,0,0,0,0,1,7,0
0,0,0,0,0,0,0,2,11,0
0,0,0,0,0,0,0,2,11,0
0,0,0,0,0,0,0,2,11,0
0,0,0,0,0,0,0,2,11,0
0,0,0,0,0,0,0,2,11,0
0,0,0,0,0,0,0,2,11,0
0,0,0,0,0,0,0,2,11,0
0,0,0,0,0,0,0,2,11,0
0,0,0,0,0,0,0,2,11,0
0,0,0,0,0,0,0,2,11,0
0,0,0,0,0,0,0,2,11,0
0,0,0,0,0,0,0,2,11,0
7,11,2,128,50,7100,7228,2,11,1
7,11,2,128,50,7100,7228,2,11,1
7,11,2,128,50,7100,7228,2,11,1
7,11,2,128,50,7100,7228,2,11,1
7,11,2,128,50,7100,7228,2,11,1
7,11,2,128,50,7100,7228,2,11,1
0,0,0,0,0,0,0,2,11,0
0,0,0,0,0,0,0,2,11,0
0,0,0,0,0,0,0,2,11,0
0,0,0,0,0,0,0,2,11,0
0,0,0,0,0,0,0,2,11,0
0,0,0,0,0,0,0,2,11,0
0,0,0,0,0,0,0,2,11,0
0,0,0,0,0,0,0,2,11,0
0,0,0,0,0,0,0,2,11,0
0,0,0,0,0,0,0,2,11,0
0,0,0,0,0,0,0,2,11,0
0,0,0,0,0,0,0,2,11,0
0,0,0,0,0,0,0,2,11,0
0,0,0,0,0,0,0,2,11,0
0,0,0,0,0,0,0,2,11,0
0,0,0,0,0,0,0,2,11,0
0,0,0,0,0,0,0,2,11,0
0,0,0,0,0,0,0,2,11,0
0,0,0,0,0,0,0,2,11,0
0,0,0,0,0,0,0,2,11,0
0,0,0,0,0,0,0,2,11,0
0,0,0,0,0,0,0,2,11,0
0,0,0,0,0,0,0,2,11,0
0,0,0,0,0,0,0,2,11,0
0,0,0,0,0,0,0,2,11,0
0,0,0,0,0,0,0,2,11,0
0,0,0,0,0,0,0,2,11,0
0,0,0,0,0,0,0,2,11,0
0,0,0,0,0,0,0,2,11,0
0,0,0,0,0,0,0,2,11,0
14,22,4,256,100,14200,14456,2,11,2
14,22,4,256,100,14200,14456,2,11,2
14,22,4,256,100,14200,14456,2,11,2
14,22,4,256,100,14200,14456,2,11,2
14,22,4,256,100,14200,14456,2,11,2
14,22,4,256,100,14200,14456,2,11,2
7,11,2,128,50,7100,7228,2,11,1
7,11,2,128,50,7100,7228,2,11,1
7,11,2,128,50,7100,7228,2,11,1
7,11,2,128,50,7100,7228,2,11,1
7,11,2,128,50,7100,7228,2,11,1
7,11,2,128,50,7100,7228,2,11,1
0,0,0,0,0,0,0,2,11,0
0,0,0,0,0,0,0,2,11,0
0,0,0,0,0,0,0,2,11,0
0,0,0,0,0,0,0,2,11,0
0,0,0,0,0,0,0,2,11,0
0,0,0,0,0,0,0,2,11,0
7,11,2,128,50,7100,7228,2,11,1
7,11,2,128,50,7100,7228,2,11,1
7,11,2,128,50,7100,7228,2,11,1
7,11,2,128,50,7100,7228,2,11,1
7,11,2,128,50,7100,7228,2,11,1
7,11,2,128,50,7100,7228,2,11,1
7,11,2,128,50,7100,7228,2,11,1
7,11,2,128,50,7100,7228,2,11,1
7,11,2,128,50,7100,7228,2,11,1
7,11,2,128,50,7100,7228,2,11,1
7,11,2,128,50,7100,7228,2,11,1
7,11,2,128,50,7100,7228,2,11,1
73,77,14,896,350,49700,50596,2,11,7
73,77,14,896,350,49700,50596,2,11,7
73,77,14,896,350,49700,50596,2,11,7
73,77,14,896,350,49700,50596,2,11,7
73,77,14,896,350,49700,50596,2,11,7
73,77,14,896,350,49700,50596,2,11,7
29,33,6,384,150,21300,21684,2,11,3
29,33,6,384,150,21300,21684,2,11,3
29,33,6,384,150,21300,21684,2,11,3
29,33,6,384,150,21300,21684,2,11,3
29,33,6,384,150,21300,21684,2,11,3
29,33,6,384,150,21300,21684,2,11,3
0,0,0,0,0,0,0,2,11,0
0,0,0,0,0,0,0,2,11,0
0,0,0,0,0,0,0,2,11,0
0,0,0,0,0,0,0,2,11,0
0,0,0,0,0,0,0,2,11,0
0,0,0,0,0,0,0,2,11,0
43,44,8,512,200,28400,28912,2,11,4
43,44,8,512,200,28400,28912,2,11,4
43,44,8,512,200,28400,28912,2,11,4
43,44,8,512,200,28400,28912,2,11,4
43,44,8,512,200,28400,28912,2,11,4
43,44,8,512,200,28400,28912,2,11,4
0,0,0,0,0,0,0,2,11,0
0,0,0,0,0,0,0,2,11,0
0,0,0,0,0,0,0,2,11,0
0,0,0,0,0,0,0,2,11,0
0,0,0,0,0,0,0,2,11,0
0,0,0,0,0,0,0,2,11,0
0,0,0,0,0,0,0,2,11,0
0,0,0,0,0,0,0,2,11,0
0,0,0,0,0,0,0,2,11,0
0,0,0,0,0,0,0,2,11,0
0,0,0,0,0,0,0,2,11,0
0,0,0,0,0,0,0,2,11,0
0,0,0,0,0,0,0,2,11,0
0,0,0,0,0,0,0,2,11,0
0,0,0,0,0,0,0,2,11,0
0,0,0,0,0,0,0,2,11,0
0,0,0,0,0,0,0,2,11,0
0,0,0,0,0,0,0,2,11,0
0,0,0,0,0,0,0,2,11,0
0,0,0,0,0,0,0,2,11,0
0,0,0,0,0,0,0,2,11,0
0,0,0,0,0,0,0,2,11,0
0,0,0,0,0,0,0,2,11,0
0,0,0,0,0,0,0,2,11,0
0,0,0,0,0,0,0,2,11,0
0,0,0,0,0,0,0,2,11,0
0,0,0,0,0,0,0,2,11,0
0,0,0,0,0,0,0,2,11,0
0,0,0,0,0,0,0,2,11,0
0,0,0,0,0,0,0,2,11,0
7,11,2,128,50,7100,7228,2,11,1
7,11,2,128,50,7100,7228,2,11,1
7,11,2,128,50,7100,7228,2,11,1
7,11,2,128,50,7100,7228,2,11,1
7,11,2,128,50,7100,7228,2,11,1
7,11,2,128,50,7100,7228,2,11,1
0,0,0,0,0,0,0,2,11,0
0,0,0,0,0,0,0,2,11,0
0,0,0,0,0,0,0,2,11,0
0,0,0,0,0,0,0,2,11,0
0,0,0,0,0,0,0,2,11,0
0,0,0,0,0,0,0,2,11,0
0,0,0,0,0,0,0,2,11,0
0,0,0,0,0,0,0,2,11,0
0,0,0,0,0,0,0,2,11,0
0,0,0,0,0,0,0,2,11,0
0,0,0,0,0,0,0,2,11,0
0,0,0,0,0,0,0,2,11,0
29,33,6,384,150,21300,21684,2,11,3
29,33,6,384,150,21300,21684,2,11,3
29,33,6,384,150,21300,21684,2,11,3
29,33,6,384,150,21300,21684,2,11,3
29,33,6,384,150,21300,21684,2,11,3
29,33,6,384,150,21300,21684,2,11,3
14,22,4,256,100,14200,14456,2,11,2
14,22,4,256,100,14200,14456,2,11,2
14,22,4,256,100,14200,14456,2,11,2
14,22,4,256,100,14200,14456,2,11,2
14,22,4,256,100,14200,14456,2,11,2
14,22,4,256,100,14200,14456,2,11,2
0,0,0,0,0,0,0,2,11,0
0,0,0,0,0,0,0,2,11,0
0,0,0,0,0,0,0,2,11,0
0,0,0,0,0,0,0,2,11,0
0,0,0,0,0,0,0,2,11,0
0,0,0,0,0,0,0,2,11,0
0,0,0,0,0,0,0,2,11,0
0,0,0,0,0,0,0,2,11,0
0,0,0,0,0,0,0,2,11,0
0,0,0,0,0,0,0,2,11,0
0,0,0,0,0,0,0,2,11,0
0,0,0,0,0,0,0,2,11,0
36,44,8,512,200,28400,28912,2,11,4
36,44,8,512,200,28400,28912,2,11,4
36,44,8,512,200,28400,28912,2,11,4
36,44,8,512,200,28400,28912,2,11,4
36,44,8,512,200,28400,28912,2,11,4
36,44,8,512,200,28400,28912,2,11,4
0,0,0,0,0,0,0,2,11,0
0,0,0,0,0,0,0,2,11,0
0,0,0,0,0,0,0,2,11,0
0,0,0,0,0,0,0,2,11,0
0,0,0,0,0,0,0,2,11,0
0,0,0,0,0,0,0,2,11,0
0,0,0,0,0,0,0,2,11,0
0,0,0,0,0,0,0,2,11,0
0,0,0,0,0,0,0,2,11,0
0,0,0,0,0,0,0,2,11,0
0,0,0,0,0,0,0,2,11,0
0,0,0,0,0,0,0,2,11,0
0,0,0,0,0,0,0,2,11,0
0,0,0,0,0,0,0,2,11,0
0,0,0,0,0,0,0,2,11,0
0,0,0,0,0,0,0,2,11,0
0,0,0,0,0,0,0,2,11,0
0,0,0,0,0,0,0,2,11,0
0,0,0,0,0,0,0,2,11,0
0,0,0,0,0,0,0,2,11,0
0,0,0,0,0,0,0,2,11,0
0,0,0,0,0,0,0,2,11,0
0,0,0,0,0,0,0,2,11,0
0,0,0,0,0,0,0,2,11,0
0,0,0,0,0,0,0,2,11,0
0,0,0,0,0,0,0,2,11,0
0,0,0,0,0,0,0,2,11,0
0,0,0,0,0,0,0,2,11,0
0,0,0,0,0,0,0,2,11,0
0,0,0,0,0,0,0,2,11,0
7,11,2,128,50,7100,7228,2,11,1
7,11,2,128,50,7100,7228,2,11,1
7,11,2,128,50,7100,7228,2,11,1
7,11,2,128,50,7100,7228,2,11,1
7,11,2,128,50,7100,7228,2,11,1
7,11,2,128,50,7100,7228,2,11,1
0,0,0,0,0,0,0,2,11,0
0,0,0,0,0,0,0,2,11,0
0,0,0,0,0,0,0,2,11,0
0,0,0,0,0,0,0,2,11,0
0,0,0,0,0,0,0,2,11,0
0,0,0,0,0,0,0,2,11,0
0,0,0,0,0,0,0,2,11,0
0,0,0,0,0,0,0,2,11,0
0,0,0,0,0,0,0,2,11,0
0,0,0,0,0,0,0,2,11,0
0,0,0,0,0,0,0,2,11,0
0,0,0,0,0,0,0,2,11,0
0,0,0,0,0,0,0,2,11,0
0,0,0,0,0,0,0,2,11,0
0,0,0,0,0,0,0,2,11,0
0,0,0,0,0,0,0,2,11,0
0,0,0,0,0,0,0,2,11,0
0,0,0,0,0,0,0,2,11,0
21,22,4,256,100,14200,14456,2,11,2
21,22,4,256,100,14200,14456,2,11,2
21,22,4,256,100,14200,14456,2,11,2
21,22,4,256,100,14200,14456,2,11,2
21,22,4,256,100,14200,14456,2,11,2
21,22,4,256,100,14200,14456,2,11,2
0,0,0,0,0,0,0,2,11,0
0,0,0,0,0,0,0,2,11,0
0,0,0,0,0,0,0,2,11,0
0,0,0,0,0,0,0,2,11,0
0,0,0,0,0,0,0,2,11,0
0,0,0,0,0,0,0,2,11,0
73,77,14,896,350,49700,50596,2,11,7
73,77,14,896,350,49700,50596,2,11,7
73,77,14,896,350,49700,50596,2,11,7
73,77,14,896,350,49700,50596,2,11,7
73,77,14,896,350,49700,50596,2,11,7
73,77,14,896,350,49700,50596,2,11,7
65,66,12,768,300,42600,43368,2,11,6
65,66,12,768,300,42600,43368,2,11,6
65,66,12,768,300,42600,43368,2,11,6
65,66,12,768,300,42600,43368,2,11,6
65,66,12,768,300,42600,43368,2,11,6
65,66,12,768,300,42600,43368,2,11,6
7,11,2,128,50,7100,7228,2,11,1
7,11,2,128,50,7100,7228,2,11,1
7,11,2,128,50,7100,7228,2,11,1
7,11,2,128,50,7100,7228,2,11,1
7,11,2,128,50,7100,7228,2,11,1
7,11,2,128,50,7100,7228,2,11,1
80,88,16,1024,400,56800,57824,2,11,8
80,88,16,1024,400,56800,57824,2,11,8
80,88,16,1024,400,56800,57824,2,11,8
80,88,16,1024,400,56800,57824,2,11,8
80,88,16,1024,400,56800,57824,2,11,8
80,88,16,1024,400,56800,57824,2,11,8
14,22,4,256,100,14200,14456,2,11,2
14,22,4,256,100,14200,14456,2,11,2
14,22,4,256,100,14200,14456,2,11,2
14,22,4,256,100,14200,14456,2,11,2
14,22,4,256,100,14200,14456,2,11,2
14,22,4,256,100,14200,14456,2,11,2
0,0,0,0,0,0,0,2,11,0
0,0,0,0,0,0,0,2,11,0
0,0,0,0,0,0,0,2,11,0
0,0,0,0,0,0,0,2,11,0
0,0,0,0,0,0,0,2,11,0
0,0,0,0,0,0,0,2,11,0
7,11,2,128,50,7100,7228,2,11,1
7,11,2,128,50,7100,7228,2,11,1
7,11,2,128,50,7100,7228,2,11,1
7,11,2,128,50,7100,7228,2,11,1
7,11,2,128,50,7100,7228,2,11,1
7,11,2,128,50,7100,7228,2,11,1
0,0,0,0,0,0,0,2,11,0
0,0,0,0,0,0,0,2,11,0
0,0,0,0,0,0,0,2,11,0
0,0,0,0,0,0,0,2,11,0
0,0,0,0,0,0,0,2,11,0
0,0,0,0,0,0,0,2,11,0
0,0,0,0,0,0,0,2,11,0
0,0,0,0,0,0,0,2,11,0
0,0,0,0,0,0,0,2,11,0
0,0,0,0,0,0,0,2,11,0
0,0,0,0,0,0,0,2,11,0
0,0,0,0,0,0,0,2,11,0
0,0,0,0,0,0,0,2,11,0
0,0,0,0,0,0,0,2,11,0
0,0,0,0,0,0,0,2,11,0
0,0,0,0,0,0,0,2,11,0
0,0,0,0,0,0,0,2,11,0
0,0,0,0,0,0,0,2,11,0
0,0,0,0,0,0,0,2,11,0
0,0,0,0,0,0,0,2,11,0
0,0,0,0,0,0,0,2,11,0
0,0,0,0,0,0,0,2,11,0
0,0,0,0,0,0,0,2,11,0
0,0,0,0,0,0,0,2,11,0
0,0,0,0,0,0,0,2,11,0
0,0,0,0,0,0,0,2,11,0
0,0,0,0,0,0,0,2,11,0
0,0,0,0,0,0,0,2,11,0
0,0,0,0,0,0,0,2,11,0
0,0,0,0,0,0,0,2,11,0
0,0,0,0,0,0,0,2,11,0
0,0,0,0,0,0,0,2,11,0
0,0,0,0,0,0,0,2,11,0
0,0,0,0,0,0,0,2,11,0
0,0,0,0,0,0,0,2,11,0
0,0,0,0,0,0,0,2,11,0
0,0,0,0,0,0,0,2,11,0
0,0,0,0,0,0,0,2,11,0
0,0,0,0,0,0,0,2,11,0
0,0,0,0,0,0,0,2,11,0
0,0,0,0,0,0,0,2,11,0
0,0,0,0,0,0,0,2,11,0
14,22,4,256,100,14200,14456,2,11,2
14,22,4,256,100,14200,14456,2,11,2
14,22,4,256,100,14200,14456,2,11,2
14,22,4,256,100,14200,14456,2,11,2
14,22,4,256,100,14200,14456,2,11,2
14,22,4,256,100,14200,14456,2,11,2
58,66,12,768,300,42600,43368,2,11,6
58,66,12,768,300,42600,43368,2,11,6
58,66,12,768,300,42600,43368,2,11,6
58,66,12,768,300,42600,43368,2,11,6
58,66,12,768,300,42600,43368,2,11,6
58,66,12,768,300,42600,43368,2,11,6
7,11,2,128,50,7100,7228,2,11,1
7,11,2,128,50,7100,7228,2,11,1
7,11,2,128,50,7100,7228,2,11,1
7,11,2,128,50,7100,7228,2,11,1
7,11,2,128,50,7100,7228,2,11,1
7,11,2,128,50,7100,7228,2,11,1
58,66,12,768,300,42600,43368,2,11,6
58,66,12,768,300,42600,43368,2,11,6
58,66,12,768,300,42600,43368,2,11,6
58,66,12,768,300,42600,43368,2,11,6
58,66,12,768,300,42600,43368,2,11,6
58,66,12,768,300,42600,43368,2,11,6
43,44,8,512,200,28400,28912,2,11,4
43,44,8,512,200,28400,28912,2,11,4
43,44,8,512,200,28400,28912,2,11,4
43,44,8,512,200,28400,28912,2,11,4
43,44,8,512,200,28400,28912,2,11,4
43,44,8,512,200,28400,28912,2,11,4
29,33,6,384,150,21300,21684,2,11,3
29,33,6,384,150,21300,21684,2,11,3
29,33,6,384,150,21300,21684,2,11,3
29,33,6,384,150,21300,21684,2,11,3
29,33,6,384,150,21300,21684,2,11,3
29,33,6,384,150,21300,21684,2,11,3
0,0,0,0,0,0,0,2,11,0
0,0,0,0,0,0,0,2,11,0
0,0,0,0,0,0,0,2,11,0
0,0,0,0,0,0,0,2,11,0
0,0,0,0,0,0,0,2,11,0
0,0,0,0,0,0,0,2,11,0
14,22,4,256,100,14200,14456,2,11,2
14,22,4,256,100,14200,14456,2,11,2
14,22,4,256,100,14200,14456,2,11,2
14,22,4,256,100,14200,14456,2,11,2
14,22,4,256,100,14200,14456,2,11,2
14,22,4,256,100,14200,14456,2,11,2
0,0,0,0,0,0,0,2,11,0
0,0,0,0,0,0,0,2,11,0
0,0,0,0,0,0,0,2,11,0
0,0,0,0,0,0,0,2,11,0
0,0,0,0,0,0,0,2,11,0
0,0,0,0,0,0,0,2,11,0
0,0,0,0,0,0,0,2,11,0
0,0,0,0,0,0,0,2,11,0
0,0,0,0,0,0,0,2,11,0
0,0,0,0,0,0,0,2,11,0
0,0,0,0,0,0,0,2,11,0
0,0,0,0,0,0,0,2,11,0
0,0,0,0,0,0,0,2,11,0
0,0,0,0,0,0,0,2,11,0
0,0,0,0,0,0,0,2,11,0
0,0,0,0,0,0,0,2,11,0
0,0,0,0,0,0,0,2,11,0
0,0,0,0,0,0,0,2,11,0
36,44,8,512,200,28400,28912,2,11,4
36,44,8,512,200,28400,28912,2,11,4
36,44,8,512,200,28400,28912,2,11,4
36,44,8,512,200,28400,28912,2,11,4
36,44,8,512,200,28400,28912,2,11,4
36,44,8,512,200,28400,28912,2,11,4
65,66,12,768,300,42600,43368,2,11,6
65,66,12,768,300,42600,43368,2,11,6
65,66,12,768,300,42600,43368,2,11,6
65,66,12,768,300,42600,43368,2,11,6
65,66,12,768,300,42600,43368,2,11,6
65,66,12,768,300,42600,43368,2,11,6
14,22,4,256,100,14200,14456,2,11,2
14,22,4,256,100,14200,14456,2,11,2
14,22,4,256,100,14200,14456,2,11,2
14,22,4,256,100,14200,14456,2,11,2
14,22,4,256,100,14200,14456,2,11,2
14,22,4,256,100,14200,14456,2,11,2
0,0,0,0,0,0,0,2,11,0
0,0,0,0,0,0,0,2,11,0
0,0,0,0,0,0,0,2,11,0
0,0,0,0,0,0,0,2,11,0
0,0,0,0,0,0,0,2,11,0
0,0,0,0,0,0,0,2,11,0
0,0,0,0,0,0,0,2,11,0
0,0,0,0,0,0,0,2,11,0
0,0,0,0,0,0,0,2,11,0
0,0,0,0,0,0,0,2,11,0
0,0,0,0,0,0,0,2,11,0
0,0,0,0,0,0,0,2,11,0
0,0,0,0,0,0,0,2,11,0
0,0,0,0,0,0,0,2,11,0
0,0,0,0,0,0,0,2,11,0
0,0,0,0,0,0,0,2,11,0
0,0,0,0,0,0,0,2,11,0
0,0,0,0,0,0,0,2,11,0
0,0,0,0,0,0,0,2,11,0
0,0,0,0,0,0,0,2,11,0
0,0,0,0,0,0,0,2,11,0
0,0,0,0,0,0,0,2,11,0
0,0,0,0,0,0,0,2,11,0
0,0,0,0,0,0,0,2,11,0
0,0,0,0,0,0,0,2,11,0
0,0,0,0,0,0,0,2,11,0
0,0,0,0,0,0,0,2,11,0
0,0,0,0,0,0,0,2,11,0
0,0,0,0,0,0,0,2,11,0
0,0,0,0,0,0,0,2,11,0
0,0,0,0,0,0,0,2,11,0
0,0,0,0,0,0,0,2,11,0
0,0,0,0,0,0,0,2,11,0
0,0,0,0,0,0,0,2,11,0
0,0,0,0,0,0,0,2,11,0
0,0,0,0,0,0,0,2,11,0
43,44,8,512,200,28400,28912,2,11,4
43,44,8,512,200,28400,28912,2,11,4
43,44,8,512,200,28400,28912,2,11,4
43,44,8,512,200,28400,28912,2,11,4
43,44,8,512,200,28400,28912,2,11,4
43,44,8,512,200,28400,28912,2,11,4
14,22,4,256,100,14200,14456,2,11,2
14,22,4,256,100,14200,14456,2,11,2
14,22,4,256,100,14200,14456,2,11,2
14,22,4,256,100,14200,14456,2,11,2
14,22,4,256,100,14200,14456,2,11,2
14,22,4,256,100,14200,14456,2,11,2
0,0,0,0,0,0,0,2,11,0
0,0,0,0,0,0,0,2,11,0
0,0,0,0,0,0,0,2,11,0
0,0,0,0,0,0,0,2,11,0
0,0,0,0,0,0,0,2,11,0
0,0,0,0,0,0,0,2,11,0
14,22,4,256,100,14200,14456,2,11,2
14,22,4,256,100,14200,14456,2,11,2
14,22,4,256,100,14200,14456,2,11,2
14,22,4,256,100,14200,14456,2,11,2
14,22,4,256,100,14200,14456,2,11,2
14,22,4,256,100,14200,14456,2,11,2
0,0,0,0,0,0,0,2,11,0
0,0,0,0,0,0,0,2,11,0
0,0,0,0,0,0,0,2,11,0
0,0,0,0,0,0,0,2,11,0
0,0,0,0,0,0,0,2,11,0
0,0,0,0,0,0,0,2,11,0
14,22,4,256,100,14200,14456,2,11,2
14,22,4,256,100,14200,14456,2,11,2
14,22,4,256,100,14200,14456,2,11,2
14,22,4,256,100,14200,14456,2,11,2
14,22,4,256,100,14200,14456,2,11,2
14,22,4,256,100,14200,14456,2,11,2
0,0,0,0,0,0,0,2,11,0
0,0,0,0,0,0,0,2,11,0
0,0,0,0,0,0,0,2,11,0
0,0,0,0,0,0,0,2,11,0
0,0,0,0,0,0,0,2,11,0
0,0,0,0,0,0,0,2,11,0
7,11,2,128,50,7100,7228,2,11,1
7,11,2,128,50,7100,7228,2,11,1
7,11,2,128,50,7100,7228,2,11,1
7,11,2,128,50,7100,7228,2,11,1
7,11,2,128,50,7100,7228,2,11,1
7,11,2,128,50,7100,7228,2,11,1
14,22,4,256,100,14200,14456,2,11,2
14,22,4,256,100,14200,14456,2,11,2
14,22,4,256,100,14200,14456,2,11,2
14,22,4,256,100,14200,14456,2,11,2
14,22,4,256,100,14200,14456,2,11,2
14,22,4,256,100,14200,14456,2,11,2
0,0,0,0,0,0,0,2,11,0
0,0,0,0,0,0,0,2,11,0
0,0,0,0,0,0,0,2,11,0
0,0,0,0,0,0,0,2,11,0
0,0,0,0,0,0,0,2,11,0
0,0,0,0,0,0,0,2,11,0
0,0,0,0,0,0,0,2,11,0
0,0,0,0,0,0,0,2,11,0
0,0,0,0,0,0,0,2,11,0
0,0,0,0,0,0,0,2,11,0
0,0,0,0,0,0,0,2,11,0
0,0,0,0,0,0,0,2,11,0
0,0,0,0,0,0,0,2,11,0
0,0,0,0,0,0,0,2,11,0
0,0,0,0,0,0,0,2,11,0
0,0,0,0,0,0,0,2,11,0
0,0,0,0,0,0,0,2,11,0
0,0,0,0,0,0,0,2,11,0
0,0,0,0,0,0,0,2,11,0
0,0,0,0,0,0,0,2,11,0
0,0,0,0,0,0,0,2,11,0
0,0,0,0,0,0,0,2,11,0
0,0,0,0,0,0,0,2,11,0
0,0,0,0,0,0,0,2,11,0
0,0,0,0,0,0,0,2,11,0
0,0,0,0,0,0,0,2,11,0
0,0,0,0,0,0,0,2,11,0
0,0,0,0,0,0,0,2,11,0
0,0,0,0,0,0,0,2,11,0
0,0,0,0,0,0,0,2,11,0
0,0,0,0,0,0,0,2,11,0
0,0,0,0,0,0,0,2,11,0
0,0,0,0,0,0,0,2,11,0
0,0,0,0,0,0,0,2,11,0
0,0,0,0,0,0,0,2,11,0
0,0,0,0,0,0,0,2,11,0
0,0,0,0,0,0,0,2,11,0
0,0,0,0,0,0,0,2,11,0
0,0,0,0,0,0,0,2,11,0
0,0,0,0,0,0,0,2,11,0
0,0,0,0,0,0,0,2,11,0
0,0,0,0,0,0,0,2,11,0
58,66,12,768,300,42600,43368,2,11,6
58,66,12,768,300,42600,43368,2,11,6
58,66,12,768,300,42600,43368,2,11,6
58,66,12,768,300,42600,43368,2,11,6
58,66,12,768,300,42600,43368,2,11,6
58,66,12,768,300,42600,43368,2,11,6
58,66,12,768,300,42600,43368,2,11,6
58,66,12,768,300,42600,43368,2,11,6
58,66,12,768,300,42600,43368,2,11,6
58,66,12,768,300,42600,43368,2,11,6
58,66,12,768,300,42600,43368,2,11,6
58,66,12,768,300,42600,43368,2,11,6
7,11,2,128,50,7100,7228,2,11,1
7,11,2,128,50,7100,7228,2,11,1
7,11,2,128,50,7100,7228,2,11,1
7,11,2,128,50,7100,7228,2,11,1
7,11,2,128,50,7100,7228,2,11,1
7,11,2,128,50,7100,7228,2,11,1
14,22,4,256,100,14200,14456,2,11,2
14,22,4,256,100,14200,14456,2,11,2
14,22,4,256,100,14200,14456,2,11,2
14,22,4,256,100,14200,14456,2,11,2
14,22,4,256,100,14200,14456,2,11,2
14,22,4,256,100,14200,14456,2,11,2
36,44,8,512,200,28400,28912,2,11,4
36,44,8,512,200,28400,28912,2,11,4
36,44,8,512,200,28400,28912,2,11,4
36,44,8,512,200,28400,28912,2,11,4
36,44,8,512,200,28400,28912,2,11,4
36,44,8,512,200,28400,28912,2,11,4
102,110,20,1280,500,71000,72280,2,11,10
102,110,20,1280,500,71000,72280,2,11,10
102,110,20,1280,500,71000,72280,2,11,10
102,110,20,1280,500,71000,72280,2,11,10
102,110,20,1280,500,71000,72280,2,11,10
102,110,20,1280,500,71000,72280,2,11,10
109,110,20,1280,500,71000,72280,2,11,10
109,110,20,1280,500,71000,72280,2,11,10
109,110,20,1280,500,71000,72280,2,11,10
109,110,20,1280,500,71000,72280,2,11,10
109,110,20,1280,500,71000,72280,2,11,10
109,110,20,1280,500,71000,72280,2,11,10
36,44,8,512,200,28400,28912,2,11,4
36,44,8,512,200,28400,28912,2,11,4
36,44,8,512,200,28400,28912,2,11,4
36,44,8,512,200,28400,28912,2,11,4
36,44,8,512,200,28400,28912,2,11,4
36,44,8,512,200,28400,28912,2,11,4
168,176,32,2048,800,113600,115648,2,11,16
168,176,32,2048,800,113600,115648,2,11,16
168,176,32,2048,800,113600,115648,2,11,16
168,176,32,2048,800,113600,115648,2,11,16
168,176,32,2048,800,113600,115648,2,11,16
168,176,32,2048,800,113600,115648,2,11,16
102,110,20,1280,400,56800,58080,2,11,10
102,110,20,1280,400,56800,58080,2,11,10
102,110,20,1280,400,56800,58080,2,11,10
102,110,20,1280,400,56800,58080,2,11,10
102,110,20,1280,400,56800,58080,2,11,10
102,110,20,1280,400,56800,58080,2,11,10
51,55,10,640,200,28400,29040,2,11,5
51,55,10,640,200,28400,29040,2,11,5
51,55,10,640,200,28400,29040,2,11,5
51,55,10,640,200,28400,29040,2,11,5
51,55,10,640,200,28400,29040,2,11,5
51,55,10,640,200,28400,29040,2,11,5
7,11,2,128,40,5680,5808,2,11,1
7,11,2,128,40,5680,5808,2,11,1
7,11,2,128,40,5680,5808,2,11,1
7,11,2,128,40,5680,5808,2,11,1
7,11,2,128,40,5680,5808,2,11,1
7,11,2,128,40,5680,5808,2,11,1
51,55,10,640,200,28400,29040,2,11,5
51,55,10,640,200,28400,29040,2,11,5
51,55,10,640,200,28400,29040,2,11,5
51,55,10,640,200,28400,29040,2,11,5
51,55,10,640,200,28400,29040,2,11,5
51,55,10,640,200,28400,29040,2,11,5
0,0,0,0,0,0,0,2,11,0
0,0,0,0,0,0,0,2,11,0
0,0,0,0,0,0,0,2,11,0
0,0,0,0,0,0,0,2,11,0
0,0,0,0,0,0,0,2,11,0
0,0,0,0,0,0,0,2,11,0
29,33,6,384,120,17040,17424,2,11,3
29,33,6,384,120,17040,17424,2,11,3
29,33,6,384,120,17040,17424,2,11,3
29,33,6,384,120,17040,17424,2,11,3
29,33,6,384,120,17040,17424,2,11,3
29,33,6,384,120,17040,17424,2,11,3
175,176,32,2048,640,90880,92928,2,11,16
175,176,32,2048,640,90880,92928,2,11,16
175,176,32,2048,640,90880,92928,2,11,16
175,176,32,2048,640,90880,92928,2,11,16
175,176,32,2048,640,90880,92928,2,11,16
175,176,32,2048,640,90880,92928,2,11,16
0,0,0,0,0,0,0,2,11,0
0,0,0,0,0,0,0,2,11,0
0,0,0,0,0,0,0,2,11,0
0,0,0,0,0,0,0,2,11,0
0,0,0,0,0,0,0,2,11,0
0,0,0,0,0,0,0,2,11,0
0,0,0,0,0,0,0,2,11,0
0,0,0,0,0,0,0,2,11,0
0,0,0,0,0,0,0,2,11,0
0,0,0,0,0,0,0,2,11,0
0,0,0,0,0,0,0,2,11,0
0,0,0,0,0,0,0,2,11,0
0,0,0,0,0,0,0,2,11,0
0,0,0,0,0,0,0,2,11,0
0,0,0,0,0,0,0,2,11,0
0,0,0,0,0,0,0,2,11,0
0,0,0,0,0,0,0,2,11,0
0,0,0,0,0,0,0,2,11,0
0,0,0,0,0,0,0,2,11,0
0,0,0,0,0,0,0,2,11,0
0,0,0,0,0,0,0,2,11,0
0,0,0,0,0,0,0,2,11,0
0,0,0,0,0,0,0,2,11,0
0,0,0,0,0,0,0,2,11,0
0,0,0,0,0,0,0,2,11,0
0,0,0,0,0,0,0,2,11,0
0,0,0,0,0,0,0,2,11,0
0,0,0,0,0,0,0,2,11,0
0,0,0,0,0,0,0,2,11,0
0,0,0,0,0,0,0,2,11,0
0,0,0,0,0,0,0,2,11,0
0,0,0,0,0,0,0,2,11,0
0,0,0,0,0,0,0,2,11,0
0,0,0,0,0,0,0,2,11,0
0,0,0,0,0,0,0,2,11,0
0,0,0,0,0,0,0,2,11,0
0,0,0,0,0,0,0,2,11,0
0,0,0,0,0,0,0,2,11,0
0,0,0,0,0,0,0,2,11,0
0,0,0,0,0,0,0,2,11,0
0,0,0,0,0,0,0,2,11,0
0,0,0,0,0,0,0,2,11,0
0,0,0,0,0,0,0,2,11,0
0,0,0,0,0,0,0,2,11,0
0,0,0,0,0,0,0,2,11,0
0,0,0,0,0,0,0,2,11,0
0,0,0,0,0,0,0,2,11,0
0,0,0,0,0,0,0,2,11,0
0,0,0,0,0,0,0,2,11,0
0,0,0,0,0,0,0,2,11,0
0,0,0,0,0,0,0,2,11,0
0,0,0,0,0,0,0,2,11,0
0,0,0,0,0,0,0,2,11,0
0,0,0,0,0,0,0,2,11,0
65,66,12,768,240,34080,34848,2,11,6
65,66,12,768,240,34080,34848,2,11,6
65,66,12,768,240,34080,34848,2,11,6
65,66,12,768,240,34080,34848,2,11,6
65,66,12,768,240,34080,34848,2,11,6
65,66,12,768,240,34080,34848,2,11,6
0,0,0,0,0,0,0,2,11,0
0,0,0,0,0,0,0,2,11,0
0,0,0,0,0,0,0,2,11,0
0,0,0,0,0,0,0,2,11,0
0,0,0,0,0,0,0,2,11,0
0,0,0,0,0,0,0,2,11,0
0,0,0,0,0,0,0,2,11,0
0,0,0,0,0,0,0,2,11,0
0,0,0,0,0,0,0,2,11,0
0,0,0,0,0,0,0,2,11,0
0,0,0,0,0,0,0,2,11,0
0,0,0,0,0,0,0,2,11,0
0,0,0,0,0,0,0,2,11,0
0,0,0,0,0,0,0,2,11,0
0,0,0,0,0,0,0,2,11,0
0,0,0,0,0,0,0,2,11,0
0,0,0,0,0,0,0,2,11,0
0,0,0,0,0,0,0,2,11,0
7,11,2,128,40,5680,5808,2,11,1
7,11,2,128,40,5680,5808,2,11,1
7,11,2,128,40,5680,5808,2,11,1
7,11,2,128,40,5680,5808,2,11,1
7,11,2,128,40,5680,5808,2,11,1
7,11,2,128,40,5680,5808,2,11,1
0,0,0,0,0,0,0,2,11,0
0,0,0,0,0,0,0,2,11,0
0,0,0,0,0,0,0,2,11,0
0,0,0,0,0,0,0,2,11,0
0,0,0,0,0,0,0,2,11,0
0,0,0,0,0,0,0,2,11,0
14,22,4,256,80,11360,11616,2,11,2
14,22,4,256,80,11360,11616,2,11,2
14,22,4,256,80,11360,11616,2,11,2
14,22,4,256,80,11360,11616,2,11,2
14,22,4,256,80,11360,11616,2,11,2
14,22,4,256,80,11360,11616,2,11,2
0,0,0,0,0,0,0,2,11,0
0,0,0,0,0,0,0,2,11,0
0,0,0,0,0,0,0,2,11,0
0,0,0,0,0,0,0,2,11,0
0,0,0,0,0,0,0,2,11,0
0,0,0,0,0,0,0,2,11,0
14,22,4,256,80,11360,11616,2,11,2
14,22,4,256,80,11360,11616,2,11,2
14,22,4,256,80,11360,11616,2,11,2
14,22,4,256,80,11360,11616,2,11,2
14,22,4,256,80,11360,11616,2,11,2
14,22,4,256,80,11360,11616,2,11,2
0,0,0,0,0,0,0,2,11,0
0,0,0,0,0,0,0,2,11,0
0,0,0,0,0,0,0,2,11,0
0,0,0,0,0,0,0,2,11,0
0,0,0,0,0,0,0,2,11,0
0,0,0,0,0,0,0,2,11,0
0,0,0,0,0,0,0,2,11,0
0,0,0,0,0,0,0,2,11,0
0,0,0,0,0,0,0,2,11,0
0,0,0,0,0,0,0,2,11,0
0,0,0,0,0,0,0,2,11,0
0,0,0,0,0,0,0,2,11,0
0,0,0,0,0,0,0,2,11,0
0,0,0,0,0,0,0,2,11,0
0,0,0,0,0,0,0,2,11,0
0,0,0,0,0,0,0,2,11,0
0,0,0,0,0,0,0,2,11,0
0,0,0,0,0,0,0,2,11,0
256,264,48,3072,960,136320,139392,2,11,24
256,264,48,3072,960,136320,139392,2,11,24
256,264,48,3072,960,136320,139392,2,11,24
256,264,48,3072,960,136320,139392,2,11,24
256,264,48,3072,960,136320,139392,2,11,24
256,264,48,3072,960,136320,139392,2,11,24
0,0,0,0,0,0,0,2,11,0
0,0,0,0,0,0,0,2,11,0
0,0,0,0,0,0,0,2,11,0
0,0,0,0,0,0,0,2,11,0
0,0,0,0,0,0,0,2,11,0
0,0,0,0,0,0,0,2,11,0
14,22,4,256,80,11360,11616,2,11,2
14,22,4,256,80,11360,11616,2,11,2
14,22,4,256,80,11360,11616,2,11,2
14,22,4,256,80,11360,11616,2,11,2
14,22,4,256,80,11360,11616,2,11,2
14,22,4,256,80,11360,11616,2,11,2
14,22,4,256,80,11360,11616,2,11,2
14,22,4,256,80,11360,11616,2,11,2
14,22,4,256,80,11360,11616,2,11,2
14,22,4,256,80,11360,11616,2,11,2
14,22,4,256,80,11360,11616,2,11,2
14,22,4,256,80,11360,11616,2,11,2
7,11,2,128,40,5680,5808,2,11,1
7,11,2,128,40,5680,5808,2,11,1
7,11,2,128,40,5680,5808,2,11,1
7,11,2,128,40,5680,5808,2,11,1
7,11,2,128,40,5680,5808,2,11,1
7,11,2,128,40,5680,5808,2,11,1
117,121,22,1408,440,62480,63888,2,11,11
117,121,22,1408,440,62480,63888,2,11,11
117,121,22,1408,440,62480,63888,2,11,11
117,121,22,1408,440,62480,63888,2,11,11
117,121,22,1408,440,62480,63888,2,11,11
117,121,22,1408,440,62480,63888,2,11,11
0,0,0,0,0,0,0,2,11,0
0,0,0,0,0,0,0,2,11,0
0,0,0,0,0,0,0,2,11,0
0,0,0,0,0,0,0,2,11,0
0,0,0,0,0,0,0,2,11,0
0,0,0,0,0,0,0,2,11,0
51,55,10,640,200,28400,29040,2,11,5
51,55,10,640,200,28400,29040,2,11,5
51,55,10,640,200,28400,29040,2,11,5
51,55,10,640,200,28400,29040,2,11,5
51,55,10,640,200,28400,29040,2,11,5
51,55,10,640,200,28400,29040,2,11,5
29,33,6,384,120,17040,17424,2,11,3
29,33,6,384,120,17040,17424,2,11,3
29,33,6,384,120,17040,17424,2,11,3
29,33,6,384,120,17040,17424,2,11,3
29,33,6,384,120,17040,17424,2,11,3
29,33,6,384,120,17040,17424,2,11,3
7,11,2,128,40,5680,5808,2,11,1
7,11,2,128,40,5680,5808,2,11,1
7,11,2,128,40,5680,5808,2,11,1
7,11,2,128,40,5680,5808,2,11,1
7,11,2,128,40,5680,5808,2,11,1
7,11,2,128,40,5680,5808,2,11,1
7,11,2,128,40,5680,5808,2,11,1
7,11,2,128,40,5680,5808,2,11,1
7,11,2,128,40,5680,5808,2,11,1
7,11,2,128,40,5680,5808,2,11,1
7,11,2,128,40,5680,5808,2,11,1
7,11,2,128,40,5680,5808,2,11,1
0,0,0,0,0,0,0,2,11,0
0,0,0,0,0,0,0,2,11,0
0,0,0,0,0,0,0,2,11,0
0,0,0,0,0,0,0,2,11,0
0,0,0,0,0,0,0,2,11,0
0,0,0,0,0,0,0,2,11,0
0,0,0,0,0,0,0,2,11,0
0,0,0,0,0,0,0,2,11,0
0,0,0,0,0,0,0,2,11,0
0,0,0,0,0,0,0,2,11,0
0,0,0,0,0,0,0,2,11,0
0,0,0,0,0,0,0,2,11,0
29,33,6,384,120,17040,17424,2,11,3
29,33,6,384,120,17040,17424,2,11,3
29,33,6,384,120,17040,17424,2,11,3
29,33,6,384,120,17040,17424,2,11,3
29,33,6,384,120,17040,17424,2,11,3
29,33,6,384,120,17040,17424,2,11,3
43,44,8,512,160,22720,23232,2,11,4
43,44,8,512,160,22720,23232,2,11,4
43,44,8,512,160,22720,23232,2,11,4
43,44,8,512,160,22720,23232,2,11,4
43,44,8,512,160,22720,23232,2,11,4
43,44,8,512,160,22720,23232,2,11,4
43,44,8,512,160,22720,23232,2,11,4
43,44,8,512,160,22720,23232,2,11,4
43,44,8,512,160,22720,23232,2,11,4
43,44,8,512,160,22720,23232,2,11,4
43,44,8,512,160,22720,23232,2,11,4
43,44,8,512,160,22720,23232,2,11,4
7,11,2,128,40,5680,5808,2,11,1
7,11,2,128,40,5680,5808,2,11,1
7,11,2,128,40,5680,5808,2,11,1
7,11,2,128,40,5680,5808,2,11,1
7,11,2,128,40,5680,5808,2,11,1
7,11,2,128,40,5680,5808,2,11,1
29,33,6,384,120,17040,17424,2,11,3
29,33,6,384,120,17040,17424,2,11,3
29,33,6,384,120,17040,17424,2,11,3
29,33,6,384,120,17040,17424,2,11,3
29,33,6,384,120,17040,17424,2,11,3
29,33,6,384,120,17040,17424,2,11,3
29,33,6,384,120,17040,17424,2,11,3
29,33,6,384,120,17040,17424,2,11,3
29,33,6,384,120,17040,17424,2,11,3
29,33,6,384,120,17040,17424,2,11,3
29,33,6,384,120,17040,17424,2,11,3
29,33,6,384,120,17040,17424,2,11,3
87,88,16,1024,320,45440,46464,2,11,8
87,88,16,1024,320,45440,46464,2,11,8
87,88,16,1024,320,45440,46464,2,11,8
87,88,16,1024,320,45440,46464,2,11,8
87,88,16,1024,320,45440,46464,2,11,8
87,88,16,1024,320,45440,46464,2,11,8
21,22,4,256,80,11360,11616,2,11,2
21,22,4,256,80,11360,11616,2,11,2
21,22,4,256,80,11360,11616,2,11,2
21,22,4,256,80,11360,11616,2,11,2
21,22,4,256,80,11360,11616,2,11,2
21,22,4,256,80,11360,11616,2,11,2
0,0,0,0,0,0,0,2,11,0
0,0,0,0,0,0,0,2,11,0
0,0,0,0,0,0,0,2,11,0
0,0,0,0,0,0,0,2,11,0
0,0,0,0,0,0,0,2,11,0
0,0,0,0,0,0,0,2,11,0
7,11,2,128,40,5680,5808,2,11,1
7,11,2,128,40,5680,5808,2,11,1
7,11,2,128,40,5680,5808,2,11,1
7,11,2,128,40,5680,5808,2,11,1
7,11,2,128,40,5680,5808,2,11,1
7,11,2,128,40,5680,5808,2,11,1
0,0,0,0,0,0,0,2,11,0
0,0,0,0,0,0,0,2,11,0
0,0,0,0,0,0,0,2,11,0
0,0,0,0,0,0,0,2,11,0
0,0,0,0,0,0,0,2,11,0
0,0,0,0,0,0,0,2,11,0
0,0,0,0,0,0,0,2,11,0
0,0,0,0,0,0,0,2,11,0
0,0,0,0,0,0,0,2,11,0
0,0,0,0,0,0,0,2,11,0
0,0,0,0,0,0,0,2,11,0
0,0,0,0,0,0,0,2,11,0
7,11,2,128,40,5680,5808,2,11,1
7,11,2,128,40,5680,5808,2,11,1
7,11,2,128,40,5680,5808,2,11,1
7,11,2,128,40,5680,5808,2,11,1
7,11,2,128,40,5680,5808,2,11,1
7,11,2,128,40,5680,5808,2,11,1
0,0,0,0,0,0,0,2,11,0
0,0,0,0,0,0,0,2,11,0
0,0,0,0,0,0,0,2,11,0
0,0,0,0,0,0,0,2,11,0
0,0,0,0,0,0,0,2,11,0
0,0,0,0,0,0,0,2,11,0
14,22,4,256,80,11360,11616,2,11,2
14,22,4,256,80,11360,11616,2,11,2
14,22,4,256,80,11360,11616,2,11,2
14,22,4,256,80,11360,11616,2,11,2
14,22,4,256,80,11360,11616,2,11,2
14,22,4,256,80,11360,11616,2,11,2
14,22,4,256,80,11360,11616,2,11,2
14,22,4,256,80,11360,11616,2,11,2
14,22,4,256,80,11360,11616,2,11,2
14,22,4,256,80,11360,11616,2,11,2
14,22,4,256,80,11360,11616,2,11,2
14,22,4,256,80,11360,11616,2,11,2
0,0,0,0,0,0,0,2,11,0
0,0,0,0,0,0,0,2,11,0
0,0,0,0,0,0,0,2,11,0
0,0,0,0,0,0,0,2,11,0
0,0,0,0,0,0,0,2,11,0
0,0,0,0,0,0,0,2,11,0
0,0,0,0,0,0,0,2,11,0
0,0,0,0,0,0,0,2,11,0
0,0,0,0,0,0,0,2,11,0
0,0,0,0,0,0,0,2,11,0
0,0,0,0,0,0,0,2,11,0
0,0,0,0,0,0,0,2,11,0
0,0,0,0,0,0,0,2,11,0
0,0,0,0,0,0,0,2,11,0
0,0,0,0,0,0,0,2,11,0
0,0,0,0,0,0,0,2,11,0
0,0,0,0,0,0,0,2,11,0
0,0,0,0,0,0,0,2,11,0
14,22,4,256,80,11360,11616,2,11,2
14,22,4,256,80,11360,11616,2,11,2
14,22,4,256,80,11360,11616,2,11,2
14,22,4,256,80,11360,11616,2,11,2
14,22,4,256,80,11360,11616,2,11,2
14,22,4,256,80,11360,11616,2,11,2
29,33,6,384,120,17040,17424,2,11,3
29,33,6,384,120,17040,17424,2,11,3
29,33,6,384,120,17040,17424,2,11,3
29,33,6,384,120,17040,17424,2,11,3
29,33,6,384,120,17040,17424,2,11,3
29,33,6,384,120,17040,17424,2,11,3
14,22,4,256,80,11360,11616,2,11,2
14,22,4,256,80,11360,11616,2,11,2
14,22,4,256,80,11360,11616,2,11,2
14,22,4,256,80,11360,11616,2,11,2
14,22,4,256,80,11360,11616,2,11,2
14,22,4,256,80,11360,11616,2,11,2
124,132,24,1536,480,68160,69696,2,11,12
124,132,24,1536,480,68160,69696,2,11,12
124,132,24,1536,480,68160,69696,2,11,12
124,132,24,1536,480,68160,69696,2,11,12
124,132,24,1536,480,68160,69696,2,11,12
124,132,24,1536,480,68160,69696,2,11,12
43,44,8,512,160,22720,23232,2,11,4
43,44,8,512,160,22720,23232,2,11,4
43,44,8,512,160,22720,23232,2,11,4
43,44,8,512,160,22720,23232,2,11,4
43,44,8,512,160,22720,23232,2,11,4
43,44,8,512,160,22720,23232,2,11,4
0,0,0,0,0,0,0,2,11,0
0,0,0,0,0,0,0,2,11,0
0,0,0,0,0,0,0,2,11,0
0,0,0,0,0,0,0,2,11,0
0,0,0,0,0,0,0,2,11,0
0,0,0,0,0,0,0,2,11,0
0,0,0,0,0,0,0,2,11,0
0,0,0,0,0,0,0,2,11,0
0,0,0,0,0,0,0,2,11,0
0,0,0,0,0,0,0,2,11,0
0,0,0,0,0,0,0,2,11,0
0,0,0,0,0,0,0,2,11,0
0,0,0,0,0,0,0,2,11,0
0,0,0,0,0,0,0,2,11,0
0,0,0,0,0,0,0,2,11,0
0,0,0,0,0,0,0,2,11,0
0,0,0,0,0,0,0,2,11,0
0,0,0,0,0,0,0,2,11,0
0,0,0,0,0,0,0,2,11,0
0,0,0,0,0,0,0,2,11,0
0,0,0,0,0,0,0,2,11,0
0,0,0,0,0,0,0,2,11,0
0,0,0,0,0,0,0,2,11,0
0,0,0,0,0,0,0,2,11,0
0,0,0,0,0,0,0,2,11,0
0,0,0,0,0,0,0,2,11,0
0,0,0,0,0,0,0,2,11,0
0,0,0,0,0,0,0,2,11,0
0,0,0,0,0,0,0,2,11,0
0,0,0,0,0,0,0,2,11,0
0,0,0,0,0,0,0,2,11,0
0,0,0,0,0,0,0,2,11,0
0,0,0,0,0,0,0,2,11,0
0,0,0,0,0,0,0,2,11,0
0,0,0,0,0,0,0,2,11,0
0,0,0,0,0,0,0,2,11,0
0,0,0,0,0,0,0,2,11,0
0,0,0,0,0,0,0,2,11,0
0,0,0,0,0,0,0,2,11,0
0,0,0,0,0,0,0,2,11,0
0,0,0,0,0,0,0,2,11,0
0,0,0,0,0,0,0,2,11,0
0,0,0,0,0,0,0,2,11,0
0,0,0,0,0,0,0,2,11,0
0,0,0,0,0,0,0,2,11,0
0,0,0,0,0,0,0,2,11,0
0,0,0,0,0,0,0,2,11,0
0,0,0,0,0,0,0,2,11,0
0,0,0,0,0,0,0,2,11,0
0,0,0,0,0,0,0,2,11,0
0,0,0,0,0,0,0,2,11,0
0,0,0,0,0,0,0,2,11,0
0,0,0,0,0,0,0,2,11,0
0,0,0,0,0,0,0,2,11,0
0,0,0,0,0,0,0,2,11,0
0,0,0,0,0,0,0,2,11,0
0,0,0,0,0,0,0,2,11,0
0,0,0,0,0,0,0,2,11,0
0,0,0,0,0,0,0,2,11,0
0,0,0,0,0,0,0,2,11,0
0,0,0,0,0,0,0,2,11,0
0,0,0,0,0,0,0,2,11,0
0,0,0,0,0,0,0,2,11,0
0,0,0,0,0,0,0,2,11,0
0,0,0,0,0,0,0,2,11,0
0,0,0,0,0,0,0,2,11,0
14,22,4,256,80,11360,11616,2,11,2
14,22,4,256,80,11360,11616,2,11,2
14,22,4,256,80,11360,11616,2,11,2
14,22,4,256,80,11360,11616,2,11,2
14,22,4,256,80,11360,11616,2,11,2
14,22,4,256,80,11360,11616,2,11,2
14,22,4,256,80,11360,11616,2,11,2
14,22,4,256,80,11360,11616,2,11,2
14,22,4,256,80,11360,11616,2,11,2
14,22,4,256,80,11360,11616,2,11,2
14,22,4,256,80,11360,11616,2,11,2
14,22,4,256,80,11360,11616,2,11,2
0,0,0,0,0,0,0,2,11,0
0,0,0,0,0,0,0,2,11,0
0,0,0,0,0,0,0,2,11,0
0,0,0,0,0,0,0,2,11,0
0,0,0,0,0,0,0,2,11,0
0,0,0,0,0,0,0,2,11,0
87,88,16,1024,320,45440,46464,2,11,8
87,88,16,1024,320,45440,46464,2,11,8
87,88,16,1024,320,45440,46464,2,11,8
87,88,16,1024,320,45440,46464,2,11,8
87,88,16,1024,320,45440,46464,2,11,8
87,88,16,1024,320,45440,46464,2,11,8
51,55,10,640,200,28400,29040,2,11,5
51,55,10,640,200,28400,29040,2,11,5
51,55,10,640,200,28400,29040,2,11,5
51,55,10,640,200,28400,29040,2,11,5
51,55,10,640,200,28400,29040,2,11,5
51,55,10,640,200,28400,29040,2,11,5
0,0,0,0,0,0,0,2,11,0
0,0,0,0,0,0,0,2,11,0
0,0,0,0,0,0,0,2,11,0
0,0,0,0,0,0,0,2,11,0
0,0,0,0,0,0,0,2,11,0
0,0,0,0,0,0,0,2,11,0
0,0,0,0,0,0,0,2,11,0
0,0,0,0,0,0,0,2,11,0
0,0,0,0,0,0,0,2,11,0
0,0,0,0,0,0,0,2,11,0
0,0,0,0,0,0,0,2,11,0
0,0,0,0,0,0,0,2,11,0
43,44,8,512,160,22720,23232,2,11,4
43,44,8,512,160,22720,23232,2,11,4
43,44,8,512,160,22720,23232,2,11,4
43,44,8,512,160,22720,23232,2,11,4
43,44,8,512,160,22720,23232,2,11,4
43,44,8,512,160,22720,23232,2,11,4
14,22,4,256,80,11360,11616,2,11,2
14,22,4,256,80,11360,11616,2,11,2
14,22,4,256,80,11360,11616,2,11,2
14,22,4,256,80,11360,11616,2,11,2
14,22,4,256,80,11360,11616,2,11,2
14,22,4,256,80,11360,11616,2,11,2
0,0,0,0,0,0,0,2,11,0
0,0,0,0,0,0,0,2,11,0
0,0,0,0,0,0,0,2,11,0
0,0,0,0,0,0,0,2,11,0
0,0,0,0,0,0,0,2,11,0
0,0,0,0,0,0,0,2,11,0
0,0,0,0,0,0,0,2,11,0
0,0,0,0,0,0,0,2,11,0
0,0,0,0,0,0,0,2,11,0
0,0,0,0,0,0,0,2,11,0
0,0,0,0,0,0,0,2,11,0
0,0,0,0,0,0,0,2,11,0
0,0,0,0,0,0,0,2,11,0
0,0,0,0,0,0,0,2,11,0
0,0,0,0,0,0,0,2,11,0
0,0,0,0,0,0,0,2,11,0
0,0,0,0,0,0,0,2,11,0
0,0,0,0,0,0,0,2,11,0
0,0,0,0,0,0,0,2,11,0
0,0,0,0,0,0,0,2,11,0
0,0,0,0,0,0,0,2,11,0
0,0,0,0,0,0,0,2,11,0
0,0,0,0,0,0,0,2,11,0
0,0,0,0,0,0,0,2,11,0
0,0,0,0,0,0,0,2,11,0
0,0,0,0,0,0,0,2,11,0
0,0,0,0,0,0,0,2,11,0
0,0,0,0,0,0,0,2,11,0
0,0,0,0,0,0,0,2,11,0
0,0,0,0,0,0,0,2,11,0
0,0,0,0,0,0,0,1,7,0
0,0,0,0,0,0,0,1,7,0
0,0,0,0,0,0,0,1,7,0
0,0,0,0,0,0,0,1,7,0
0,0,0,0,0,0,0,1,7,0
0,0,0,0,0,0,0,1,7,0
0,0,0,0,0,0,0,1,7,0
0,0,0,0,0,0,0,1,7,0
0,0,0,0,0,0,0,1,7,0
0,0,0,0,0,0,0,1,7,0
0,0,0,0,0,0,0,1,7,0
0,0,0,0,0,0,0,1,7,0
14,14,4,256,80,11360,11616,1,7,2
14,14,4,256,80,11360,11616,1,7,2
14,14,4,256,80,11360,11616,1,7,2
14,14,4,256,80,11360,11616,1,7,2
14,14,4,256,80,11360,11616,1,7,2
14,14,4,256,80,11360,11616,1,7,2
7,7,2,128,40,5680,5808,1,7,1
7,7,2,128,40,5680,5808,1,7,1
7,7,2,128,40,5680,5808,1,7,1
7,7,2,128,40,5680,5808,1,7,1
7,7,2,128,40,5680,5808,1,7,1
7,7,2,128,40,5680,5808,1,7,1
7,7,2,128,40,5680,5808,1,7,1
7,7,2,128,40,5680,5808,1,7,1
7,7,2,128,40,5680,5808,1,7,1
7,7,2,128,40,5680,5808,1,7,1
7,7,2,128,40,5680,5808,1,7,1
7,7,2,128,40,5680,5808,1,7,1
0,0,0,0,0,0,0,1,7,0
0,0,0,0,0,0,0,1,7,0
0,0,0,0,0,0,0,1,7,0
0,0,0,0,0,0,0,1,7,0
0,0,0,0,0,0,0,1,7,0
0,0,0,0,0,0,0,1,7,0
0,0,0,0,0,0,0,1,7,0
0,0,0,0,0,0,0,1,7,0
0,0,0,0,0,0,0,1,7,0
0,0,0,0,0,0,0,1,7,0
0,0,0,0,0,0,0,1,7,0
0,0,0,0,0,0,0,1,7,0
0,0,0,0,0,0,0,1,7,0
0,0,0,0,0,0,0,1,7,0
0,0,0,0,0,0,0,1,7,0
0,0,0,0,0,0,0,1,7,0
0,0,0,0,0,0,0,1,7,0
0,0,0,0,0,0,0,1,7,0
0,0,0,0,0,0,0,1,7,0
0,0,0,0,0,0,0,1,7,0
0,0,0,0,0,0,0,1,7,0
0,0,0,0,0,0,0,1,7,0
0,0,0,0,0,0,0,1,7,0
0,0,0,0,0,0,0,1,7,0
7,7,2,128,40,5680,5808,1,7,1
7,7,2,128,40,5680,5808,1,7,1
7,7,2,128,40,5680,5808,1,7,1
7,7,2,128,40,5680,5808,1,7,1
7,7,2,128,40,5680,5808,1,7,1
7,7,2,128,40,5680,5808,1,7,1
29,33,6,384,150,21300,21684,2,11,3
29,33,6,384,150,21300,21684,2,11,3
29,33,6,384,150,21300,21684,2,11,3
29,33,6,384,150,21300,21684,2,11,3
29,33,6,384,150,21300,21684,2,11,3
29,33,6,384,150,21300,21684,2,11,3
51,55,10,640,250,35500,36140,2,11,5
51,55,10,640,250,35500,36140,2,11,5
51,55,10,640,250,35500,36140,2,11,5
51,55,10,640,250,35500,36140,2,11,5
51,55,10,640,250,35500,36140,2,11,5
51,55,10,640,250,35500,36140,2,11,5
0,0,0,0,0,0,0,2,11,0
0,0,0,0,0,0,0,2,11,0
0,0,0,0,0,0,0,2,11,0
0,0,0,0,0,0,0,2,11,0
0,0,0,0,0,0,0,2,11,0
0,0,0,0,0,0,0,2,11,0
0,0,0,0,0,0,0,2,11,0
0,0,0,0,0,0,0,2,11,0
0,0,0,0,0,0,0,2,11,0
0,0,0,0,0,0,0,2,11,0
0,0,0,0,0,0,0,2,11,0
0,0,0,0,0,0,0,2,11,0
0,0,0,0,0,0,0,2,11,0
0,0,0,0,0,0,0,2,11,0
0,0,0,0,0,0,0,2,11,0
0,0,0,0,0,0,0,2,11,0
0,0,0,0,0,0,0,2,11,0
0,0,0,0,0,0,0,2,11,0
0,0,0,0,0,0,0,2,11,0
0,0,0,0,0,0,0,2,11,0
0,0,0,0,0,0,0,2,11,0
0,0,0,0,0,0,0,2,11,0
0,0,0,0,0,0,0,2,11,0
0,0,0,0,0,0,0,2,11,0
0,0,0,0,0,0,0,2,11,0
0,0,0,0,0,0,0,2,11,0
0,0,0,0,0,0,0,2,11,0
0,0,0,0,0,0,0,2,11,0
0,0,0,0,0,0,0,2,11,0
0,0,0,0,0,0,0,2,11,0
0,0,0,0,0,0,0,2,11,0
0,0,0,0,0,0,0,2,11,0
0,0,0,0,0,0,0,2,11,0
0,0,0,0,0,0,0,2,11,0
0,0,0,0,0,0,0,2,11,0
0,0,0,0,0,0,0,2,11,0
0,0,0,0,0,0,0,2,11,0
0,0,0,0,0,0,0,2,11,0
0,0,0,0,0,0,0,2,11,0
0,0,0,0,0,0,0,2,11,0
0,0,0,0,0,0,0,2,11,0
0,0,0,0,0,0,0,2,11,0
0,0,0,0,0,0,0,2,11,0
0,0,0,0,0,0,0,2,11,0
0,0,0,0,0,0,0,2,11,0
0,0,0,0,0,0,0,2,11,0
0,0,0,0,0,0,0,2,11,0
0,0,0,0,0,0,0,2,11,0
0,0,0,0,0,0,,0,0,0
0,0,0,0,0,0,,0,0,0
0,0,0,0,0,0,,0,0,0
0,0,0,0,0,0,,0,0,0
0,0,0,0,0,0,,0,0,0
0,0,0,0,0,0,,0,0,0
0,0,0,0,0,0,,0,0,0
0,0,0,0,0,0,,0,0,0
0,0,0,0,0,0,,0,0,0
0,0,0,0,0,0,,0,0,0
0,0,0,0,0,0,,0,0,0
0,0,0,0,0,0,,0,0,0
0,0,0,0,0,0,,0,0,0
0,0,0,0,0,0,,0,0,0
0,0,0,0,0,0,,0,0,0
0,0,0,0,0,0,,0,0,0
0,0,0,0,0,0,,0,0,0
0,0,0,0,0,0,,0,0,0
0,0,0,0,0,0,,0,0,0
0,0,0,0,0,0,,0,0,0
0,0,0,0,0,0,,0,0,0
0,0,0,0,0,0,,0,0,0
0,0,0,0,0,0,,0,0,0
0,0,0,0,0,0,,0,0,0
0,0,0,0,0,0,,0,0,0
0,0,0,0,0,0,,0,0,0
0,0,0,0,0,0,,0,0,0
0,0,0,0,0,0,,0,0,0
0,0,0,0,0,0,,0,0,0
0,0,0,0,0,0,,0,0,0
0,0,0,0,0,0,,0,0,0
0,0,0,0,0,0,,0,0,0
0,0,0,0,0,0,,0,0,0
0,0,0,0,0,0,,0,0,0
0,0,0,0,0,0,,0,0,0
0,0,0,0,0,0,,0,0,0
0,0,0,0,0,0,,0,0,0
0,0,0,0,0,0,,0,0,0
0,0,0,0,0,0,,0,0,0
0,0,0,0,0,0,,0,0,0
0,0,0,0,0,0,,0,0,0
0,0,0,0,0,0,,0,0,0
0,0,0,0,0,0,,0,0,0
0,0,0,0,0,0,,0,0,0
0,0,0,0,0,0,,0,0,0
0,0,0,0,0,0,,0,0,0
0,0,0,0,0,0,,0,0,0
0,0,0,0,0,0,,0,0,0
0,0,0,0,0,0,,0,0,0
0,0,0,0,0,0,,0,0,0
0,0,0,0,0,0,,0,0,0
0,0,0,0,0,0,,0,0,0
0,0,0,0,0,0,,0,0,0
0,0,0,0,0,0,,0,0,0
0,0,0,0,0,0,,0,0,0
0,0,0,0,0,0,,0,0,0
0,0,0,0,0,0,,0,0,0
0,0,0,0,0,0,,0,0,0
0,0,0,0,0,0,,0,0,0
0,0,0,0,0,0,,0,0,0
0,0,0,0,0,0,0,2,11,0
0,0,0,0,0,0,0,2,11,0
0,0,0,0,0,0,0,2,11,0
0,0,0,0,0,0,0,2,11,0
0,0,0,0,0,0,0,2,11,0
0,0,0,0,0,0,0,2,11,0
0,0,0,0,0,0,0,2,11,0
0,0,0,0,0,0,0,2,11,0
0,0,0,0,0,0,0,2,11,0
0,0,0,0,0,0,0,2,11,0
0,0,0,0,0,0,0,2,11,0
0,0,0,0,0,0,0,2,11,0
14,22,4,256,100,14200,14456,2,11,2
14,22,4,256,100,14200,14456,2,11,2
14,22,4,256,100,14200,14456,2,11,2
14,22,4,256,100,14200,14456,2,11,2
14,22,4,256,100,14200,14456,2,11,2
14,22,4,256,100,14200,14456,2,11,2
7,11,2,128,50,7100,7228,2,11,1
7,11,2,128,50,7100,7228,2,11,1
7,11,2,128,50,7100,7228,2,11,1
7,11,2,128,50,7100,7228,2,11,1
7,11,2,128,50,7100,7228,2,11,1
7,11,2,128,50,7100,7228,2,11,1
0,0,0,0,0,0,0,2,11,0
0,0,0,0,0,0,0,2,11,0
0,0,0,0,0,0,0,2,11,0
0,0,0,0,0,0,0,2,11,0
0,0,0,0,0,0,0,2,11,0
0,0,0,0,0,0,0,2,11,0
0,0,0,0,0,0,0,2,11,0
0,0,0,0,0,0,0,2,11,0
0,0,0,0,0,0,0,2,11,0
0,0,0,0,0,0,0,2,11,0
0,0,0,0,0,0,0,2,11,0
0,0,0,0,0,0,0,2,11,0
0,0,0,0,0,0,0,2,11,0
0,0,0,0,0,0,0,2,11,0
0,0,0,0,0,0,0,2,11,0
0,0,0,0,0,0,0,2,11,0
0,0,0,0,0,0,0,2,11,0
0,0,0,0,0,0,0,2,11,0
0,0,0,0,0,0,0,2,11,0
0,0,0,0,0,0,0,2,11,0
0,0,0,0,0,0,0,2,11,0
0,0,0,0,0,0,0,2,11,0
0,0,0,0,0,0,0,2,11,0
0,0,0,0,0,0,0,2,11,0
7,11,2,128,50,7100,7228,2,11,1
7,11,2,128,50,7100,7228,2,11,1
7,11,2,128,50,7100,7228,2,11,1
7,11,2,128,50,7100,7228,2,11,1
7,11,2,128,50,7100,7228,2,11,1
7,11,2,128,50,7100,7228,2,11,1
21,22,4,256,100,14200,14456,2,11,2
21,22,4,256,100,14200,14456,2,11,2
21,22,4,256,100,14200,14456,2,11,2
21,22,4,256,100,14200,14456,2,11,2
21,22,4,256,100,14200,14456,2,11,2
21,22,4,256,100,14200,14456,2,11,2
14,22,4,256,100,14200,14456,2,11,2
14,22,4,256,100,14200,14456,2,11,2
14,22,4,256,100,14200,14456,2,11,2
14,22,4,256,100,14200,14456,2,11,2
14,22,4,256,100,14200,14456,2,11,2
14,22,4,256,100,14200,14456,2,11,2
0,0,0,0,0,0,0,2,11,0
0,0,0,0,0,0,0,2,11,0
0,0,0,0,0,0,0,2,11,0
0,0,0,0,0,0,0,2,11,0
0,0,0,0,0,0,0,2,11,0
0,0,0,0,0,0,0,2,11,0
21,22,4,256,100,14200,14456,2,11,2
21,22,4,256,100,14200,14456,2,11,2
21,22,4,256,100,14200,14456,2,11,2
21,22,4,256,100,14200,14456,2,11,2
21,22,4,256,100,14200,14456,2,11,2
21,22,4,256,100,14200,14456,2,11,2
7,11,2,128,50,7100,7228,2,11,1
7,11,2,128,50,7100,7228,2,11,1
7,11,2,128,50,7100,7228,2,11,1
7,11,2,128,50,7100,7228,2,11,1
7,11,2,128,50,7100,7228,2,11,1
7,11,2,128,50,7100,7228,2,11,1
0,0,0,0,0,0,0,2,11,0
0,0,0,0,0,0,0,2,11,0
0,0,0,0,0,0,0,2,11,0
0,0,0,0,0,0,0,2,11,0
0,0,0,0,0,0,0,2,11,0
0,0,0,0,0,0,0,2,11,0
0,0,0,0,0,0,0,2,11,0
0,0,0,0,0,0,0,2,11,0
0,0,0,0,0,0,0,2,11,0
0,0,0,0,0,0,0,2,11,0
0,0,0,0,0,0,0,2,11,0
0,0,0,0,0,0,0,2,11,0
0,0,0,0,0,0,0,2,11,0
0,0,0,0,0,0,0,2,11,0
0,0,0,0,0,0,0,2,11,0
0,0,0,0,0,0,0,2,11,0
0,0,0,0,0,0,0,2,11,0
0,0,0,0,0,0,0,2,11,0
14,22,4,256,100,14200,14456,2,11,2
14,22,4,256,100,14200,14456,2,11,2
14,22,4,256,100,14200,14456,2,11,2
14,22,4,256,100,14200,14456,2,11,2
14,22,4,256,100,14200,14456,2,11,2
14,22,4,256,100,14200,14456,2,11,2
0,0,0,0,0,0,0,2,11,0
0,0,0,0,0,0,0,2,11,0
0,0,0,0,0,0,0,2,11,0
0,0,0,0,0,0,0,2,11,0
0,0,0,0,0,0,0,2,11,0
0,0,0,0,0,0,0,2,11,0
14,22,4,256,100,14200,14456,2,11,2
14,22,4,256,100,14200,14456,2,11,2
14,22,4,256,100,14200,14456,2,11,2
14,22,4,256,100,14200,14456,2,11,2
14,22,4,256,100,14200,14456,2,11,2
14,22,4,256,100,14200,14456,2,11,2
21,22,4,256,100,14200,14456,2,11,2
21,22,4,256,100,14200,14456,2,11,2
21,22,4,256,100,14200,14456,2,11,2
21,22,4,256,100,14200,14456,2,11,2
21,22,4,256,100,14200,14456,2,11,2
21,22,4,256,100,14200,14456,2,11,2
7,11,2,128,50,7100,7228,2,11,1
7,11,2,128,50,7100,7228,2,11,1
7,11,2,128,50,7100,7228,2,11,1
7,11,2,128,50,7100,7228,2,11,1
7,11,2,128,50,7100,7228,2,11,1
7,11,2,128,50,7100,7228,2,11,1
7,11,2,128,50,7100,7228,2,11,1
7,11,2,128,50,7100,7228,2,11,1
7,11,2,128,50,7100,7228,2,11,1
7,11,2,128,50,7100,7228,2,11,1
7,11,2,128,50,7100,7228,2,11,1
7,11,2,128,50,7100,7228,2,11,1
7,11,2,128,50,7100,7228,2,11,1
7,11,2,128,50,7100,7228,2,11,1
7,11,2,128,50,7100,7228,2,11,1
7,11,2,128,50,7100,7228,2,11,1
7,11,2,128,50,7100,7228,2,11,1
7,11,2,128,50,7100,7228,2,11,1
7,11,2,128,50,7100,7228,2,11,1
7,11,2,128,50,7100,7228,2,11,1
7,11,2,128,50,7100,7228,2,11,1
7,11,2,128,50,7100,7228,2,11,1
7,11,2,128,50,7100,7228,2,11,1
7,11,2,128,50,7100,7228,2,11,1
7,11,2,128,50,7100,7228,2,11,1
7,11,2,128,50,7100,7228,2,11,1
7,11,2,128,50,7100,7228,2,11,1
7,11,2,128,50,7100,7228,2,11,1
7,11,2,128,50,7100,7228,2,11,1
7,11,2,128,50,7100,7228,2,11,1
58,66,12,768,300,42600,43368,2,11,6
58,66,12,768,300,42600,43368,2,11,6
58,66,12,768,300,42600,43368,2,11,6
58,66,12,768,300,42600,43368,2,11,6
58,66,12,768,300,42600,43368,2,11,6
58,66,12,768,300,42600,43368,2,11,6
0,0,0,0,0,0,0,2,11,0
0,0,0,0,0,0,0,2,11,0
0,0,0,0,0,0,0,2,11,0
0,0,0,0,0,0,0,2,11,0
0,0,0,0,0,0,0,2,11,0
0,0,0,0,0,0,0,2,11,0
0,0,0,0,0,0,0,2,11,0
0,0,0,0,0,0,0,2,11,0
0,0,0,0,0,0,0,2,11,0
0,0,0,0,0,0,0,2,11,0
0,0,0,0,0,0,0,2,11,0
0,0,0,0,0,0,0,2,11,0
7,11,2,128,50,7100,7228,2,11,1
7,11,2,128,50,7100,7228,2,11,1
7,11,2,128,50,7100,7228,2,11,1
7,11,2,128,50,7100,7228,2,11,1
7,11,2,128,50,7100,7228,2,11,1
7,11,2,128,50,7100,7228,2,11,1
0,0,0,0,0,0,0,2,11,0
0,0,0,0,0,0,0,2,11,0
0,0,0,0,0,0,0,2,11,0
0,0,0,0,0,0,0,2,11,0
0,0,0,0,0,0,0,2,11,0
0,0,0,0,0,0,0,2,11,0
0,0,0,0,0,0,0,2,11,0
0,0,0,0,0,0,0,2,11,0
0,0,0,0,0,0,0,2,11,0
0,0,0,0,0,0,0,2,11,0
0,0,0,0,0,0,0,2,11,0
0,0,0,0,0,0,0,2,11,0
0,0,0,0,0,0,0,2,11,0
0,0,0,0,0,0,0,2,11,0
0,0,0,0,0,0,0,2,11,0
0,0,0,0,0,0,0,2,11,0
0,0,0,0,0,0,0,2,11,0
0,0,0,0,0,0,0,2,11,0
0,0,0,0,0,0,0,2,11,0
0,0,0,0,0,0,0,2,11,0
0,0,0,0,0,0,0,2,11,0
0,0,0,0,0,0,0,2,11,0
0,0,0,0,0,0,0,2,11,0
0,0,0,0,0,0,0,2,11,0
0,0,0,0,0,0,0,2,11,0
0,0,0,0,0,0,0,2,11,0
0,0,0,0,0,0,0,2,11,0
0,0,0,0,0,0,0,2,11,0
0,0,0,0,0,0,0,2,11,0
0,0,0,0,0,0,0,2,11,0
0,0,0,0,0,0,0,2,11,0
0,0,0,0,0,0,0,2,11,0
0,0,0,0,0,0,0,2,11,0
0,0,0,0,0,0,0,2,11,0
0,0,0,0,0,0,0,2,11,0
0,0,0,0,0,0,0,2,11,0
0,0,0,0,0,0,0,2,11,0
0,0,0,0,0,0,0,2,11,0
0,0,0,0,0,0,0,2,11,0
0,0,0,0,0,0,0,2,11,0
0,0,0,0,0,0,0,2,11,0
0,0,0,0,0,0,0,2,11,0
0,0,0,0,0,0,0,2,11,0
0,0,0,0,0,0,0,2,11,0
0,0,0,0,0,0,0,2,11,0
0,0,0,0,0,0,0,2,11,0
0,0,0,0,0,0,0,2,11,0
0,0,0,0,0,0,0,2,11,0
14,22,4,256,100,14200,14456,2,11,2
14,22,4,256,100,14200,14456,2,11,2
14,22,4,256,100,14200,14456,2,11,2
14,22,4,256,100,14200,14456,2,11,2
14,22,4,256,100,14200,14456,2,11,2
14,22,4,256,100,14200,14456,2,11,2
14,22,4,256,100,14200,14456,2,11,2
14,22,4,256,100,14200,14456,2,11,2
14,22,4,256,100,14200,14456,2,11,2
14,22,4,256,100,14200,14456,2,11,2
14,22,4,256,100,14200,14456,2,11,2
14,22,4,256,100,14200,14456,2,11,2
43,44,8,512,200,28400,28912,2,11,4
43,44,8,512,200,28400,28912,2,11,4
43,44,8,512,200,28400,28912,2,11,4
43,44,8,512,200,28400,28912,2,11,4
43,44,8,512,200,28400,28912,2,11,4
43,44,8,512,200,28400,28912,2,11,4
0,0,0,0,0,0,0,2,11,0
0,0,0,0,0,0,0,2,11,0
0,0,0,0,0,0,0,2,11,0
0,0,0,0,0,0,0,2,11,0
0,0,0,0,0,0,0,2,11,0
0,0,0,0,0,0,0,2,11,0
0,0,0,0,0,0,0,2,11,0
0,0,0,0,0,0,0,2,11,0
0,0,0,0,0,0,0,2,11,0
0,0,0,0,0,0,0,2,11,0
0,0,0,0,0,0,0,2,11,0
0,0,0,0,0,0,0,2,11,0
14,22,4,256,100,14200,14456,2,11,2
14,22,4,256,100,14200,14456,2,11,2
14,22,4,256,100,14200,14456,2,11,2
14,22,4,256,100,14200,14456,2,11,2
14,22,4,256,100,14200,14456,2,11,2
14,22,4,256,100,14200,14456,2,11,2
0,0,0,0,0,0,0,2,11,0
0,0,0,0,0,0,0,2,11,0
0,0,0,0,0,0,0,2,11,0
0,0,0,0,0,0,0,2,11,0
0,0,0,0,0,0,0,2,11,0
0,0,0,0,0,0,0,2,11,0
7,11,2,128,50,7100,7228,2,11,1
7,11,2,128,50,7100,7228,2,11,1
7,11,2,128,50,7100,7228,2,11,1
7,11,2,128,50,7100,7228,2,11,1
7,11,2,128,50,7100,7228,2,11,1
7,11,2,128,50,7100,7228,2,11,1
14,22,4,256,100,14200,14456,2,11,2
14,22,4,256,100,14200,14456,2,11,2
14,22,4,256,100,14200,14456,2,11,2
14,22,4,256,100,14200,14456,2,11,2
14,22,4,256,100,14200,14456,2,11,2
14,22,4,256,100,14200,14456,2,11,2
0,0,0,0,0,0,0,2,11,0
0,0,0,0,0,0,0,2,11,0
0,0,0,0,0,0,0,2,11,0
0,0,0,0,0,0,0,2,11,0
0,0,0,0,0,0,0,2,11,0
0,0,0,0,0,0,0,2,11,0
124,132,24,1536,600,85200,86736,2,11,12
124,132,24,1536,600,85200,86736,2,11,12
124,132,24,1536,600,85200,86736,2,11,12
124,132,24,1536,600,85200,86736,2,11,12
124,132,24,1536,600,85200,86736,2,11,12
124,132,24,1536,600,85200,86736,2,11,12
0,0,0,0,0,0,0,2,11,0
0,0,0,0,0,0,0,2,11,0
0,0,0,0,0,0,0,2,11,0
0,0,0,0,0,0,0,2,11,0
0,0,0,0,0,0,0,2,11,0
0,0,0,0,0,0,0,2,11,0
168,176,32,2048,800,113600,115648,2,11,16
168,176,32,2048,800,113600,115648,2,11,16
168,176,32,2048,800,113600,115648,2,11,16
168,176,32,2048,800,113600,115648,2,11,16
168,176,32,2048,800,113600,115648,2,11,16
168,176,32,2048,800,113600,115648,2,11,16
51,55,10,640,250,35500,36140,2,11,5
51,55,10,640,250,35500,36140,2,11,5
51,55,10,640,250,35500,36140,2,11,5
51,55,10,640,250,35500,36140,2,11,5
51,55,10,640,250,35500,36140,2,11,5
51,55,10,640,250,35500,36140,2,11,5
29,33,6,384,150,21300,21684,2,11,3
29,33,6,384,150,21300,21684,2,11,3
29,33,6,384,150,21300,21684,2,11,3
29,33,6,384,150,21300,21684,2,11,3
29,33,6,384,150,21300,21684,2,11,3
29,33,6,384,150,21300,21684,2,11,3
0,0,0,0,0,0,0,2,11,0
0,0,0,0,0,0,0,2,11,0
0,0,0,0,0,0,0,2,11,0
0,0,0,0,0,0,0,2,11,0
0,0,0,0,0,0,0,2,11,0
0,0,0,0,0,0,0,2,11,0
14,22,4,256,100,14200,14456,2,11,2
14,22,4,256,100,14200,14456,2,11,2
14,22,4,256,100,14200,14456,2,11,2
14,22,4,256,100,14200,14456,2,11,2
14,22,4,256,100,14200,14456,2,11,2
14,22,4,256,100,14200,14456,2,11,2
21,22,4,256,100,14200,14456,2,11,2
21,22,4,256,100,14200,14456,2,11,2
21,22,4,256,100,14200,14456,2,11,2
21,22,4,256,100,14200,14456,2,11,2
21,22,4,256,100,14200,14456,2,11,2
21,22,4,256,100,14200,14456,2,11,2
0,0,0,0,0,0,0,2,11,0
0,0,0,0,0,0,0,2,11,0
0,0,0,0,0,0,0,2,11,0
0,0,0,0,0,0,0,2,11,0
0,0,0,0,0,0,0,2,11,0
0,0,0,0,0,0,0,2,11,0
36,44,8,512,200,28400,28912,2,11,4
36,44,8,512,200,28400,28912,2,11,4
36,44,8,512,200,28400,28912,2,11,4
36,44,8,512,200,28400,28912,2,11,4
36,44,8,512,200,28400,28912,2,11,4
36,44,8,512,200,28400,28912,2,11,4
80,88,16,1024,400,56800,57824,2,11,8
80,88,16,1024,400,56800,57824,2,11,8
80,88,16,1024,400,56800,57824,2,11,8
80,88,16,1024,400,56800,57824,2,11,8
80,88,16,1024,400,56800,57824,2,11,8
80,88,16,1024,400,56800,57824,2,11,8
0,0,0,0,0,0,0,2,11,0
0,0,0,0,0,0,0,2,11,0
0,0,0,0,0,0,0,2,11,0
0,0,0,0,0,0,0,2,11,0
0,0,0,0,0,0,0,2,11,0
0,0,0,0,0,0,0,2,11,0
0,0,0,0,0,0,0,2,11,0
0,0,0,0,0,0,0,2,11,0
0,0,0,0,0,0,0,2,11,0
0,0,0,0,0,0,0,2,11,0
0,0,0,0,0,0,0,2,11,0
0,0,0,0,0,0,0,2,11,0
21,22,4,256,100,14200,14456,2,11,2
21,22,4,256,100,14200,14456,2,11,2
21,22,4,256,100,14200,14456,2,11,2
21,22,4,256,100,14200,14456,2,11,2
21,22,4,256,100,14200,14456,2,11,2
21,22,4,256,100,14200,14456,2,11,2
51,55,10,640,250,35500,36140,2,11,5
51,55,10,640,250,35500,36140,2,11,5
51,55,10,640,250,35500,36140,2,11,5
51,55,10,640,250,35500,36140,2,11,5
51,55,10,640,250,35500,36140,2,11,5
51,55,10,640,250,35500,36140,2,11,5
65,66,12,768,300,42600,43368,2,11,6
65,66,12,768,300,42600,43368,2,11,6
65,66,12,768,300,42600,43368,2,11,6
65,66,12,768,300,42600,43368,2,11,6
65,66,12,768,300,42600,43368,2,11,6
65,66,12,768,300,42600,43368,2,11,6
65,66,12,768,300,42600,43368,2,11,6
65,66,12,768,300,42600,43368,2,11,6
65,66,12,768,300,42600,43368,2,11,6
65,66,12,768,300,42600,43368,2,11,6
65,66,12,768,300,42600,43368,2,11,6
65,66,12,768,300,42600,43368,2,11,6
73,77,14,896,350,49700,50596,2,11,7
73,77,14,896,350,49700,50596,2,11,7
73,77,14,896,350,49700,50596,2,11,7
73,77,14,896,350,49700,50596,2,11,7
73,77,14,896,350,49700,50596,2,11,7
73,77,14,896,350,49700,50596,2,11,7
7,11,2,128,50,7100,7228,2,11,1
7,11,2,128,50,7100,7228,2,11,1
7,11,2,128,50,7100,7228,2,11,1
7,11,2,128,50,7100,7228,2,11,1
7,11,2,128,50,7100,7228,2,11,1
7,11,2,128,50,7100,7228,2,11,1
87,88,16,1024,400,56800,57824,2,11,8
87,88,16,1024,400,56800,57824,2,11,8
87,88,16,1024,400,56800,57824,2,11,8
87,88,16,1024,400,56800,57824,2,11,8
87,88,16,1024,400,56800,57824,2,11,8
87,88,16,1024,400,56800,57824,2,11,8
65,66,12,768,300,42600,43368,2,11,6
65,66,12,768,300,42600,43368,2,11,6
65,66,12,768,300,42600,43368,2,11,6
65,66,12,768,300,42600,43368,2,11,6
65,66,12,768,300,42600,43368,2,11,6
65,66,12,768,300,42600,43368,2,11,6
21,22,4,256,100,14200,14456,2,11,2
21,22,4,256,100,14200,14456,2,11,2
21,22,4,256,100,14200,14456,2,11,2
21,22,4,256,100,14200,14456,2,11,2
21,22,4,256,100,14200,14456,2,11,2
21,22,4,256,100,14200,14456,2,11,2
0,0,0,0,0,0,0,2,11,0
0,0,0,0,0,0,0,2,11,0
0,0,0,0,0,0,0,2,11,0
0,0,0,0,0,0,0,2,11,0
0,0,0,0,0,0,0,2,11,0
0,0,0,0,0,0,0,2,11,0
0,0,0,0,0,0,0,2,11,0
0,0,0,0,0,0,0,2,11,0
0,0,0,0,0,0,0,2,11,0
0,0,0,0,0,0,0,2,11,0
0,0,0,0,0,0,0,2,11,0
0,0,0,0,0,0,0,2,11,0
0,0,0,0,0,0,0,2,11,0
0,0,0,0,0,0,0,2,11,0
0,0,0,0,0,0,0,2,11,0
0,0,0,0,0,0,0,2,11,0
0,0,0,0,0,0,0,2,11,0
0,0,0,0,0,0,0,2,11,0
51,55,10,640,200,28400,29040,2,11,5
51,55,10,640,200,28400,29040,2,11,5
51,55,10,640,200,28400,29040,2,11,5
51,55,10,640,200,28400,29040,2,11,5
51,55,10,640,200,28400,29040,2,11,5
51,55,10,640,200,28400,29040,2,11,5
14,22,4,256,80,11360,11616,2,11,2
14,22,4,256,80,11360,11616,2,11,2
14,22,4,256,80,11360,11616,2,11,2
14,22,4,256,80,11360,11616,2,11,2
14,22,4,256,80,11360,11616,2,11,2
14,22,4,256,80,11360,11616,2,11,2
0,0,0,0,0,0,0,2,11,0
0,0,0,0,0,0,0,2,11,0
0,0,0,0,0,0,0,2,11,0
0,0,0,0,0,0,0,2,11,0
0,0,0,0,0,0,0,2,11,0
0,0,0,0,0,0,0,2,11,0
0,0,0,0,0,0,0,2,11,0
0,0,0,0,0,0,0,2,11,0
0,0,0,0,0,0,0,2,11,0
0,0,0,0,0,0,0,2,11,0
0,0,0,0,0,0,0,2,11,0
0,0,0,0,0,0,0,2,11,0
14,22,4,256,80,11360,11616,2,11,2
14,22,4,256,80,11360,11616,2,11,2
14,22,4,256,80,11360,11616,2,11,2
14,22,4,256,80,11360,11616,2,11,2
14,22,4,256,80,11360,11616,2,11,2
14,22,4,256,80,11360,11616,2,11,2
0,0,0,0,0,0,0,2,11,0
0,0,0,0,0,0,0,2,11,0
0,0,0,0,0,0,0,2,11,0
0,0,0,0,0,0,0,2,11,0
0,0,0,0,0,0,0,2,11,0
0,0,0,0,0,0,0,2,11,0
14,22,4,256,80,11360,11616,2,11,2
14,22,4,256,80,11360,11616,2,11,2
14,22,4,256,80,11360,11616,2,11,2
14,22,4,256,80,11360,11616,2,11,2
14,22,4,256,80,11360,11616,2,11,2
14,22,4,256,80,11360,11616,2,11,2
29,33,6,384,120,17040,17424,2,11,3
29,33,6,384,120,17040,17424,2,11,3
29,33,6,384,120,17040,17424,2,11,3
29,33,6,384,120,17040,17424,2,11,3
29,33,6,384,120,17040,17424,2,11,3
29,33,6,384,120,17040,17424,2,11,3
36,44,8,512,160,22720,23232,2,11,4
36,44,8,512,160,22720,23232,2,11,4
36,44,8,512,160,22720,23232,2,11,4
36,44,8,512,160,22720,23232,2,11,4
36,44,8,512,160,22720,23232,2,11,4
36,44,8,512,160,22720,23232,2,11,4
87,88,16,1024,320,45440,46464,2,11,8
87,88,16,1024,320,45440,46464,2,11,8
87,88,16,1024,320,45440,46464,2,11,8
87,88,16,1024,320,45440,46464,2,11,8
87,88,16,1024,320,45440,46464,2,11,8
87,88,16,1024,320,45440,46464,2,11,8
139,143,26,1664,520,73840,75504,2,11,13
139,143,26,1664,520,73840,75504,2,11,13
139,143,26,1664,520,73840,75504,2,11,13
139,143,26,1664,520,73840,75504,2,11,13
139,143,26,1664,520,73840,75504,2,11,13
139,143,26,1664,520,73840,75504,2,11,13
131,132,24,1536,480,68160,69696,2,11,12
131,132,24,1536,480,68160,69696,2,11,12
131,132,24,1536,480,68160,69696,2,11,12
131,132,24,1536,480,68160,69696,2,11,12
131,132,24,1536,480,68160,69696,2,11,12
131,132,24,1536,480,68160,69696,2,11,12
102,110,20,1280,400,56800,58080,2,11,10
102,110,20,1280,400,56800,58080,2,11,10
102,110,20,1280,400,56800,58080,2,11,10
102,110,20,1280,400,56800,58080,2,11,10
102,110,20,1280,400,56800,58080,2,11,10
102,110,20,1280,400,56800,58080,2,11,10
0,0,0,0,0,0,0,2,11,0
0,0,0,0,0,0,0,2,11,0
0,0,0,0,0,0,0,2,11,0
0,0,0,0,0,0,0,2,11,0
0,0,0,0,0,0,0,2,11,0
0,0,0,0,0,0,0,2,11,0
0,0,0,0,0,0,0,2,11,0
0,0,0,0,0,0,0,2,11,0
0,0,0,0,0,0,0,2,11,0
0,0,0,0,0,0,0,2,11,0
0,0,0,0,0,0,0,2,11,0
0,0,0,0,0,0,0,2,11,0
0,0,0,0,0,0,0,2,11,0
0,0,0,0,0,0,0,2,11,0
0,0,0,0,0,0,0,2,11,0
0,0,0,0,0,0,0,2,11,0
0,0,0,0,0,0,0,2,11,0
0,0,0,0,0,0,0,2,11,0
0,0,0,0,0,0,0,2,11,0
0,0,0,0,0,0,0,2,11,0
0,0,0,0,0,0,0,2,11,0
0,0,0,0,0,0,0,2,11,0
0,0,0,0,0,0,0,2,11,0
0,0,0,0,0,0,0,2,11,0
0,0,0,0,0,0,0,2,11,0
0,0,0,0,0,0,0,2,11,0
0,0,0,0,0,0,0,2,11,0
0,0,0,0,0,0,0,2,11,0
0,0,0,0,0,0,0,2,11,0
0,0,0,0,0,0,0,2,11,0
0,0,0,0,0,0,0,2,11,0
0,0,0,0,0,0,0,2,11,0
0,0,0,0,0,0,0,2,11,0
0,0,0,0,0,0,0,2,11,0
0,0,0,0,0,0,0,2,11,0
0,0,0,0,0,0,0,2,11,0
0,0,0,0,0,0,0,2,11,0
0,0,0,0,0,0,0,2,11,0
0,0,0,0,0,0,0,2,11,0
0,0,0,0,0,0,0,2,11,0
0,0,0,0,0,0,0,2,11,0
0,0,0,0,0,0,0,2,11,0
0,0,0,0,0,0,0,2,11,0
0,0,0,0,0,0,0,2,11,0
0,0,0,0,0,0,0,2,11,0
0,0,0,0,0,0,0,2,11,0
0,0,0,0,0,0,0,2,11,0
0,0,0,0,0,0,0,2,11,0
0,0,0,0,0,0,0,2,11,0
0,0,0,0,0,0,0,2,11,0
0,0,0,0,0,0,0,2,11,0
0,0,0,0,0,0,0,2,11,0
0,0,0,0,0,0,0,2,11,0
0,0,0,0,0,0,0,2,11,0
0,0,0,0,0,0,0,2,11,0
0,0,0,0,0,0,0,2,11,0
0,0,0,0,0,0,0,2,11,0
0,0,0,0,0,0,0,2,11,0
0,0,0,0,0,0,0,2,11,0
0,0,0,0,0,0,0,2,11,0
14,22,4,256,80,11360,11616,2,11,2
14,22,4,256,80,11360,11616,2,11,2
14,22,4,256,80,11360,11616,2,11,2
14,22,4,256,80,11360,11616,2,11,2
14,22,4,256,80,11360,11616,2,11,2
14,22,4,256,80,11360,11616,2,11,2
0,0,0,0,0,0,0,2,11,0
0,0,0,0,0,0,0,2,11,0
0,0,0,0,0,0,0,2,11,0
0,0,0,0,0,0,0,2,11,0
0,0,0,0,0,0,0,2,11,0
0,0,0,0,0,0,0,2,11,0
0,0,0,0,0,0,0,2,11,0
0,0,0,0,0,0,0,2,11,0
0,0,0,0,0,0,0,2,11,0
0,0,0,0,0,0,0,2,11,0
0,0,0,0,0,0,0,2,11,0
0,0,0,0,0,0,0,2,11,0
14,22,4,256,80,11360,11616,2,11,2
14,22,4,256,80,11360,11616,2,11,2
14,22,4,256,80,11360,11616,2,11,2
14,22,4,256,80,11360,11616,2,11,2
14,22,4,256,80,11360,11616,2,11,2
14,22,4,256,80,11360,11616,2,11,2
29,33,6,384,120,17040,17424,2,11,3
29,33,6,384,120,17040,17424,2,11,3
29,33,6,384,120,17040,17424,2,11,3
29,33,6,384,120,17040,17424,2,11,3
29,33,6,384,120,17040,17424,2,11,3
29,33,6,384,120,17040,17424,2,11,3
14,22,4,256,80,11360,11616,2,11,2
14,22,4,256,80,11360,11616,2,11,2
14,22,4,256,80,11360,11616,2,11,2
14,22,4,256,80,11360,11616,2,11,2
14,22,4,256,80,11360,11616,2,11,2
14,22,4,256,80,11360,11616,2,11,2
73,77,14,896,280,39760,40656,2,11,7
73,77,14,896,280,39760,40656,2,11,7
73,77,14,896,280,39760,40656,2,11,7
73,77,14,896,280,39760,40656,2,11,7
73,77,14,896,280,39760,40656,2,11,7
73,77,14,896,280,39760,40656,2,11,7
58,66,12,768,240,34080,34848,2,11,6
58,66,12,768,240,34080,34848,2,11,6
58,66,12,768,240,34080,34848,2,11,6
58,66,12,768,240,34080,34848,2,11,6
58,66,12,768,240,34080,34848,2,11,6
58,66,12,768,240,34080,34848,2,11,6
0,0,0,0,0,0,0,2,11,0
0,0,0,0,0,0,0,2,11,0
0,0,0,0,0,0,0,2,11,0
0,0,0,0,0,0,0,2,11,0
0,0,0,0,0,0,0,2,11,0
0,0,0,0,0,0,0,2,11,0
14,22,4,256,80,11360,11616,2,11,2
14,22,4,256,80,11360,11616,2,11,2
14,22,4,256,80,11360,11616,2,11,2
14,22,4,256,80,11360,11616,2,11,2
14,22,4,256,80,11360,11616,2,11,2
14,22,4,256,80,11360,11616,2,11,2
7,11,2,128,40,5680,5808,2,11,1
7,11,2,128,40,5680,5808,2,11,1
7,11,2,128,40,5680,5808,2,11,1
7,11,2,128,40,5680,5808,2,11,1
7,11,2,128,40,5680,5808,2,11,1
7,11,2,128,40,5680,5808,2,11,1
14,22,4,256,80,11360,11616,2,11,2
14,22,4,256,80,11360,11616,2,11,2
14,22,4,256,80,11360,11616,2,11,2
14,22,4,256,80,11360,11616,2,11,2
14,22,4,256,80,11360,11616,2,11,2
14,22,4,256,80,11360,11616,2,11,2
14,22,4,256,80,11360,11616,2,11,2
14,22,4,256,80,11360,11616,2,11,2
14,22,4,256,80,11360,11616,2,11,2
14,22,4,256,80,11360,11616,2,11,2
14,22,4,256,80,11360,11616,2,11,2
14,22,4,256,80,11360,11616,2,11,2
43,44,8,512,160,22720,23232,2,11,4
43,44,8,512,160,22720,23232,2,11,4
43,44,8,512,160,22720,23232,2,11,4
43,44,8,512,160,22720,23232,2,11,4
43,44,8,512,160,22720,23232,2,11,4
43,44,8,512,160,22720,23232,2,11,4
0,0,0,0,0,0,0,2,11,0
0,0,0,0,0,0,0,2,11,0
0,0,0,0,0,0,0,2,11,0
0,0,0,0,0,0,0,2,11,0
0,0,0,0,0,0,0,2,11,0
0,0,0,0,0,0,0,2,11,0
14,22,4,256,80,11360,11616,2,11,2
14,22,4,256,80,11360,11616,2,11,2
14,22,4,256,80,11360,11616,2,11,2
14,22,4,256,80,11360,11616,2,11,2
14,22,4,256,80,11360,11616,2,11,2
14,22,4,256,80,11360,11616,2,11,2
0,0,0,0,0,0,0,2,11,0
0,0,0,0,0,0,0,2,11,0
0,0,0,0,0,0,0,2,11,0
0,0,0,0,0,0,0,2,11,0
0,0,0,0,0,0,0,2,11,0
0,0,0,0,0,0,0,2,11,0
0,0,0,0,0,0,0,2,11,0
0,0,0,0,0,0,0,2,11,0
0,0,0,0,0,0,0,2,11,0
0,0,0,0,0,0,0,2,11,0
0,0,0,0,0,0,0,2,11,0
0,0,0,0,0,0,0,2,11,0
0,0,0,0,0,0,0,2,11,0
0,0,0,0,0,0,0,2,11,0
0,0,0,0,0,0,0,2,11,0
0,0,0,0,0,0,0,2,11,0
0,0,0,0,0,0,0,2,11,0
0,0,0,0,0,0,0,2,11,0
7,11,2,128,40,5680,5808,2,11,1
7,11,2,128,40,5680,5808,2,11,1
7,11,2,128,40,5680,5808,2,11,1
7,11,2,128,40,5680,5808,2,11,1
7,11,2,128,40,5680,5808,2,11,1
7,11,2,128,40,5680,5808,2,11,1
73,77,14,896,280,39760,40656,2,11,7
73,77,14,896,280,39760,40656,2,11,7
73,77,14,896,280,39760,40656,2,11,7
73,77,14,896,280,39760,40656,2,11,7
73,77,14,896,280,39760,40656,2,11,7
73,77,14,896,280,39760,40656,2,11,7
43,44,8,512,160,22720,23232,2,11,4
43,44,8,512,160,22720,23232,2,11,4
43,44,8,512,160,22720,23232,2,11,4
43,44,8,512,160,22720,23232,2,11,4
43,44,8,512,160,22720,23232,2,11,4
43,44,8,512,160,22720,23232,2,11,4
29,33,6,384,120,17040,17424,2,11,3
29,33,6,384,120,17040,17424,2,11,3
29,33,6,384,120,17040,17424,2,11,3
29,33,6,384,120,17040,17424,2,11,3
29,33,6,384,120,17040,17424,2,11,3
29,33,6,384,120,17040,17424,2,11,3
43,44,8,512,160,22720,23232,2,11,4
43,44,8,512,160,22720,23232,2,11,4
43,44,8,512,160,22720,23232,2,11,4
43,44,8,512,160,22720,23232,2,11,4
43,44,8,512,160,22720,23232,2,11,4
43,44,8,512,160,22720,23232,2,11,4
36,44,8,512,200,28400,28912,2,11,4
36,44,8,512,200,28400,28912,2,11,4
36,44,8,512,200,28400,28912,2,11,4
36,44,8,512,200,28400,28912,2,11,4
36,44,8,512,200,28400,28912,2,11,4
36,44,8,512,200,28400,28912,2,11,4
14,22,4,256,100,14200,14456,2,11,2
14,22,4,256,100,14200,14456,2,11,2
14,22,4,256,100,14200,14456,2,11,2
14,22,4,256,100,14200,14456,2,11,2
14,22,4,256,100,14200,14456,2,11,2
14,22,4,256,100,14200,14456,2,11,2
0,0,0,0,0,0,0,2,11,0
0,0,0,0,0,0,0,2,11,0
0,0,0,0,0,0,0,2,11,0
0,0,0,0,0,0,0,2,11,0
0,0,0,0,0,0,0,2,11,0
0,0,0,0,0,0,0,2,11,0
0,0,0,0,0,0,0,2,11,0
0,0,0,0,0,0,0,2,11,0
0,0,0,0,0,0,0,2,11,0
0,0,0,0,0,0,0,2,11,0
0,0,0,0,0,0,0,2,11,0
0,0,0,0,0,0,0,2,11,0
7,11,2,128,50,7100,7228,2,11,1
7,11,2,128,50,7100,7228,2,11,1
7,11,2,128,50,7100,7228,2,11,1
7,11,2,128,50,7100,7228,2,11,1
7,11,2,128,50,7100,7228,2,11,1
7,11,2,128,50,7100,7228,2,11,1
0,0,0,0,0,0,0,2,11,0
0,0,0,0,0,0,0,2,11,0
0,0,0,0,0,0,0,2,11,0
0,0,0,0,0,0,0,2,11,0
0,0,0,0,0,0,0,2,11,0
0,0,0,0,0,0,0,2,11,0
0,0,0,0,0,0,0,2,11,0
0,0,0,0,0,0,0,2,11,0
0,0,0,0,0,0,0,2,11,0
0,0,0,0,0,0,0,2,11,0
0,0,0,0,0,0,0,2,11,0
0,0,0,0,0,0,0,2,11,0
0,0,0,0,0,0,0,2,11,0
0,0,0,0,0,0,0,2,11,0
0,0,0,0,0,0,0,2,11,0
0,0,0,0,0,0,0,2,11,0
0,0,0,0,0,0,0,2,11,0
0,0,0,0,0,0,0,2,11,0
0,0,0,0,0,0,0,2,11,0
0,0,0,0,0,0,0,2,11,0
0,0,0,0,0,0,0,2,11,0
0,0,0,0,0,0,0,2,11,0
0,0,0,0,0,0,0,2,11,0
0,0,0,0,0,0,0,2,11,0
14,22,4,256,100,14200,14456,2,11,2
14,22,4,256,100,14200,14456,2,11,2
14,22,4,256,100,14200,14456,2,11,2
14,22,4,256,100,14200,14456,2,11,2
14,22,4,256,100,14200,14456,2,11,2
14,22,4,256,100,14200,14456,2,11,2
7,11,2,128,50,7100,7228,2,11,1
7,11,2,128,50,7100,7228,2,11,1
7,11,2,128,50,7100,7228,2,11,1
7,11,2,128,50,7100,7228,2,11,1
7,11,2,128,50,7100,7228,2,11,1
7,11,2,128,50,7100,7228,2,11,1
0,0,0,0,0,0,0,2,11,0
0,0,0,0,0,0,0,2,11,0
0,0,0,0,0,0,0,2,11,0
0,0,0,0,0,0,0,2,11,0
0,0,0,0,0,0,0,2,11,0
0,0,0,0,0,0,0,2,11,0
14,22,4,256,100,14200,14456,2,11,2
14,22,4,256,100,14200,14456,2,11,2
14,22,4,256,100,14200,14456,2,11,2
14,22,4,256,100,14200,14456,2,11,2
14,22,4,256,100,14200,14456,2,11,2
14,22,4,256,100,14200,14456,2,11,2
0,0,0,0,0,0,0,2,11,0
0,0,0,0,0,0,0,2,11,0
0,0,0,0,0,0,0,2,11,0
0,0,0,0,0,0,0,2,11,0
0,0,0,0,0,0,0,2,11,0
0,0,0,0,0,0,0,2,11,0
0,0,0,0,0,0,0,2,11,0
0,0,0,0,0,0,0,2,11,0
0,0,0,0,0,0,0,2,11,0
0,0,0,0,0,0,0,2,11,0
0,0,0,0,0,0,0,2,11,0
0,0,0,0,0,0,0,2,11,0
0,0,0,0,0,0,0,2,11,0
0,0,0,0,0,0,0,2,11,0
0,0,0,0,0,0,0,2,11,0
0,0,0,0,0,0,0,2,11,0
0,0,0,0,0,0,0,2,11,0
0,0,0,0,0,0,0,2,11,0
0,0,0,0,0,0,0,2,11,0
0,0,0,0,0,0,0,2,11,0
0,0,0,0,0,0,0,2,11,0
0,0,0,0,0,0,0,2,11,0
0,0,0,0,0,0,0,2,11,0
0,0,0,0,0,0,0,2,11,0
0,0,0,0,0,0,0,2,11,0
0,0,0,0,0,0,0,2,11,0
0,0,0,0,0,0,0,2,11,0
0,0,0,0,0,0,0,2,11,0
0,0,0,0,0,0,0,2,11,0
0,0,0,0,0,0,0,2,11,0
0,0,0,0,0,0,0,2,11,0
0,0,0,0,0,0,0,2,11,0
0,0,0,0,0,0,0,2,11,0
0,0,0,0,0,0,0,2,11,0
0,0,0,0,0,0,0,2,11,0
0,0,0,0,0,0,0,2,11,0
36,44,8,512,200,28400,28912,2,11,4
36,44,8,512,200,28400,28912,2,11,4
36,44,8,512,200,28400,28912,2,11,4
36,44,8,512,200,28400,28912,2,11,4
36,44,8,512,200,28400,28912,2,11,4
36,44,8,512,200,28400,28912,2,11,4
14,22,4,256,100,14200,14456,2,11,2
14,22,4,256,100,14200,14456,2,11,2
14,22,4,256,100,14200,14456,2,11,2
14,22,4,256,100,14200,14456,2,11,2
14,22,4,256,100,14200,14456,2,11,2
14,22,4,256,100,14200,14456,2,11,2
14,22,4,256,100,14200,14456,2,11,2
14,22,4,256,100,14200,14456,2,11,2
14,22,4,256,100,14200,14456,2,11,2
14,22,4,256,100,14200,14456,2,11,2
14,22,4,256,100,14200,14456,2,11,2
14,22,4,256,100,14200,14456,2,11,2
43,44,8,512,200,28400,28912,2,11,4
43,44,8,512,200,28400,28912,2,11,4
43,44,8,512,200,28400,28912,2,11,4
43,44,8,512,200,28400,28912,2,11,4
43,44,8,512,200,28400,28912,2,11,4
43,44,8,512,200,28400,28912,2,11,4
29,33,6,384,150,21300,21684,2,11,3
29,33,6,384,150,21300,21684,2,11,3
29,33,6,384,150,21300,21684,2,11,3
29,33,6,384,150,21300,21684,2,11,3
29,33,6,384,150,21300,21684,2,11,3
29,33,6,384,150,21300,21684,2,11,3
58,66,12,768,300,42600,43368,2,11,6
58,66,12,768,300,42600,43368,2,11,6
58,66,12,768,300,42600,43368,2,11,6
58,66,12,768,300,42600,43368,2,11,6
58,66,12,768,300,42600,43368,2,11,6
58,66,12,768,300,42600,43368,2,11,6
21,22,4,256,100,14200,14456,2,11,2
21,22,4,256,100,14200,14456,2,11,2
21,22,4,256,100,14200,14456,2,11,2
21,22,4,256,100,14200,14456,2,11,2
21,22,4,256,100,14200,14456,2,11,2
21,22,4,256,100,14200,14456,2,11,2
65,66,12,768,300,42600,43368,2,11,6
65,66,12,768,300,42600,43368,2,11,6
65,66,12,768,300,42600,43368,2,11,6
65,66,12,768,300,42600,43368,2,11,6
65,66,12,768,300,42600,43368,2,11,6
65,66,12,768,300,42600,43368,2,11,6
58,66,12,768,300,42600,43368,2,11,6
58,66,12,768,300,42600,43368,2,11,6
58,66,12,768,300,42600,43368,2,11,6
58,66,12,768,300,42600,43368,2,11,6
58,66,12,768,300,42600,43368,2,11,6
58,66,12,768,300,42600,43368,2,11,6
73,77,14,896,350,49700,50596,2,11,7
73,77,14,896,350,49700,50596,2,11,7
73,77,14,896,350,49700,50596,2,11,7
73,77,14,896,350,49700,50596,2,11,7
73,77,14,896,350,49700,50596,2,11,7
73,77,14,896,350,49700,50596,2,11,7
36,44,8,512,200,28400,28912,2,11,4
36,44,8,512,200,28400,28912,2,11,4
36,44,8,512,200,28400,28912,2,11,4
36,44,8,512,200,28400,28912,2,11,4
36,44,8,512,200,28400,28912,2,11,4
36,44,8,512,200,28400,28912,2,11,4
